﻿baaName,baaKind,baaDateApproved,baaDateValidFrom,baaDateValidTo,baaFactPageUrl,baaFactMapUrl,baaNpdidBsnsArrArea,baaDateUpdated,baaDateUpdatedMax,dateSyncNPD
BLANE UNIT,UNITIZED,01.07.2005,01.07.2005,,http://factpages.npd.no/FactPages/default.aspx?nav1=bsns_arr_area&nav2=PageView|All&nav3=3437667,http://www.npd.no/FactMapSearch?NPDID_business_area=3437667,3437667,,,08.05.2013
BRAGE UNIT,UNITIZED,27.12.1993,27.12.1993,,http://factpages.npd.no/FactPages/default.aspx?nav1=bsns_arr_area&nav2=PageView|All&nav3=40432,http://www.npd.no/FactMapSearch?NPDID_business_area=40432,40432,,20.02.2013,08.05.2013
ENOCH UNIT,UNITIZED,01.07.2005,01.07.2005,,http://factpages.npd.no/FactPages/default.aspx?nav1=bsns_arr_area&nav2=PageView|All&nav3=3437805,http://www.npd.no/FactMapSearch?NPDID_business_area=3437805,3437805,,15.09.2012,08.05.2013
FRIGG UNIT,UNITIZED,12.12.1977,12.12.1977,,http://factpages.npd.no/FactPages/default.aspx?nav1=bsns_arr_area&nav2=PageView|All&nav3=45634,http://www.npd.no/FactMapSearch?NPDID_business_area=45634,45634,,,08.05.2013
FRØY UNIT,UNITIZED,19.08.1992,19.08.1992,31.12.2002,http://factpages.npd.no/FactPages/default.aspx?nav1=bsns_arr_area&nav2=PageView|All&nav3=41175,,41175,,,08.05.2013
GIMLE UNIT,UNITIZED,16.10.2006,22.06.2006,,http://factpages.npd.no/FactPages/default.aspx?nav1=bsns_arr_area&nav2=PageView|All&nav3=4007192,http://www.npd.no/FactMapSearch?NPDID_business_area=4007192,4007192,,,08.05.2013
GRANE SLIDING SCALE,SLIDING SCALE,13.01.1995,01.01.1995,13.04.2000,http://factpages.npd.no/FactPages/default.aspx?nav1=bsns_arr_area&nav2=PageView|All&nav3=40885,,40885,,,08.05.2013
GRANE UNIT,UNITIZED,13.04.2000,13.04.2000,,http://factpages.npd.no/FactPages/default.aspx?nav1=bsns_arr_area&nav2=PageView|All&nav3=1031365,http://www.npd.no/FactMapSearch?NPDID_business_area=1031365,1031365,,,08.05.2013
HALTENBANKEN VEST UNIT,UNITIZED,18.12.2001,18.12.2001,,http://factpages.npd.no/FactPages/default.aspx?nav1=bsns_arr_area&nav2=PageView|All&nav3=1854695,http://www.npd.no/FactMapSearch?NPDID_business_area=1854695,1854695,,,08.05.2013
HEIDRUN UNIT,UNITIZED,13.12.1991,27.11.1991,,http://factpages.npd.no/FactPages/default.aspx?nav1=bsns_arr_area&nav2=PageView|All&nav3=40490,http://www.npd.no/FactMapSearch?NPDID_business_area=40490,40490,,,08.05.2013
HEIMDAL UNIT,PARCELL,11.04.1975,02.05.1975,12.10.2003,http://factpages.npd.no/FactPages/default.aspx?nav1=bsns_arr_area&nav2=PageView|All&nav3=41470,,41470,,,08.05.2013
HULDRA UNIT,UNITIZED,01.09.1998,05.12.1997,,http://factpages.npd.no/FactPages/default.aspx?nav1=bsns_arr_area&nav2=PageView|All&nav3=41189,http://www.npd.no/FactMapSearch?NPDID_business_area=41189,41189,,,08.05.2013
JETTE UNIT,UNITIZED,27.02.2012,05.01.2012,,http://factpages.npd.no/FactPages/default.aspx?nav1=bsns_arr_area&nav2=PageView|All&nav3=21077388,http://www.npd.no/FactMapSearch?NPDID_business_area=21077388,21077388,,13.11.2012,08.05.2013
JOTUN UNIT,UNITIZED,23.12.1997,01.01.1998,,http://factpages.npd.no/FactPages/default.aspx?nav1=bsns_arr_area&nav2=PageView|All&nav3=40655,http://www.npd.no/FactMapSearch?NPDID_business_area=40655,40655,,,08.05.2013
MARTIN LINGE UNIT,UNITIZED,19.12.2005,07.09.2005,,http://factpages.npd.no/FactPages/default.aspx?nav1=bsns_arr_area&nav2=PageView|All&nav3=3812119,http://www.npd.no/FactMapSearch?NPDID_business_area=3812119,3812119,15.06.2012,15.06.2012,08.05.2013
MIKKEL UNIT,UNITIZED,06.06.2001,06.06.2001,,http://factpages.npd.no/FactPages/default.aspx?nav1=bsns_arr_area&nav2=PageView|All&nav3=1629477,http://www.npd.no/FactMapSearch?NPDID_business_area=1629477,1629477,,01.12.2012,08.05.2013
MURCHISON UNIT,UNITIZED,09.12.1980,01.04.1979,,http://factpages.npd.no/FactPages/default.aspx?nav1=bsns_arr_area&nav2=PageView|All&nav3=42302,http://www.npd.no/FactMapSearch?NPDID_business_area=42302,42302,,,08.05.2013
NJORD UNIT,UNITIZED,27.03.1995,23.02.1995,,http://factpages.npd.no/FactPages/default.aspx?nav1=bsns_arr_area&nav2=PageView|All&nav3=40585,http://www.npd.no/FactMapSearch?NPDID_business_area=40585,40585,,,08.05.2013
NORDØST FRIGG UNIT,UNITIZED,25.11.1980,01.07.1980,31.12.1995,http://factpages.npd.no/FactPages/default.aspx?nav1=bsns_arr_area&nav2=PageView|All&nav3=42225,,42225,,,08.05.2013
NORNE INSIDE,SLIDING SCALE,09.03.1995,09.03.1995,,http://factpages.npd.no/FactPages/default.aspx?nav1=bsns_arr_area&nav2=PageView|All&nav3=40672,http://www.npd.no/FactMapSearch?NPDID_business_area=40672,40672,,,08.05.2013
ORMEN LANGE UNIT,UNITIZED,02.04.2004,03.12.2003,,http://factpages.npd.no/FactPages/default.aspx?nav1=bsns_arr_area&nav2=PageView|All&nav3=2588637,http://www.npd.no/FactMapSearch?NPDID_business_area=2588637,2588637,,,08.05.2013
OSEBERG AREA UNIT,UNITIZED,14.09.2004,16.06.2004,,http://factpages.npd.no/FactPages/default.aspx?nav1=bsns_arr_area&nav2=PageView|All&nav3=3500071,http://www.npd.no/FactMapSearch?NPDID_business_area=3500071,3500071,,06.12.2012,08.05.2013
OSEBERG SØR UNIT,UNITIZED,30.06.1997,20.12.1996,16.06.2004,http://factpages.npd.no/FactPages/default.aspx?nav1=bsns_arr_area&nav2=PageView|All&nav3=40638,,40638,,,08.05.2013
OSEBERG UNIT,UNITIZED,10.08.1987,28.03.1985,16.06.2004,http://factpages.npd.no/FactPages/default.aspx?nav1=bsns_arr_area&nav2=PageView|All&nav3=41040,,41040,,,08.05.2013
RINGHORNE ØST UNIT,UNITIZED,25.11.2005,17.11.2005,,http://factpages.npd.no/FactPages/default.aspx?nav1=bsns_arr_area&nav2=PageView|All&nav3=3505593,http://www.npd.no/FactMapSearch?NPDID_business_area=3505593,3505593,,,08.05.2013
SA-A,SEISMIC AREA,30.05.1997,30.05.1997,30.04.2002,http://factpages.npd.no/FactPages/default.aspx?nav1=bsns_arr_area&nav2=PageView|All&nav3=1630961,,1630961,,,08.05.2013
SA-C,SEISMIC AREA,30.05.1997,30.05.1997,30.05.2010,http://factpages.npd.no/FactPages/default.aspx?nav1=bsns_arr_area&nav2=PageView|All&nav3=1631138,,1631138,,,08.05.2013
SA-F,SEISMIC AREA,30.05.1997,30.05.1997,10.09.2008,http://factpages.npd.no/FactPages/default.aspx?nav1=bsns_arr_area&nav2=PageView|All&nav3=1631341,,1631341,,,08.05.2013
SA-G,SEISMIC AREA,30.05.1997,30.05.1997,15.05.2007,http://factpages.npd.no/FactPages/default.aspx?nav1=bsns_arr_area&nav2=PageView|All&nav3=1631599,,1631599,,,08.05.2013
SA-SB,SEISMIC AREA,27.04.2001,27.04.2001,22.12.2006,http://factpages.npd.no/FactPages/default.aspx?nav1=bsns_arr_area&nav2=PageView|All&nav3=1631767,,1631767,,,08.05.2013
SKARV UNIT,UNITIZED,20.12.2007,28.06.2007,,http://factpages.npd.no/FactPages/default.aspx?nav1=bsns_arr_area&nav2=PageView|All&nav3=4468539,http://www.npd.no/FactMapSearch?NPDID_business_area=4468539,4468539,,,08.05.2013
SLEIPNER VEST UNIT,UNITIZED,20.01.1994,01.07.1994,,http://factpages.npd.no/FactPages/default.aspx?nav1=bsns_arr_area&nav2=PageView|All&nav3=40848,http://www.npd.no/FactMapSearch?NPDID_business_area=40848,40848,,,08.05.2013
SLEIPNER ØST UNIT,PARCELL,23.12.1992,15.01.1993,,http://factpages.npd.no/FactPages/default.aspx?nav1=bsns_arr_area&nav2=PageView|All&nav3=41211,http://www.npd.no/FactMapSearch?NPDID_business_area=41211,41211,,,08.05.2013
SNORRE UNIT,UNITIZED,30.05.1988,11.05.1988,,http://factpages.npd.no/FactPages/default.aspx?nav1=bsns_arr_area&nav2=PageView|All&nav3=40906,http://www.npd.no/FactMapSearch?NPDID_business_area=40906,40906,,06.12.2012,08.05.2013
SNØHVIT UNIT,UNITIZED,21.07.2000,21.07.2000,,http://factpages.npd.no/FactPages/default.aspx?nav1=bsns_arr_area&nav2=PageView|All&nav3=1333943,http://www.npd.no/FactMapSearch?NPDID_business_area=1333943,1333943,,,08.05.2013
STATFJORD UNIT,UNITIZED,09.12.1980,01.06.1979,,http://factpages.npd.no/FactPages/default.aspx?nav1=bsns_arr_area&nav2=PageView|All&nav3=41686,http://www.npd.no/FactMapSearch?NPDID_business_area=41686,41686,,,08.05.2013
STATFJORD ØST UNIT,UNITIZED,19.11.1991,26.06.1991,,http://factpages.npd.no/FactPages/default.aspx?nav1=bsns_arr_area&nav2=PageView|All&nav3=41233,http://www.npd.no/FactMapSearch?NPDID_business_area=41233,41233,,06.12.2012,08.05.2013
SYGNA UNIT,UNITIZED,05.07.1999,16.12.1998,,http://factpages.npd.no/FactPages/default.aspx?nav1=bsns_arr_area&nav2=PageView|All&nav3=96205,http://www.npd.no/FactMapSearch?NPDID_business_area=96205,96205,,06.12.2012,08.05.2013
TAMBAR ØST UNIT,UNITIZED,04.02.2009,01.01.2006,,http://factpages.npd.no/FactPages/default.aspx?nav1=bsns_arr_area&nav2=PageView|All&nav3=4999504,http://www.npd.no/FactMapSearch?NPDID_business_area=4999504,4999504,,,08.05.2013
TOMMELITEN UNIT,PARCELL,12.06.1986,12.06.1986,,http://factpages.npd.no/FactPages/default.aspx?nav1=bsns_arr_area&nav2=PageView|All&nav3=41411,http://www.npd.no/FactMapSearch?NPDID_business_area=41411,41411,,,08.05.2013
TOR UNIT,UNITIZED,01.01.1976,10.12.1975,,http://factpages.npd.no/FactPages/default.aspx?nav1=bsns_arr_area&nav2=PageView|All&nav3=45891,http://www.npd.no/FactMapSearch?NPDID_business_area=45891,45891,,,08.05.2013
TROLL UNIT,UNITIZED,24.12.1986,01.01.1987,,http://factpages.npd.no/FactPages/default.aspx?nav1=bsns_arr_area&nav2=PageView|All&nav3=41105,http://www.npd.no/FactMapSearch?NPDID_business_area=41105,41105,,,08.05.2013
TYRIHANS UNIT,UNITIZED,20.02.2006,23.06.2005,,http://factpages.npd.no/FactPages/default.aspx?nav1=bsns_arr_area&nav2=PageView|All&nav3=3488806,http://www.npd.no/FactMapSearch?NPDID_business_area=3488806,3488806,,08.06.2012,08.05.2013
VALEMON UNIT,UNITIZED,23.06.2011,27.09.2010,,http://factpages.npd.no/FactPages/default.aspx?nav1=bsns_arr_area&nav2=PageView|All&nav3=18403644,http://www.npd.no/FactMapSearch?NPDID_business_area=18403644,18403644,,,08.05.2013
VALHALL UNIT,UNITIZED,01.01.1983,28.09.1982,,http://factpages.npd.no/FactPages/default.aspx?nav1=bsns_arr_area&nav2=PageView|All&nav3=41657,http://www.npd.no/FactMapSearch?NPDID_business_area=41657,41657,,,08.05.2013
VEGA UNIT,UNITIZED,16.06.2011,01.03.2011,,http://factpages.npd.no/FactPages/default.aspx?nav1=bsns_arr_area&nav2=PageView|All&nav3=20459640,http://www.npd.no/FactMapSearch?NPDID_business_area=20459640,20459640,,,08.05.2013
VISUND INSIDE,SLIDING SCALE,19.12.1994,01.01.1995,,http://factpages.npd.no/FactPages/default.aspx?nav1=bsns_arr_area&nav2=PageView|All&nav3=40726,http://www.npd.no/FactMapSearch?NPDID_business_area=40726,40726,,,08.05.2013
ØST FRIGG UNIT,UNITIZED,24.09.1987,01.12.1987,31.12.2000,http://factpages.npd.no/FactPages/default.aspx?nav1=bsns_arr_area&nav2=PageView|All&nav3=41313,,41313,,,08.05.2013
ÅSGARD UNIT,UNITIZED,10.04.1995,01.01.1995,,http://factpages.npd.no/FactPages/default.aspx?nav1=bsns_arr_area&nav2=PageView|All&nav3=40564,http://www.npd.no/FactMapSearch?NPDID_business_area=40564,40564,,,08.05.2013

