﻿baaName,cmpLongName,baaNpdidBsnsArrArea,cmpNpdidCompany,baaOperatorDateUpdated,datesyncNPD
BLANE UNIT,Talisman Energy Norge AS,3437667,2425093,,08.05.2013
BRAGE UNIT,Statoil Petroleum AS,40432,17237817,,08.05.2013
ENOCH UNIT,Talisman North Sea Limited,3437805,4462398,,08.05.2013
FRIGG UNIT,Total E&P Norge AS,45634,2410708,,08.05.2013
GIMLE UNIT,Statoil Petroleum AS,4007192,17237817,,08.05.2013
GRANE UNIT,Statoil Petroleum AS,1031365,17237817,,08.05.2013
HALTENBANKEN VEST UNIT,Statoil Petroleum AS,1854695,17237817,,08.05.2013
HEIDRUN UNIT,Statoil Petroleum AS,40490,17237817,,08.05.2013
HULDRA UNIT,Statoil Petroleum AS,41189,17237817,,08.05.2013
JETTE UNIT,Det norske oljeselskap ASA,21077388,17342870,,08.05.2013
JOTUN UNIT,ExxonMobil Exploration & Production Norway AS,40655,2835212,,08.05.2013
MARTIN LINGE UNIT,Total E&P Norge AS,3812119,2410708,,08.05.2013
MIKKEL UNIT,Statoil Petroleum AS,1629477,17237817,,08.05.2013
MURCHISON UNIT,CNR International (UK) Limited,42302,2385943,,08.05.2013
NJORD UNIT,Statoil Petroleum AS,40585,17237817,,08.05.2013
NORNE INSIDE,Statoil Petroleum AS,40672,17237817,,08.05.2013
ORMEN LANGE UNIT,A/S Norske Shell,2588637,562,,08.05.2013
OSEBERG AREA UNIT,Statoil Petroleum AS,3500071,17237817,,08.05.2013
RINGHORNE ØST UNIT,ExxonMobil Exploration & Production Norway AS,3505593,2835212,,08.05.2013
SKARV UNIT,BP Norge AS,4468539,2052695,,08.05.2013
SLEIPNER VEST UNIT,Statoil Petroleum AS,40848,17237817,,08.05.2013
SLEIPNER ØST UNIT,Statoil Petroleum AS,41211,17237817,,08.05.2013
SNORRE UNIT,Statoil Petroleum AS,40906,17237817,,08.05.2013
SNØHVIT UNIT,Statoil Petroleum AS,1333943,17237817,,08.05.2013
STATFJORD UNIT,Statoil Petroleum AS,41686,17237817,,08.05.2013
STATFJORD ØST UNIT,Statoil Petroleum AS,41233,17237817,,08.05.2013
SYGNA UNIT,Statoil Petroleum AS,96205,17237817,,08.05.2013
TAMBAR ØST UNIT,BP Norge AS,4999504,2052695,,08.05.2013
TOMMELITEN UNIT,ConocoPhillips Skandinavia AS,41411,2410696,,08.05.2013
TOR UNIT,ConocoPhillips Skandinavia AS,45891,2410696,,08.05.2013
TROLL UNIT,Statoil Petroleum AS,41105,17237817,,08.05.2013
TYRIHANS UNIT,Statoil Petroleum AS,3488806,17237817,,08.05.2013
VALEMON UNIT,Statoil Petroleum AS,18403644,17237817,,08.05.2013
VALHALL UNIT,BP Norge AS,41657,2052695,,08.05.2013
VEGA UNIT,Statoil Petroleum AS,20459640,17237817,,08.05.2013
VISUND INSIDE,Statoil Petroleum AS,40726,17237817,,08.05.2013
ÅSGARD UNIT,Statoil Petroleum AS,40564,17237817,,08.05.2013

