﻿cmpLongName,cmpOrgNumberBrReg,cmpGroup,cmpShortName,cmpNpdidCompany,cmpLicenceOperCurrent,cmpLicenceOperFormer,cmpLicenceLicenseeCurrent,cmpLicenceLicenseeFormer,dateSyncNPD
4Sea Energy AS,891083092 ,NA,4SEA ENERGY AS,4504118,N,N,N,Y,08.05.2013
A/S Norske Shell,914807077 ,NA,SHELL NORGE,562,Y,Y,Y,Y,08.05.2013
ACECA Limited, ,NA,GEOLOGICA UK,2748537,N,N,N,N,08.05.2013
Acergy M.S. Limited, ,NA,ACERGY M S LIMITED,4394060,N,N,N,N,08.05.2013
Acorn Oil & Gas Limited, ,NA,ACORN OIL,2455861,N,N,N,N,08.05.2013
Acre Oil Ltd, ,NA,ACRE,3499776,N,N,N,N,08.05.2013
Agora Oil & Gas AS,994434403 ,NA,AGORA OIL & GAS,18386322,N,N,N,Y,08.05.2013
Aker Drilling ASA,982000564 ,NA,AKER DRILLING ASA,5107894,N,N,N,N,08.05.2013
Aker Energy AS,980485625 ,NA,AKER ENERGY,1624465,N,N,N,Y,08.05.2013
Aker Exploration AS,989563343 ,NA,AKER EXPLORATION AS,4460425,N,Y,N,Y,08.05.2013
Aker Exploration ASA,989795848 ,NA,AKER EXPLORATION ASA,4062981,N,N,N,N,08.05.2013
Aker Geo ASA,975898679 ,NA,AKER GEO,1030386,N,N,N,N,08.05.2013
Aker Geo Seismic AS,980059839 ,NA,AKER GEO SEISMIC,1030397,N,N,N,N,08.05.2013
Aker Maritime ASA,959942013 ,NA,AKER MARITIME,1340895,N,N,N,N,08.05.2013
ALFRED WEGENER INSTITUT FUR POLAR UND MEERESFORSHNUG, ,NA,AWI,2670,N,N,N,N,08.05.2013
Altinex Oil AS,987008644 ,NA,ALTINEX OIL,2835200,N,N,N,Y,08.05.2013
Altinex Oil Norway AS,987008644 ,NA,ALTINEX OIL NORWAY  ,4446230,N,N,N,Y,08.05.2013
Amarok A.S, ,NA,AMAROK AS,21333519,N,N,N,N,08.05.2013
Amax Petroleum Norge  A/S, ,NA,AMAX NORGE,56,N,N,N,Y,08.05.2013
Amerada Hess Norge AS,930459321 ,NA,AMERADA,67,N,Y,N,Y,08.05.2013
Amoco Norway AS,923254080 ,NA,AMOCO N,89,N,Y,N,Y,08.05.2013
Amoco Norway Oil Company,927533081 ,NA,AMOCO,78,N,Y,N,Y,08.05.2013
Amoseas, ,NA,AMOSEAS,100,N,Y,N,N,08.05.2013
Applied Petroleum Technology AS, ,NA,APT  ,1035863,N,N,N,N,08.05.2013
Aquitaine Norge A/S, ,NA,AQUITAINE,111,N,N,N,Y,08.05.2013
Aquitaine UK, ,NA,AQUITAINE UK,45674,N,N,N,N,08.05.2013
Aran Energy Exploration Ltd, ,NA,ARAN ENERGY,3499798,N,N,N,N,08.05.2013
Arcade Drilling A/S,958933487 ,NA,ARCADE DRILLING,2399869,N,N,N,N,08.05.2013
Arco Norge A/S, ,NA,ARCO,122,N,N,N,Y,08.05.2013
Arethusa (Off-Shore) Ltd., ,NA,ARETHUSA  ,2783026,N,N,N,N,08.05.2013
Artic Morneste Gas Ras Vedka, ,NA,ARTIC,2359225,N,N,N,N,08.05.2013
AS Brøvigtank,930328537 ,NA,BRØVIGTANK,2786190,N,N,N,N,08.05.2013
AS Geoconsult,923142312 ,NA,GEOCONSULT,1342045,N,N,N,N,08.05.2013
AS Uglands Rederi,922495858 ,NA,UGLANDS REDERI,40103,N,N,N,Y,08.05.2013
Atlantic Petroleum Norge AS,996460088 ,NA,ATLANTIC PETROLEUM NORGE,22513163,N,N,Y,N,08.05.2013
Auxirap Norge A/S, ,NA,AUXIRAP,133,N,N,N,Y,08.05.2013
Awilco AS,930728209 ,NA,AWILCO AS,3471807,N,N,N,N,08.05.2013
Baltic AS,879207142 ,NA,BALTIC AS,2786204,N,N,N,N,08.05.2013
Bayerngas Norge AS,989490168 ,NA,BAYERNGAS NORGE,4444493,Y,N,Y,Y,08.05.2013
Bayerngas Produksjon Norge AS,987469781 ,NA,BAYERNGAS PRODUKSJON NORGE,5461974,N,N,N,Y,08.05.2013
BEDFORD INTERACTIVE PROCESSING SERVICES LTD, ,NA,BIPS,41431,N,N,N,N,08.05.2013
Bergen Oilfield Services AS,987514957 ,NA,BERGEN OILFIELD SERVICES AS,4966174,N,N,N,N,08.05.2013
BG Energy Holdings Limited, ,NA,BG GROUP,2455889,N,N,N,N,08.05.2013
BG International Limited, ,NA,BG INTERNATIONAL,2490117,N,Y,N,Y,08.05.2013
BG Norge AS,986615806 ,NA,BG NORGE,2747354,Y,Y,Y,Y,08.05.2013
BG Norge Limited,986592288 ,NA,BG NORGE LIMITED,2845830,N,N,N,N,08.05.2013
Blandfor Shipping Co. LTD, ,NA,BLANDFOR,2359237,N,N,N,N,08.05.2013
Bow Valley Exploration Norge A/S, ,NA,BOW VALLEY,144,N,N,N,Y,08.05.2013
Bow Valley Petroleum (UK) Limited, ,NA,BOW VALLEY UK,3437741,N,N,N,N,08.05.2013
BP Amoco Norge AS,981355210 ,NA,BP AMOCO,982372,N,Y,N,Y,08.05.2013
BP Norge AS,981355210 ,NA,BP NORGE,2052695,Y,Y,Y,Y,08.05.2013
BP Norway Limited  U.A., ,NA,BP NORWAY LIMITED U.A.,3986518,N,N,N,N,08.05.2013
BP Petroleum Dev. of Norway AS,912118479 ,NA,BPAS,155,N,Y,N,Y,08.05.2013
BP Petroleum Development Ltd, ,NA,BP LTD,42067,N,N,N,N,08.05.2013
Bridge Energy AS,988682039 ,NA,BRIDGE ENERGY AS,4062933,N,Y,N,Y,08.05.2013
Bridge Energy Norge AS,988682039 ,NA,BRIDGE ENERGY NORGE AS,18178215,Y,Y,Y,Y,08.05.2013
British Gas, ,NA,BRITISH GAS,21333508,N,N,N,N,08.05.2013
BRITISH INSTITUTES REFLECTION PROFILING SYNDICATE, ,NA,BIRPS,2862,N,N,N,N,08.05.2013
BRITISH NATIONAL OIL CORPORATION, ,NA,BRITISH OIL,41719,N,N,N,N,08.05.2013
BRITOIL, ,NA,BNOC,2825,N,N,N,N,08.05.2013
Britoil Norge A/S,935040728 ,NA,BRITOIL NORGE,166,N,N,N,Y,08.05.2013
Britoil Public Limited Company,077750    ,NA,BRITOIL PUBLIC LIMITED,3988120,N,N,N,N,08.05.2013
Bruker Daltonik GmbH, ,NA,BRUKER DALTONIK ,5081918,N,N,N,N,08.05.2013
Brøvig Shipping AS,940380669 ,NA,BRØVIG SHIPPING,2455315,N,N,N,N,08.05.2013
BUNDESANSTALT FUR GEOWISSENSHAFTEN UND ROHSTOFFE, ,NA,BGR,2706,N,N,N,N,08.05.2013
Calecore Limited,998805406 ,NA,CALECORE LIMITED,23269050,N,N,N,N,08.05.2013
California Asiatic Oil co of Norway, ,NA,CALIFORNIA ASIATIC,177,N,N,N,Y,08.05.2013
Canamens Energy AS,989893890 ,NA,CANAMENS ENERGY,4504130,N,N,N,N,08.05.2013
Canyon Offshore Limited, ,NA,CANYON OFFSHORE ,23268480,N,N,N,N,08.05.2013
Cap Gemini Ernst & Young,943574537 ,NA,CGEY,2473177,N,N,N,N,08.05.2013
Capricorn Norge AS,994434403 ,NA,CAPRICORN NORGE AS,23297570,N,N,Y,N,08.05.2013
Centre National Pour L'Exploration Des Oceans, ,NA,CNEXO,21333563,N,N,N,N,08.05.2013
Centrica Energi,989726242 ,NA,CENTRICA ENERGY,4970694,N,N,N,N,08.05.2013
Centrica Resources (Norge) AS,990089655 ,NA,CENTRICA RESOURCES NORGE AS,4238233,Y,Y,Y,Y,08.05.2013
Centrica Resources Limited, ,NA,CENTRICA RESOURCES,3000873,N,N,N,N,08.05.2013
CEPM, ,NA,CEPM,21333641,N,N,N,N,08.05.2013
CGG NORGE A/S,939289925 ,NA,CGG NORGE,2527,N,N,N,N,08.05.2013
CGG Veritas Services (UK) Limited, ,NA,CGG VERITAS SERVICES (UK),102092,N,N,N,N,08.05.2013
CGG Veritas Services SA, ,NA,CGG VERITAS SERVICES SA,18085981,N,N,N,N,08.05.2013
CGGVeritas (Norway) AS,987264020 ,NA,CGGVERITAS SERVICES,4966961,N,N,N,N,08.05.2013
Chevron Norge AS,930322784 ,NA,CHEVRON NORGE,3488906,Y,Y,Y,Y,08.05.2013
Chevron North Sea Limited,01546623  ,NA,CHEVRON NORTH SEA,3988131,N,N,N,N,08.05.2013
Chevron Petroleum Company of Norway, ,NA,CHEVRON,188,N,N,N,Y,08.05.2013
Chevron Texaco Norge AS,930322784 ,NA,CHEVRONTEXACO,2154473,N,Y,N,Y,08.05.2013
Chevron Texaco UK Ltd., ,NA,CHEVRON TEXACO UK,2748096,N,N,N,N,08.05.2013
Chevron UK Ltd., ,NA,CHEVRON UK,42078,N,N,N,N,08.05.2013
China Offshore Oil Southern Drilling Company, ,NA,CHINA OFFSHORE,2449882,N,N,N,N,08.05.2013
CHIRON AS, ,NA,CHIRON AS,916376,N,N,N,N,08.05.2013
CNR International (Norway) AS,986597840 ,NA,CNR NORWAY,2845980,N,Y,N,Y,08.05.2013
CNR International (UK) Limited, ,NA,CNR,2385943,N,Y,N,Y,08.05.2013
Coe Metcalf Shipping LTD., ,NA,METCALF,2359249,N,N,N,N,08.05.2013
Cofranord A/S, ,NA,COFRANORD,199,N,N,N,Y,08.05.2013
Concedo ASA,988217867 ,NA,CONCEDO ASA,4460794,N,N,Y,Y,08.05.2013
CONOCO (UK) LTD, ,NA,CONOCO UK,42056,N,N,N,N,08.05.2013
Conoco North Sea Inc., ,NA,CONOCO NORTH,41730,N,N,N,N,08.05.2013
Conoco Norway Inc.,934527410 ,NA,CONOCO,210,N,Y,N,Y,08.05.2013
Conoco Petroleum Norge AS,918401423 ,NA,CONOCO PETROLEUM,232,N,N,N,Y,08.05.2013
ConocoPhillips (U.K.) Limited.,00524868  ,NA,CONOCOPHILLIPS UK,2748185,N,N,N,N,08.05.2013
ConocoPhillips (U.K.) Theta Limited, ,NA,CONOCOPHILLIPS THETA,2943991,N,N,N,N,08.05.2013
ConocoPhillips Norge,948138646 ,NA,CONOCOPHILLIPS NORGE,2144081,N,Y,N,Y,08.05.2013
ConocoPhillips Skandinavia AS,918110127 ,NA,CONOCOPHILLIPS SKANDINAVIA,2410696,Y,Y,Y,Y,08.05.2013
Continantal Geophysical, ,NA,CONTINENTAL,21333843,N,N,N,N,08.05.2013
Coparex Norge A/S, ,NA,COPAREX NORGE,243,N,N,N,Y,08.05.2013
Core Energy AS,995915995 ,NA,CORE ENERGY AS,20460080,N,N,Y,Y,08.05.2013
COSL Drilling Europe AS,987861894 ,NA,COSL DRILLING EUROPE ,5125369,N,N,N,N,08.05.2013
Dalmoneftegeofizika, ,NA,DMNG,21333865,N,N,N,N,08.05.2013
Dana Petroleum (BVUK) Limited,03337437  ,NA,DANA PETROLEUM GB,20415896,N,N,N,N,08.05.2013
Dana Petroleum (E & P) Limited, ,NA,DANA,3437824,N,N,N,N,08.05.2013
Dana Petroleum Norway AS,987863749 ,NA,DANA PETROLEUM NORWAY,4526555,Y,Y,Y,Y,08.05.2013
Dana Petroleum Norway ASA,987863749 ,NA,DANA PETROLEUM,4510514,N,N,N,Y,08.05.2013
Deminex Nord A/S,860008122 ,NA,DEMINEX NORD,265,N,N,N,Y,08.05.2013
Deminex Norge AS,926620207 ,NA,DEMINEX,254,N,Y,N,Y,08.05.2013
Den norske stats oljeselskap a.s,923609016 ,NA,STATOIL,749,N,Y,N,Y,08.05.2013
Det Norske Oljeselskap AS,953935996 ,NA,DNO AS,1340609,N,Y,N,Y,08.05.2013
Det norske oljeselskap AS,989563343 ,NA,DET NORSKE AS,17342915,N,Y,N,Y,08.05.2013
Det norske oljeselskap ASA,989795848 ,NA,DET NORSKE,17342870,Y,Y,Y,Y,08.05.2013
Det norske oljeselskap ASA (old),987904275 ,NA,DET NORSKE (OLD),4539989,N,Y,N,Y,08.05.2013
Det Norske Oljeselskap ASA (old),953935996 ,NA,DNO ASA (OLD),4468177,N,Y,N,Y,08.05.2013
Det Norske Veritas, ,NA,DET NORSKE VERITAS,21333541,N,N,N,N,08.05.2013
Deutsches GeoForschungsZentrum GFZ, ,NA,DEUTSCHES GEOFORSCHUNGS,5081874,N,N,N,N,08.05.2013
Diamond Offshore Drilling LTD., ,NA,DIAMOND OFFSHORE,2258713,N,N,N,N,08.05.2013
Digicon Geophysical LTD, ,NA,DIGICON,21333596,N,N,N,N,08.05.2013
Digital Exploration Limited, ,NA,DIGITAL,21333777,N,N,N,N,08.05.2013
DINOSYSTEMS, ,NA,DINOSYSTEMS,46897,N,N,N,N,08.05.2013
Discover Petroleum AS,987581883 ,NA,DISCOVER PETROLEUM,3500333,N,Y,N,Y,08.05.2013
DNO Olje A/S,857521412 ,NA,DNO OLJE,276,N,N,N,Y,08.05.2013
DOF Management AS,979999682 ,NA,DOF MANAGEMENT,5781675,N,N,N,N,08.05.2013
Dolphin AS,920473210 ,NA,DOLPHIN AS,2398052,N,N,N,N,08.05.2013
Dolphin Geophysical AS,996330958 ,NA,DOLPHIN GEOPHYSICAL AS,22794540,N,N,N,N,08.05.2013
DONG E&P Norge AS,931713671 ,NA,DONG E&P NORGE,4070011,Y,Y,Y,Y,08.05.2013
DONG Etterforskning og Produktion AS,981276922 ,NA,DONG,1441164,N,N,N,Y,08.05.2013
DONG Norge AS,931713671 ,NA,DONG NORGE,1853083,N,Y,N,Y,08.05.2013
DOPAS Norge AS,983598188 ,NA,DOPAS,2133811,N,N,N,Y,08.05.2013
DSND Shipping AS,977111145 ,NA,DSND SHIPPING AS,2449305,N,N,N,N,08.05.2013
Dyas UK Limited, ,NA,DYAS,3437812,N,N,N,N,08.05.2013
E&P Holding AS,991531556 ,NA,E&P HOLDING AS,20109546,N,N,N,Y,08.05.2013
E.ON E&P Norge AS,985740909 ,NA,E.ON E&P NORGE AS,21631209,Y,Y,Y,Y,08.05.2013
E.ON Ruhrgas Norge AS,985740909 ,NA,E.ON RUHRGAS NO,2840522,N,Y,N,Y,08.05.2013
Edison International Norway Branch,991193030 ,NA,EDISON INTERNATIONAL NORWAY BRANCH,17237180,Y,N,Y,Y,08.05.2013
Edison International Spa, ,NA,EDISON INTERNATIONAL,4062871,N,N,N,Y,08.05.2013
EIDESVIK SHIPPING AS,977098092 ,NA,EIDESVIK SHIPPING,3362279,N,N,N,N,08.05.2013
Electromagnetic Geoservices ASA,984195486 ,NA,EMGS,2472909,N,N,N,N,08.05.2013
Elf Aquitaine Norge A/S, ,NA,ELFAQUIT,331,N,Y,N,Y,08.05.2013
Elf Exploration UK Ltd, ,NA,ELF EXPLORATION LTD,45736,N,N,N,N,08.05.2013
Elf Norge A/S, ,NA,ELF N,287,N,Y,N,Y,08.05.2013
ELF Oil UK, ,NA,ELF OIL,45685,N,N,N,N,08.05.2013
Elf Petroleum Norge AS,927066440 ,NA,ELF NORGE,298,N,Y,N,Y,08.05.2013
Elf Rep Norge A/S, ,NA,ELF REP,309,N,N,N,Y,08.05.2013
Elf Rex Norge AS,927064596 ,NA,ELF REX,320,N,N,N,Y,08.05.2013
Emergy Exploration AS,996460088 ,NA,EMERGY EXPLORATION,21333629,N,N,N,Y,08.05.2013
Endeavour Energy (UK) Limited,05030838  ,NA,ENDEAVOUR ENERGY UK,4462359,N,N,N,N,08.05.2013
Endeavour Energy Norge AS,934651758 ,NA,ENDEAVOUR ENERGY NORGE,3113213,N,Y,N,Y,08.05.2013
Endeavour Energy Norge AS (OLD),987043091 ,NA,ENDEAVOUR ENERGY (OLD),2835148,N,N,N,N,08.05.2013
Endeavour International Corporation, ,NA,ENDEAVOUR INTERNATIONAL,2835136,N,N,N,N,08.05.2013
Endeavour Norge AS,987043091 ,NA,ENDEAVOUR NORGE,3113202,N,N,N,N,08.05.2013
Ener Petroleum ASA,987863749 ,NA,ENER PETROLEUM ,3482290,N,N,N,Y,08.05.2013
Energy Equipment Resource Inc, ,NA,ENERGY EQUIPMENT,2782981,N,N,N,N,08.05.2013
Eni Norge AS,919160675 ,NA,ENI NORGE,2388594,Y,Y,Y,Y,08.05.2013
Eni UK Limited, ,NA,ENI UK LIMITED,3437697,N,N,N,N,08.05.2013
Eni ULX Limited, ,NA,ENI ULX LIMITED,3437708,N,N,N,N,08.05.2013
EnQuest Norge AS,998709326 ,NA,ENQUEST NORGE AS,22223200,N,N,N,N,08.05.2013
Ensign Geophysics LTD, ,NA,ENSIGN,21333821,N,N,N,N,08.05.2013
Enterprise Oil Norge AS,929559428 ,NA,ENTERPRISE NORGE,1853786,N,Y,Y,Y,08.05.2013
Enterprise Oil Norwegian AS,929559428 ,NA,ENTERPRISE,342,N,Y,N,Y,08.05.2013
Envision AS,986052631 ,NA,ENVISION AS,4070871,N,N,N,N,08.05.2013
Esso Exploration and Production Norway A/S,914048990 ,NA,ESSO,353,N,Y,N,Y,08.05.2013
ESSO MOBIL, ,NA,ESSO MOBIL,1032882,N,N,N,N,08.05.2013
Eurafrep Norge A/S, ,NA,EURAFREP,364,N,N,N,Y,08.05.2013
Excel Expro Norge AS,990554382 ,NA,EXCEL EXPRO NORGE,4511634,N,N,N,N,08.05.2013
Explora Petroleum AS,997295684 ,NA,EXPLORA PETROLEUM AS,22223266,N,N,Y,N,08.05.2013
Exploration Consultants Ltd., ,NA,EXPLORATION CONSULTANTS,2258724,N,N,N,N,08.05.2013
Exxon Mobil Corporation,977534933 ,NA,EXXON MOBIL,2069880,N,N,N,N,08.05.2013
ExxonMobil Exploration & Production Norway AS,914048990 ,NA,EXXON MO,2835212,Y,Y,Y,Y,08.05.2013
ExxonMobil Production Norway Inc.,924956917 ,NA,EXXONMOBIL PROD,2943980,N,Y,N,N,08.05.2013
Fairfield Nodal, ,NA,FAIRFIELD NODAL,20484280,N,N,N,N,08.05.2013
Faroe Petroleum (UK) Limited,04848017  ,NA,FAROE PETROLEUM (UK),21614063,N,N,N,N,08.05.2013
Faroe Petroleum Norge AS,989399071 ,NA,FAROE PETROLEUM NORGE AS,4062883,Y,Y,Y,Y,08.05.2013
Faroe Petroleum plc, ,NA,FAROE PETROLEUM,3500295,N,N,N,N,08.05.2013
Farstad Shipping ASA,934021592 ,NA,FARSTAD SHIPPING ASA,21675040,N,N,N,N,08.05.2013
Fina Exploration Norway SCA,971654163 ,NA,FINA EXPLORATION,39395,N,N,N,N,08.05.2013
Fina Production Licenses AS,971505346 ,NA,FINA PRODUCTION,386,N,Y,N,Y,08.05.2013
Floatel International AB, ,NA,FLOATEL INTERNATIONAL AB,22426303,N,N,N,N,08.05.2013
Fluid Inclusion Technologies Inc, ,NA,FIT,916387,N,N,N,N,08.05.2013
Fluxys SA, ,NA,FLUXYS SA,17835071,N,N,N,N,08.05.2013
FORSKNINGSPARKEN, ,NA,FORSKNINGSP,1630748,N,N,N,N,08.05.2013
Fortis Petroleum Norway AS,990554382 ,NA,FORTIS PETROLEUM NORWAY,18386334,N,N,Y,Y,08.05.2013
Fortum Petroleum AS,918444734 ,NA,FORTUM,102714,N,N,N,Y,08.05.2013
Front Exploration AS,987581883 ,NA,FRONT EXPLORATION AS,18108745,N,Y,N,Y,08.05.2013
Fugro Geolab Nor AS,970990976 ,NA,FUGRO GEOLAB NOR AS,18086025,N,N,N,N,08.05.2013
Fugro Geotechnics AS,985148627 ,NA,FUGRO GEOTECHNICS AS,18061800,N,N,N,N,08.05.2013
Fugro Multi Client Services AS,953115700 ,NA,FUGRO MULTI CLIENT SERVICES,5442354,N,N,N,N,08.05.2013
Fugro Survey AS,937107978 ,NA,FUGRO SURVEY,2786215,N,N,N,N,08.05.2013
Fugro-Geoteam AS,979905483 ,NA,FUGRO-GEOTEAM ,2489925,N,N,N,N,08.05.2013
Gardline Geosurvey Ltd,986727825 ,NA,GARDLINE GEOSURVEY ,5443454,N,N,N,N,08.05.2013
GASSCO AS,983452841 ,NA,GASSCO AS,1944954,N,N,N,N,08.05.2013
GASSNOVA SF,991627626 ,NA,GASSNOVA SF,18082040,N,N,N,N,08.05.2013
Gaz de France Norge AS,983426417 ,NA,GAZ DE FRANCE,1628733,N,Y,N,Y,08.05.2013
Gaz De France S.A.,975782913 ,NA,GAZ DE FRANCE SA,17835046,N,N,N,N,08.05.2013
GDF SUEZ E&P Norge AS,983426417 ,NA,GDF SUEZ E&P NORGE,5267845,Y,Y,Y,Y,08.05.2013
Geco Exploration, ,NA,GECO EXPLORATION,2789,N,N,N,N,08.05.2013
Geco- Prakla, ,NA,GECO-PRAKLA UK,2850,N,N,N,N,08.05.2013
Geco-Prakla,926396684 ,NA,GECO PRAKLA,2813,N,N,N,N,08.05.2013
Genesis Petroleum Norway AS,890191622 ,NA,GENESIS PETROLEUM NORWAY,4062957,N,N,N,Y,08.05.2013
GeoForschungsZentrum Potsdam, ,NA,GEOFORSCHUNGS ZENTRUM ,4446085,N,N,N,N,08.05.2013
Geologica AS, ,NA,GEOLOGICA,916801,N,N,N,N,08.05.2013
Geophysical Company of Norway A/S, ,NA,GECO,21333663,N,N,N,N,08.05.2013
GEOPHYSICAL SERVICES, ,NA,GSI,2729,N,N,N,N,08.05.2013
Geosoft Inc., ,NA,GEOSOFT INC,4038585,N,N,N,N,08.05.2013
Geosource Petty-Ray Geophysical, ,NA,PETTYRAY,21348280,N,N,N,N,08.05.2013
GEOTEAM AS,969059789 ,NA,GEOTEAM,2754,N,N,N,N,08.05.2013
GEOTEAM EXPLORATION AS, ,NA,GEOTEAM EXPLORATION,2838,N,N,N,N,08.05.2013
Geotrace Technologies Ltd,976227026 ,NA,GEOTRACE TECHNOLOGIES,22492659,N,N,N,N,08.05.2013
GFZ, ,NA,GFZ,21800940,N,N,N,N,08.05.2013
Global Geo Services ASA,980585522 ,NA,GLOBAL GEO SERVICES,4070855,N,N,N,N,08.05.2013
Global SantaFe Corporation, ,NA,GLOBAL SANTA FE,2449400,N,N,N,N,08.05.2013
Goel m/v Goel Egede, ,NA,GOEL,21333744,N,N,N,N,08.05.2013
Golar-Nor Offshore,935427681 ,NA,GOLAR-NOR OFFSHORE,2449518,N,N,N,N,08.05.2013
GULF (U.K.) OFFSHORE INVESTMENT LTD, ,NA,GULF UK,41741,N,N,N,N,08.05.2013
GULF OIL CORPORATION, ,NA,GULF OIL,41752,N,N,N,N,08.05.2013
GX Technology, ,NA,GX TECHNOLOGY,4446214,N,N,N,N,08.05.2013
HALLIBURTON GEOPHYSICAL SERVICES, ,NA,HGS,2718,N,N,N,N,08.05.2013
Hamilton Brothers Oil & Gas, ,NA,HAMILTON,3499813,N,N,N,N,08.05.2013
HAMPSON-RUSSELL SOFTWARE SERVICES LTD., ,NA,HAMPSON-RUSSELL,3109,N,N,N,N,08.05.2013
Havila Shipping ASA,882811972 ,NA,HAVILA SHIPPING,20404162,N,N,N,N,08.05.2013
Hess Norge AS,930459321 ,NA,HESS NORGE AS,4038735,N,Y,Y,Y,08.05.2013
Hispanoil (Norway) A/S, ,NA,HISPANOIL,408,N,N,N,Y,08.05.2013
Horizon Exploration LTD, ,NA,HORIZON,21333574,N,N,N,N,08.05.2013
Idemitsu Oil Exploration (Norsk) a.s.,947569244 ,NA,IDEMITSU OIL,3084,N,N,N,Y,08.05.2013
Idemitsu Petroleum Norge AS,953133210 ,NA,IDEMITSU,441,Y,Y,Y,Y,08.05.2013
IHS ENERGY GROUP, ,NA,IHS ENERGY,97570,N,N,N,N,08.05.2013
IKU PETROLEUMSFORSKNING SINTEF GRUPPEN,936882331 ,NA,IKU,2539,N,N,N,N,08.05.2013
Industrial Perforadora de Campeche SA de CV, ,NA,INDUSTRIAL PERFORADORA,2783002,N,N,N,N,08.05.2013
Infragas Norge AS,997229088 ,NA,INFRAGAS NORGE AS,21139140,N,N,N,N,08.05.2013
Inov8 Energy AS,998477603 ,NA,INOV8 ENERGY AS,23268820,N,N,N,N,08.05.2013
INSEIS AS,983167691 ,NA,INSEIS AS,1632045,N,N,N,N,08.05.2013
Institut francais de Recherche pour I'Exploration de la Mer, ,NA,IFREMER,2473450,N,N,N,N,08.05.2013
INSTITUT FRANCAIS DU PETROLE, ,NA,IFP,2659,N,N,N,N,08.05.2013
Integrated Geochemical Interpretation Ltd., ,NA,INTEGRATED GEOCHEMICAL,5774694,N,N,N,N,08.05.2013
ION Geophysical, ,NA,ION GEOPHYSICAL,5490478,N,N,N,N,08.05.2013
Iron Mountain Norge AS,936879101 ,NA,IRON MOUNTAIN NORGE AS,4227771,N,N,N,N,08.05.2013
Island Offshore III AS,982411394 ,NA,ISLAND OFFSHORE,5125357,N,N,N,N,08.05.2013
Ithaca Energy (UK) Limited, ,NA,ITHACA ENERGY,23269080,N,N,N,N,08.05.2013
Japan National Oil Corporation, ,NA,JAPAN NATIONAL OIL CORPORATION,21333475,N,N,N,N,08.05.2013
JX Nippon Exploration and Production (UK) Limited,03288689  ,NA,JX NIPPON,20415923,N,N,N,N,08.05.2013
K/S A/S Polaris Oil Consortium, ,NA,POLARIS,683,N,N,N,Y,08.05.2013
K/S Farmand Survey, ,NA,FARMAND,2259213,N,N,N,N,08.05.2013
K/S Femogtyvefire Norsk A/S, ,NA,FEMOGTYVEFIRE,375,N,N,N,Y,08.05.2013
Kerr Mc-Gee North Sea (UK) Ltd, ,NA,KERR MC-GEE,1024802,N,N,N,N,08.05.2013
Kerr-McGee Norway AS,983430783 ,NA,KERR-MCGEE NORWAY,2051482,N,Y,N,Y,08.05.2013
KS PETROJARL 1 AS,935506360 ,NA,PETROJARL,1629619,N,N,N,N,08.05.2013
Laboratory of the Goverment Chemist, ,NA,LGC,916398,N,N,N,N,08.05.2013
LAMONT-DOHERTY GEOLOGICAL OBSERVATORY COLUMBIA UNIVERSITY, ,NA,LAMONT,2885,N,N,N,N,08.05.2013
Landmark Graphics AS,971106514 ,NA,LANDMARK GRAPHICS AS,4446203,N,N,N,N,08.05.2013
Lasmo Norge A/S, ,NA,LASMO NORGE,452,N,N,N,Y,08.05.2013
Lime Petroleum Norway AS,998726441 ,NA,LIME PETROLEUM NORWAY,23269093,N,N,N,N,08.05.2013
Lotos Exploration and Production Norge AS,991735194 ,NA,LOTOS EXPLORATION,5064434,Y,Y,Y,Y,08.05.2013
LUKOIL Overseas North Shelf AS,998152550 ,NA,LUKOIL OVERSEAS,22513176,N,N,N,N,08.05.2013
Lundin North Sea Limited,02483161  ,NA,LUNDIN NORTH,3437835,N,N,N,N,08.05.2013
Lundin Norway AS,986209409 ,NA,LUNDIN NORWAY,2767314,Y,Y,Y,Y,08.05.2013
Maersk Drilling Norge AS,952603957 ,NA,MAERSK DRILLING NORGE AS,5095474,N,N,N,N,08.05.2013
Maersk Oil Exploration Norway AS,986478434 ,NA,MAERSK OIL EXPLORATION NORWAY AS,3960933,N,Y,N,Y,08.05.2013
Maersk Oil Norway AS,986478434 ,NA,MAERSK OIL NORWAY AS,4719674,Y,Y,Y,Y,08.05.2013
Maersk Oil Norway AS (old1),986478434 ,NA,MAERSK OIL NORWAY (OLD1),2824954,N,N,N,Y,08.05.2013
Maersk Oil Norway AS (old2),983430783 ,NA,MAERSK OIL NORWAY AS (OLD2),3960921,N,Y,N,Y,08.05.2013
Maersk Oil PL 018C Norway AS,983430783 ,NA,MAERSK OIL PL 018C,4703832,N,Y,N,Y,08.05.2013
Maersk Olie og Gass  A/S, ,NA,MÆRSK,2777,N,Y,N,Y,08.05.2013
Marathon Oil Norge AS,923702962 ,NA,MARATHON OIL,20485291,Y,Y,Y,Y,08.05.2013
Marathon Petroleum Norge AS,923702962 ,NA,MARATHON N,463,N,Y,N,Y,08.05.2013
Marine Arctic Geological Expedition, ,NA,MARINE ARCTIC ,4063012,N,N,N,N,08.05.2013
Maritim Management AS,988034371 ,NA,MARITIM MANAGEMENT AS,5488225,N,N,N,N,08.05.2013
Master Survey, ,NA,MASTER,21333788,N,N,N,N,08.05.2013
Merlin Geophysical LTD, ,NA,MERLIN,21333607,N,N,N,N,08.05.2013
Mobil Development Norway AS,928008398 ,NA,MOBIL N,474,N,Y,N,Y,08.05.2013
Mobil Exploration Norway INC, ,NA,MOBIL EXPLORATION NORWAY INC,3986530,N,N,N,N,08.05.2013
Moc Exploration (U.K.) Limited, ,NA,MOC EXPLORATION,3437719,N,N,N,N,08.05.2013
Moeco Oil & Gas Norge AS,998516048 ,NA,MOECO OIL & GAS NORGE,22513143,N,N,N,N,08.05.2013
MultiClient Geophysical AS,991906509 ,NA,MULTICLIENT GEOPHYSICAL,5480846,N,N,N,N,08.05.2013
Multiklient Invest AS,971171537 ,NA,MULTIKLIENT INVEST,21139228,N,N,N,N,08.05.2013
Multiwave Geophysical Company ASA,980012204 ,NA,MULTIWAVE GEOPHYSICAL,2417091,N,N,N,N,08.05.2013
Mærsk Contractors, ,NA,MÆRSK CO,2472740,N,N,N,N,08.05.2013
Mærsk Contractors Norge AS,952603957 ,NA,MÆRSK CONTRACTORS,2084537,N,N,N,N,08.05.2013
Neste Petroleum AS,918444734 ,NA,NESTE,496,N,N,N,Y,08.05.2013
Nexen Exploration Norge AS,989050052 ,NA,NEXEN EXPLORATION NORGE ,4062831,N,Y,N,Y,08.05.2013
Nippon Oil Exploration and Production UKl Limited,03288689  ,NA,NIPPON OIL ,17237695,N,N,N,N,08.05.2013
Njord Gas Infrastructure AS,995152142 ,NA,NJORD GAS INFRASTRUCTURE AS,20440816,N,N,N,N,08.05.2013
No operator, ,NA,NO OPERATOR,507,N,Y,N,N,08.05.2013
Noble Drilling   , ,NA,NOBLE DRILLING,35198,N,N,N,N,08.05.2013
Noble Energy Limited, ,NA,NOBLE ENERGY,3262354,N,N,N,Y,08.05.2013
Noble Energy Norge AS,990809712 ,NA,NOBLE ENERGY NORGE,4393186,N,N,N,Y,08.05.2013
NOGEC, ,NA,NOGEC,21333652,N,N,N,N,08.05.2013
Noil Energy ASA,953935996 ,NA,NOIL ENERGY ASA,4539976,N,Y,N,Y,08.05.2013
NOPEC A/S, ,NA,NOPEC,2551,N,N,N,N,08.05.2013
Noreco Norway AS,987008644 ,NA,NORECO NORWAY AS,22223020,Y,N,Y,Y,08.05.2013
Norges Geologiske Undersøkelse,970188290 ,NA,NORGES GEOLOGISKE UNDERSØKELSE,5506537,N,N,N,N,08.05.2013
NORGES TEKNISKE HØYSKOLE, ,NA,NTH,2587,N,N,N,N,08.05.2013
Norminol AS,921261179 ,NA,NORMINOL,529,N,N,N,Y,08.05.2013
Norpipe AS,924049685 ,NA,NORPIPE AS,1025041,N,N,N,N,08.05.2013
Norpipe Oil AS,975871932 ,NA,NORPIPE OIL,1025030,N,N,N,N,08.05.2013
Norsea Gas AS,918352074 ,NA,NORSEA GAS,1025067,N,N,N,N,08.05.2013
Norshore AS,991241752 ,NA,NORSHORE AS,22528907,N,N,N,N,08.05.2013
Norsk Agip  AS,919160675 ,NA,AGIP,45,N,Y,N,Y,08.05.2013
Norsk Chevron AS,930322784 ,NA,NORSK CHEVRON,40148,N,Y,N,Y,08.05.2013
Norsk Hydro Petroleum AS,990888213 ,NA,HYDRO PETROLEUM,4524355,N,Y,N,Y,08.05.2013
Norsk Hydro Produksjon AS,930187240 ,NA,HYDRO PRODUKSJON,430,N,Y,N,Y,08.05.2013
Norsk Occidental A/S,937380054 ,NA,OXY,584,N,N,N,Y,08.05.2013
Norsk Polarinstitutt, ,NA,NPI,2575,N,N,N,N,08.05.2013
Norske AEDC A/S,946680591 ,NA,AEDC,34,N,N,Y,Y,08.05.2013
Norske Conoco A/S,921473052 ,NA,CONOCO N,221,N,Y,N,Y,08.05.2013
Norske ConocoPhillips AS,921473052 ,NA,NORSKE CONOCOPHILLIPS,2399056,N,Y,N,Y,08.05.2013
Norske Deminex AS,928656519 ,NA,NORSKDEM,540,N,N,N,Y,08.05.2013
NORSKE GETTY EXPLORATION A/S, ,NA,GETTY,2765,N,N,N,N,08.05.2013
Norske Hudbay A/S, ,NA,HUDBAY,419,N,N,N,Y,08.05.2013
Norske Moeco A/S,946711063 ,NA,MOECO,485,N,N,N,Y,08.05.2013
Norske Murphy Oil Company, ,NA,NORSKE MURPHY,551,N,Y,N,Y,08.05.2013
Norske Ocean Exploration Company, ,NA,OCEAN EXPLORATION,573,N,N,N,Y,08.05.2013
Norske RWE-DEA AS,928656519 ,NA,NORSKE RWE-DEA,853394,N,N,N,Y,08.05.2013
Norske Shell Pipelines AS,980263959 ,NA,SHELL PIPELINE,2066214,N,N,N,N,08.05.2013
North Atlantic Norway Ltd,996732851 ,NA,NORTH ATLANTIC NORWAY,22507678,N,N,N,N,08.05.2013
North Energy AS,891797702 ,NA,NORTH ENERGY AS,4706034,N,Y,N,Y,08.05.2013
North Energy ASA,891797702 ,NA,NORTH ENERGY ASA,18082156,Y,Y,Y,Y,08.05.2013
Norwegian Energy Company AS,987989297 ,NA,NORECO,3482246,N,Y,N,Y,08.05.2013
Norwegian Energy Company ASA,987989297 ,NA,NORECO ASA,4530695,Y,Y,Y,Y,08.05.2013
NORWEGIAN EXPLORATION SERVICES, ,NA,NOREX,2563,N,N,N,N,08.05.2013
Norwegian Geotecnical Institute, ,NA,NGI,21333887,N,N,N,N,08.05.2013
Norwegian Gulf Exploration Company AS,930322784 ,NA,GULF EXPLORATION,397,N,Y,N,Y,08.05.2013
Norwegian Oil Consortium A/S & Co, ,NA,NORW. OIL,518,N,N,N,Y,08.05.2013
Norwegian Oil Exploration,988895121 ,NA,NORWEGIAN OIL EXPLORATION,4510272,N,N,N,N,08.05.2013
Not allocated, ,NA,UNALLOCATED,870,N,N,N,Y,08.05.2013
OCCIDENTAL, ,NA,OCCIDENT,21140076,N,N,N,N,08.05.2013
OCCIDENTAL PETROLEUM UK LTD, ,NA,OXY UK,2909,N,N,N,N,08.05.2013
Ocean Rig ASA,976769643 ,NA,OCEAN RIG,2088270,N,N,N,N,08.05.2013
Octio Geophysical AS,990516332 ,NA,OCTIO GEOPHYSICAL AS,5774895,N,N,N,N,08.05.2013
Odfjell Drilling AS,984356986 ,NA,ODFJELL,2398064,N,N,N,N,08.05.2013
OER Oil AS,934651758 ,NA,OER OIL,2258813,N,N,N,Y,08.05.2013
Offshore Engineering Resources AS,934651758 ,NA,OER OFFSHORE ENGINEERING RESOURCES,2092065,N,N,N,N,08.05.2013
Offshore Hydrocarbon Mapping, ,NA,OHM Ltd,2824940,N,N,N,N,08.05.2013
Oljedirektoratet, ,NA,OD,2599,N,N,N,N,08.05.2013
Oljeindustriens Landsforening,956685818 ,NA,OLF,2473155,N,N,N,N,08.05.2013
OMV (Norge) AS,988400025 ,NA,OMV NORGE AS,4460594,Y,Y,Y,Y,08.05.2013
OMV Norge A/S, ,NA,OMV,925,N,N,N,Y,08.05.2013
Oranje-Nassau Groep B.V., ,NA,ORANJE-NASSAU,2835003,N,N,N,N,08.05.2013
ORG Geophysical As,983824331 ,NA,ORG GEOPHYSICAL,21687000,N,N,N,N,08.05.2013
Oryx (UK) Energy Company, ,NA,ORYX UK,2897,N,N,N,N,08.05.2013
OSM Ship Management AS,911756080 ,NA,OSM SHIP MANAGEMENT,3482047,N,N,N,N,08.05.2013
OTG Energy AS,990801428 ,NA,OTG ENERGY AS,4504094,N,N,N,N,08.05.2013
PA Resources Norway AS,987469781 ,NA,PA RESOURCES NORWAY AS,3986418,N,N,N,Y,08.05.2013
Paladin Expro Limited, ,NA,PALADIN EXPRO,3437686,N,N,N,N,08.05.2013
Paladin Resources Norge AS,977026792 ,NA,PALADIN,1577943,N,Y,N,Y,08.05.2013
Pan Ocean Oil Norge A/S, ,NA,PAN OCEAN,595,N,N,N,Y,08.05.2013
P-Cable 3D Seismic AS,992657715 ,NA,P-CABLE 3D SEISMIC AS,21668680,N,N,N,N,08.05.2013
Pelican AS,931713671 ,NA,PELICAN,606,N,Y,N,Y,08.05.2013
Pennzoil Company Norge, ,NA,PENNZOIL,617,N,N,N,Y,08.05.2013
Perforadora Central SA de CV, ,NA,PERFORADORA,2450249,N,N,N,N,08.05.2013
Pertra AS,987904275 ,NA,PERTRA AS,3425724,N,Y,N,Y,08.05.2013
Pertra AS (OLD),984131941 ,NA,PERTRA AS (OLD),2069841,N,Y,N,Y,08.05.2013
Pertra ASA,987904275 ,NA,PERTRA ASA,3964368,N,Y,N,Y,08.05.2013
Petoro AS,983382355 ,NA,PETORO,1626839,N,N,Y,Y,08.05.2013
Petrobras Norge A/S,942904495 ,NA,PETROBRAS,639,N,N,N,Y,08.05.2013
Petro-Canada Norge AS,989362100 ,NA,PETRO-CANADA NORGE AS,3960945,N,Y,N,Y,08.05.2013
Petro-Canada Norge AS (old),977026792 ,NA,PETRO-CANADA  (OLD),628,N,N,N,Y,08.05.2013
Petro-Canada UK Limited, ,NA,PETRO-CANADA UK,3437846,N,Y,N,Y,08.05.2013
Petrofac Norge AS,990293937 ,NA,PETROFAC NORGE,4062945,N,N,N,N,08.05.2013
Petrolia Norway AS,997015231 ,NA,PETROLIA NORWAY AS,21593704,N,N,Y,Y,08.05.2013
Petromarker AS,888846832 ,NA,PETROMARKER AS,4467515,N,N,N,N,08.05.2013
Petropar Norge A/S, ,NA,PETROPAR,650,N,N,N,Y,08.05.2013
Petrosaga AS, ,NA,PETROSAGA,661,N,N,N,Y,08.05.2013
Petroswede Norge A/S, ,NA,PETROSWEDE,672,N,N,N,Y,08.05.2013
PGNiG Norway AS,991317155 ,NA,PGNIG NORWAY,4505831,Y,N,Y,Y,08.05.2013
PGS Geophysical AS,960563085 ,NA,PGS GEOPHYSICAL AS,5442366,N,N,N,N,08.05.2013
PGS NOPEC A/S, ,NA,PGS NOPEC,2921,N,N,N,N,08.05.2013
PGS Petroleum AS,984131941 ,NA,PGS PETROLEUM,2069526,N,N,N,Y,08.05.2013
PGS Production AS,939545832 ,NA,PGS PRODUCTION,2060190,N,N,N,Y,08.05.2013
Phillips Petroleum Company Norway,948138646 ,NA,PHILLIPS,694,N,Y,N,Y,08.05.2013
Phillips Petroleum Norsk AS,918110127 ,NA,PPNORSK,705,N,Y,N,Y,08.05.2013
Polar Search AS,953047136 ,NA,POLAR SEARCH,2786227,N,N,N,N,08.05.2013
Polar Ship Management AS,953047136 ,NA,POLAR SHIP MANAGEMENT,2411138,N,N,N,N,08.05.2013
Polarcus AS,994063901 ,NA,POLARCUS AS,17114862,N,N,N,N,08.05.2013
Polarcus Naila AS,995097893 ,NA,POLARCUS NAILA AS,22812960,N,N,N,N,08.05.2013
Polarcus Norway AS,996798305 ,NA,POLARCUS NORWAY AS,20485182,N,N,N,N,08.05.2013
Polarcus Seismic Limited, ,NA,POLARCUS SEISMIC LIMITED,20472280,N,N,N,N,08.05.2013
Polskie Gornictwo Naftowe i Gazownictwo S.A., ,NA,POLSKIE GORNICTWO NAFTOWE,4394036,N,N,N,N,08.05.2013
Prakla-Seismos GMBH, ,NA,PRAKLA,21333552,N,N,N,N,08.05.2013
Pre Stack Solution-Geo AS,981636740 ,NA,PRE STACK SOLUTIONS-GEO,4213327,N,N,N,N,08.05.2013
Premier Oil Norge AS,887995222 ,NA,PREMIER OIL NORGE,3482067,Y,Y,Y,Y,08.05.2013
Pride International Inc, ,NA,PRIDE INTERNATIONAL,2449871,N,N,N,N,08.05.2013
Prosafe Offshore Limited, ,NA,PROSAFE OFFSHORE LIMITED,2252705,N,N,N,N,08.05.2013
Puffin Oil & Gas Limitied, ,NA,PUFFIN OIL & GAS LIMITED,4720014,N,N,N,N,08.05.2013
QUALITY POSITIONING SERVICES BV, ,NA,QPS,34190,N,N,N,N,08.05.2013
R & R Geo Tech AS, ,NA,GEOTECH,21333530,N,N,N,N,08.05.2013
R&B Falcon Drilling Inc, ,NA,R&B FALCON DRILLING,2455372,N,N,N,N,08.05.2013
Racal Decca, ,NA,RACAL,21333766,N,N,N,N,08.05.2013
Ranger Oil (UK) Ltd, ,NA,RANGER UK,2742,N,N,N,N,08.05.2013
Renard Centre of Marine Geology, ,NA,RENARD CENTRE OF MARINE GEOLOGY,21333486,N,N,N,N,08.05.2013
Repsol Exploracion S.A., ,NA,REPSOL,5072554,N,N,N,Y,08.05.2013
Repsol Exploration Norge AS,993787787 ,NA,REPSOL EXPLORATION NORGE AS,17237506,Y,N,Y,Y,08.05.2013
Reservoir Exploration Technology ASA,984487819 ,NA,RESERVOIR EXPLORATION ,4070691,N,N,N,N,08.05.2013
Revus Energy AS,985224323 ,NA,REVUS ENERGY,2455850,N,Y,N,Y,08.05.2013
Revus Energy ASA,985224323 ,NA,REVUS ENERGY ASA,3431773,N,Y,N,Y,08.05.2013
RN Nordic Oil AS,998433223 ,NA,ROSNEFT OIL COMPANY,22513131,N,N,N,N,08.05.2013
ROBERTSON RESEARCH INTERNATIONAL LIMITED, ,NA,ROBERTSON,2694,N,N,N,N,08.05.2013
Roc Oil (GB) Limited, ,NA,ROC OIL (GB) LIMITED,3437730,N,N,N,N,08.05.2013
Rocksource ASA,940376645 ,NA,ROCKSOURCE ASA,4062921,N,Y,N,Y,08.05.2013
Rocksource Exploration Norway AS,998852722 ,NA,ROCKSOURCE EXPLORATION NORWAY AS,22528729,Y,N,Y,Y,08.05.2013
Rowan Companies Inc, ,NA,ROWAN COMPANIES INC,4240911,N,N,N,N,08.05.2013
Ruhrgas Norge AS,985740909 ,NA,RUHRGAS NORGE,2489913,N,N,N,Y,08.05.2013
RWE Dea Norge AS,926620207 ,NA,RWE-DEA NORGE,97557,Y,Y,Y,Y,08.05.2013
RWE-DEA Nord AS,860008122 ,NA,RWE-DEA NORD,853513,N,N,N,N,08.05.2013
S&A Geophysical, ,NA,S&A,21333711,N,N,N,N,08.05.2013
Saga Petroleum ASA,925111406 ,NA,SAGA,716,N,Y,N,Y,08.05.2013
Sagex Petroleum Norge AS,988120545 ,NA,SAGEX PETROLEUM NORGE ,4504106,N,N,N,Y,08.05.2013
SAIPEM (UK) LTD, ,NA,SAIPEM UK,40874,N,N,N,N,08.05.2013
Sartor Shipping AS,956150809 ,NA,SARTOR SHIPPING AS,5481294,N,N,N,N,08.05.2013
Scandinavian Sun Oil A/S, ,NA,SCANDINAVIAN SUN OIL,727,N,N,N,Y,08.05.2013
SDØE, ,NA,SDØE,1623450,N,N,N,Y,08.05.2013
SeaBed Geophysical AS,978595510 ,NA,SEABED,2088156,N,N,N,N,08.05.2013
Seabird Technologies AS,978595510 ,NA,SEABIRD TECHNOLOGIES,20472500,N,N,N,N,08.05.2013
Seadrill Offshore AS,929350685 ,NA,SEADRILL OFFSHORE  ,4070351,N,N,N,N,08.05.2013
SEALION SHIPPING LTD., ,NA,SEALINE,1629661,N,N,N,N,08.05.2013
Searcher Seismic, ,NA,SEARCHER SEISMIC,20439960,N,N,N,N,08.05.2013
Searcher Seismic Pty Ltd, ,NA,SEARCHER ,20439980,N,N,N,N,08.05.2013
Seateam, ,NA,SEATEAM,21333618,N,N,N,N,08.05.2013
Sedco Forex Schlumberger, ,NA,SEDCO FOREX,2783014,N,N,N,N,08.05.2013
Sefel J. & Associates (UK) LTD, ,NA,SEFEL,21333755,N,N,N,N,08.05.2013
Seiscom Delta Exploration INC, ,NA,SEISCOM DELTA INC,21140087,N,N,N,N,08.05.2013
Seismic Exploration International S.A., ,NA,SEI,21333733,N,N,N,N,08.05.2013
Seismic Profilers, ,NA,SEIPRO,21333585,N,N,N,N,08.05.2013
SEISMOGRAPHH SERVICE (ENGLAND) LTD, ,NA,SSL,2801,N,N,N,N,08.05.2013
Serica Energy (UK) Ltd, ,NA,SERICA ENERGY,4062969,N,N,N,Y,08.05.2013
Serica Energy Norge AS,991252606 ,NA,SERICA ENERGY NORGE,4719815,N,N,N,Y,08.05.2013
Sevmorneftegeofizika, ,NA,SEVMORNEFTEGEOFIZIKA,5481315,N,N,N,N,08.05.2013
Sevmorneftegeophysica, ,NA,SEVMORN,21333832,N,N,N,N,08.05.2013
Sevoteam, ,NA,SEVOTEAM,21333497,N,N,N,N,08.05.2013
Siem Offshore AS,990673586 ,NA,SIEM OFFSHORE AS,18054440,N,N,N,N,08.05.2013
Silex Gas Norway AS,996739910 ,NA,SILEX GAS NORWAY ,21139663,N,N,N,N,08.05.2013
SIMON PETROLEUM TECHNOLOGY LTD, ,NA,SIMON,2682,N,N,N,N,08.05.2013
SINTEF Petroleumsforskning AS,936882331 ,NA,SINTEF,3965667,N,N,N,N,08.05.2013
Skagen44 AS,989795767 ,NA,SKAGEN44 AS,4510260,N,N,Y,Y,08.05.2013
Skeie Energy AS,990809712 ,NA,SKEIE ENERGY AS,23286115,N,N,Y,Y,08.05.2013
Skeie Energy AS (Old),991531556 ,NA,SKEIE ENERGY AS (OLD),4511646,N,N,Y,Y,08.05.2013
Skeie Oil & Gas AS,990809712 ,NA,SKEIE OIL & GAS AS,4998977,N,N,N,Y,08.05.2013
Smedvig Offshore AS,929350685 ,NA,SMEDVIG,2359213,N,N,N,N,08.05.2013
Solstad Shipping AS,977228476 ,NA,SOLSTAD SHIPPING,2449930,N,N,N,N,08.05.2013
Solveig Gas Norway AS,996888177 ,NA,SOLVEIG GAS NORWAY,21139652,N,N,N,N,08.05.2013
Songa Offshore ASA,988124923 ,NA,SONGA OFFSHORE ASA,4055931,N,N,N,N,08.05.2013
Sonics Exploration, ,NA,SONICS,21333799,N,N,N,N,08.05.2013
Spec Partners Ltd, ,NA,SPEC PARTNERS LTD,18086040,N,N,N,N,08.05.2013
Spectrum ASA,992470763 ,NA,SPECTRUM ASA,21572016,N,N,N,N,08.05.2013
Spectrum Geophysical Services, ,NA,SPECTRUM,21333722,N,N,N,N,08.05.2013
Spike Exploration AS,999250521 ,NA,SPIKE EXPLORATION AS,23268831,N,N,N,N,08.05.2013
Spike Exploration Holding AS,998483476 ,NA,SPIKE EXPLORATION HOLDING,23268842,N,N,N,N,08.05.2013
Spring Energy Exploration AS,991252606 ,NA,SPRING ENERGY EXPLORATION,5446425,N,N,N,Y,08.05.2013
Spring Energy Norway AS,991870830 ,NA,SPRING ENERGY NORWAY AS,5072514,N,Y,N,Y,08.05.2013
Statens Forurensningstilsyn,970935657 ,NA,SFT,2473166,N,N,N,N,08.05.2013
Statex A.S. Laboratory, ,NA,STATEX,21333700,N,N,N,N,08.05.2013
Statoil ASA,923609016 ,NA,STATOIL ASA,17237803,N,N,N,N,08.05.2013
Statoil ASA (old),923609016 ,NA,STATOIL ASA (OLD),1622484,N,Y,N,Y,08.05.2013
Statoil Petroleum AS,990888213 ,NA,STATOIL PETROLEUM AS,17237817,Y,Y,Y,Y,08.05.2013
StatoilHydro ASA,923609016 ,NA,STATOILHYDRO ASA,4511854,N,Y,N,Y,08.05.2013
StatoilHydro Petroleum AS,990888213 ,NA,STATOILHYDRO PETROLEUM,4511658,N,Y,N,Y,08.05.2013
Stena Drilling Limited, ,NA,STENA DRILLING,2399644,N,N,N,N,08.05.2013
STOE, ,NA,STOE,1032937,N,N,N,N,08.05.2013
Stolt Offshore A/S,937403348 ,NA,STOLT OFFSHORE,2411309,N,N,N,N,08.05.2013
Subsea 7 Norway Norsk avdeling av utenlandsk foretak,984366043 ,NA,SUBSEA 7 NORWAY,21076900,N,N,N,N,08.05.2013
Sumitomo Corporation Europe Ltd,980729923 ,NA,SUMITOMO,2845991,N,N,N,N,08.05.2013
Suncor Energy Norge AS,989362100 ,NA,SUNCOR ENERGY NORGE,20426420,Y,Y,Y,Y,08.05.2013
Sunningdale Oil Norge A/S, ,NA,SUNNINGDALE,760,N,N,N,Y,08.05.2013
Superior Oil Norge A/S, ,NA,SUPERIOR NORGE,771,N,N,N,Y,08.05.2013
Svenska Petroleum Exploration AS,910229958 ,NA,SVENSKA PETROLEUM ,738,N,N,Y,Y,08.05.2013
SVERIGES GEOLOGISKE UNDERSØKNING, ,NA,SGU,3097,N,N,N,N,08.05.2013
Svitzer LTD, ,NA,SVITZER,21333876,N,N,N,N,08.05.2013
Syracuse Oils Norge A/S, ,NA,SYRACUSE,782,N,Y,N,Y,08.05.2013
Talisman Energy (UK) Limited,00825828  ,NA,TALISMAN ENERGY (UK),20415938,N,N,N,N,08.05.2013
Talisman Energy Norge AS,985706050 ,NA,TALISMAN ENERGY,2425093,Y,Y,Y,Y,08.05.2013
Talisman Expro Limited,03518803  ,NA,TALISMAN EXPRO,3987589,N,N,N,N,08.05.2013
Talisman LNS Limited,02483161  ,NA,TALISMAN LNS,4462294,N,N,N,N,08.05.2013
Talisman North Sea Limited,01061863  ,NA,TALISMAN NORTH SEA,4462398,N,N,N,N,08.05.2013
Talisman Petroleum Norge AS,997198336 ,NA,TALISMAN PETROLEUM NORGE,21139184,N,N,N,Y,08.05.2013
Talisman Production Norge AS,984131941 ,NA,TALISMAN PRODUCTION,3420565,N,Y,N,Y,08.05.2013
Talisman Resources Norge AS,977026792 ,NA,TALISMAN RESOURCES,3987574,N,Y,N,Y,08.05.2013
TANANGER OFFSHORE AS,977241901 ,NA,TANANGER OFFSHORE ,1629334,N,N,N,N,08.05.2013
TAUBÅTKOMPANIET A/S,926265156 ,NA,TAUBÅTKOMPANIEN,2129742,N,N,N,N,08.05.2013
Technip Norge AS,963052944 ,NA,TECHNIP NORGE AS,4538894,N,N,N,N,08.05.2013
Technip Offshore UK Limited, ,NA,TECHNIP OFFSHORE,4055814,N,N,N,N,08.05.2013
Teledyne Exploration International, ,NA,TELEDYNE,21333810,N,N,N,N,08.05.2013
Tellus Petroleum AS,998449111 ,NA,TELLUS PETROLEUM,23268853,N,N,N,N,08.05.2013
Tennaco Oil Norway A/S, ,NA,TENNECO,793,N,N,N,Y,08.05.2013
Texaco Exploration Norway AS,910226010 ,NA,TEXACO,804,N,N,N,Y,08.05.2013
Texaco Exploration Norway II A/S,924745193 ,NA,TEXACO II,815,N,N,N,Y,08.05.2013
Texas Eastern Norwegian Inc., ,NA,TEXAS EASTERN,837,N,N,N,Y,08.05.2013
Texas Overseas Petroleum Company, ,NA,TEXAS,826,N,N,N,Y,08.05.2013
TGS Nopec Geophysical Company  ASA,976695372 ,NA,TGS NOPEC,123875,N,N,N,N,08.05.2013
Total E&P Norge AS,927066440 ,NA,TOTAL E&P NORGE,2410708,Y,Y,Y,Y,08.05.2013
TOTAL E&P UK PLC, ,NA,TOTAL E&P UK,2747820,N,N,N,N,08.05.2013
TOTAL FINA ELF, ,NA,TOTAL FINA ELF,1032871,N,N,N,N,08.05.2013
Total Norge AS,923829822 ,NA,TOTAL,848,N,Y,N,Y,08.05.2013
Total Oil Marine Ltd, ,NA,TOTAL OIL,45696,N,N,N,N,08.05.2013
TotalFinaElf Exploration Norge AS,927066440 ,NA,TOTALFINAELF,1340884,N,Y,N,Y,08.05.2013
Transocean Norway Drilling AS,982000564 ,NA,TRANSOCEAN NORWAY DRILLING,21125820,N,N,N,N,08.05.2013
Transocean Offshore Europe Ltd,980865797 ,NA,TRANSOCEAN OFFSHORE,2050195,N,N,N,N,08.05.2013
Tullow Norge AS,998549183 ,NA,TULLOW NORGE,22513189,N,N,N,N,08.05.2013
Tullow Oil (Bream) Norge AS,991252606 ,NA,TULLOW OIL (BREAM) NORGE,23173840,N,N,Y,N,08.05.2013
Tullow Oil Norge AS,991870830 ,NA,TULLOW OIL NORGE,23173852,Y,N,Y,N,08.05.2013
Ugland Construction Company AS,929706870 ,NA,UGLAND,859,N,N,N,Y,08.05.2013
Union Norge A/S, ,NA,UNION OIL,881,N,Y,N,Y,08.05.2013
UNIVERSITETET I BERGEN, ,NA,UiB,2611,N,N,N,N,08.05.2013
UNIVERSITETET I OSLO, ,NA,UIO,2623,N,N,N,N,08.05.2013
Universitetet i Stavanger,971564679 ,NA,UiS,5442414,N,N,N,N,08.05.2013
UNIVERSITETET I TROMSØ, ,NA,UiT,2635,N,N,N,N,08.05.2013
Universitetet i Uppsala, ,NA,UIU,21333854,N,N,N,N,08.05.2013
University of Glasgow, ,NA,UNIVGLAS,916812,N,N,N,N,08.05.2013
Unocal Norge A/S, ,NA,UNOCAL N,892,N,N,N,Y,08.05.2013
Valiant Petroleum Norge AS,988120545 ,NA,VALIANT PETROLEUM NORGE,21104529,Y,N,Y,Y,08.05.2013
VERITAS DGC LTD, ,NA,VERITAS DGC,102081,N,N,N,N,08.05.2013
Viking Offshore A/S, ,NA,VIKING,3499787,N,N,N,N,08.05.2013
Vista Ship Management AS,976933540 ,NA,VISTA SHIP MANAGEMENT AS,2819883,N,N,N,N,08.05.2013
VNG Norge (Operations) AS,934651758 ,NA,VNG NORGE (OPERATIONS) AS,5497155,N,Y,N,Y,08.05.2013
VNG Norge AS,934651758 ,NA,VNG NORGE AS,17237193,Y,Y,Y,Y,08.05.2013
VNG Norge AS (old),990072833 ,NA,VNG NORGE AS (OLD),4062895,N,N,N,Y,08.05.2013
Volstad Shipping AS,986357157 ,NA,VOLSTAD SHIPPING AS,4966195,N,N,N,N,08.05.2013
Volvo Petroleum Norge A/S,929241576 ,NA,VOLVO NORGE,903,N,N,N,Y,08.05.2013
W. L. Gore & Associates Scandinavia AB,985650632 ,NA,GORE & ASSOCIATES SCANDINAVIA,21668692,N,N,N,N,08.05.2013
Wavefield Geophysical AS,989062131 ,NA,WAVEFIELD GEOPHYSICAL ,4038574,N,N,N,N,08.05.2013
Wavefield Inseis AS,983811310 ,NA,WAVEFIELD INSEIS AS,4379291,N,N,N,N,08.05.2013
Weatherford Petroleum Consultants AS,989114506 ,NA,WEATHERFORD PETROLEUM CONSULTANTS,5466676,N,N,N,N,08.05.2013
Well Ops (UK) Ltd, ,NA,WELL OPS,2819894,N,N,N,N,08.05.2013
WESTERN GEOPHYSICAL COMPANY OF AMERICA, ,NA,WESTERN,2647,N,N,N,N,08.05.2013
WesternGeco AS,926396684 ,NA,WESTERNGECO,1628745,N,N,N,N,08.05.2013
Wilh Wilhelmsen ASA,930686344 ,NA,WILH WILHELMSEN ASA,2417051,N,N,N,N,08.05.2013
Wintershall Norge A/S,923830375 ,NA,WINTERSHALL,914,N,N,N,Y,08.05.2013
Wintershall Norge AS,985224323 ,NA,WINTERSHALL NORGE AS,21666830,Y,Y,Y,Y,08.05.2013
Wintershall Norge AS (old),988712612 ,NA,WINTERSHALL NORGE AS (OLD),3482302,N,Y,N,Y,08.05.2013
Wintershall Norge ASA,985224323 ,NA,WINTERSHALL NORGE ASA,5442509,N,Y,N,Y,08.05.2013
Ødegaard A/S, ,NA,ØDEGAARD ,2384060,N,N,N,N,08.05.2013
Østensjø Rederi I AS ,977249155 ,NA,ØSTENSJØ REDERI I AS,5091194,N,N,N,N,08.05.2013

