﻿fclName,fclCurrentRespCompanyName,fclKind,fclFunctions,fclNationName,fclFactPageUrl,fclNpdidFacility,fclNpdidCurrentRespCompany,fclDateUpdated,datesyncNPD
ABEILLE SUPPORT,Stolt Offshore A/S,VESSEL,SUPPORT,France,http://factpages.npd.no/FactPages/Default.aspx?nav1=facility&nav2=PageView|Moveable|All&nav3=294544,294544,2411309,,08.05.2013
ACERGY FALCON,Acergy M.S. Limited,VESSEL,SUPPORT,NORWAY,http://factpages.npd.no/FactPages/Default.aspx?nav1=facility&nav2=PageView|Moveable|All&nav3=402507,402507,4394060,,08.05.2013
ACERGY OSPREY,Acergy M.S. Limited,VESSEL,SUPPORT,GREAT BRITAIN,http://factpages.npd.no/FactPages/Default.aspx?nav1=facility&nav2=PageView|Moveable|All&nav3=377007,377007,4394060,,08.05.2013
ANTIFRITE,Stolt Offshore A/S,VESSEL,SUPPORT,Italy,http://factpages.npd.no/FactPages/Default.aspx?nav1=facility&nav2=PageView|Moveable|All&nav3=296920,296920,2411309,,08.05.2013
AQUAMARINE,,VESSEL,,Liberia,http://factpages.npd.no/FactPages/Default.aspx?nav1=facility&nav2=PageView|Moveable|All&nav3=295597,295597,,,08.05.2013
ARTEMIS ARCTIC,Dolphin AS,VESSEL,SUPPORT,NORWAY,http://factpages.npd.no/FactPages/Default.aspx?nav1=facility&nav2=PageView|Moveable|All&nav3=414880,414880,2398052,,08.05.2013
B.ENTERPRISE 2,,VESSEL,,NORWAY,http://factpages.npd.no/FactPages/Default.aspx?nav1=facility&nav2=PageView|Moveable|All&nav3=295381,295381,,,08.05.2013
BELFORD DOLPHIN,Dolphin AS,VESSEL,DRILLING,Panama,http://factpages.npd.no/FactPages/Default.aspx?nav1=facility&nav2=PageView|Moveable|All&nav3=297946,297946,2398052,,08.05.2013
BIDEFORD DOLPHIN,Blandfor Shipping Co. LTD,SEMISUB STEEL,DRILLING,Singapore,http://factpages.npd.no/FactPages/Default.aspx?nav1=facility&nav2=PageView|Moveable|All&nav3=290170,290170,2359237,,08.05.2013
BOA GIANT,TAUBÅTKOMPANIET A/S,VESSEL,,NORWAY,http://factpages.npd.no/FactPages/Default.aspx?nav1=facility&nav2=PageView|Moveable|All&nav3=297703,297703,2129742,,08.05.2013
BORGILA DOLPHIN,Dolphin AS,SEMISUB STEEL,SUPPORT,NORWAY,http://factpages.npd.no/FactPages/Default.aspx?nav1=facility&nav2=PageView|Moveable|All&nav3=296974,296974,2398052,,08.05.2013
BORGLAND DOLPHIN,Dolphin AS,SEMISUB STEEL,DRILLING,Singapore,http://factpages.npd.no/FactPages/Default.aspx?nav1=facility&nav2=PageView|Moveable|All&nav3=297784,297784,2398052,,08.05.2013
BORGNY DOLPHIN,Dolphin AS,SEMISUB STEEL,DRILLING,Panama,http://factpages.npd.no/FactPages/Default.aspx?nav1=facility&nav2=PageView|Moveable|All&nav3=288280,288280,2398052,,08.05.2013
BORGSTEN DOLPHIN,Dolphin AS,SEMISUB STEEL,DRILLING,Panama,http://factpages.npd.no/FactPages/Default.aspx?nav1=facility&nav2=PageView|Moveable|All&nav3=288334,288334,2398052,,08.05.2013
BP 471,Transocean Offshore Europe Ltd,VESSEL,,Liberia,http://factpages.npd.no/FactPages/Default.aspx?nav1=facility&nav2=PageView|Moveable|All&nav3=296812,296812,2050195,,08.05.2013
BREDFORD DOLPHIN,Dolphin AS,SEMISUB STEEL,DRILLING,Panama,http://factpages.npd.no/FactPages/Default.aspx?nav1=facility&nav2=PageView|Moveable|All&nav3=373521,373521,2398052,,08.05.2013
BUCENTAUR,Fugro Geotechnics AS,VESSEL,DRILLING,NORWAY,http://factpages.npd.no/FactPages/Default.aspx?nav1=facility&nav2=PageView|Moveable|All&nav3=289441,289441,18061800,,08.05.2013
BULFORD DOLPHIN,Dolphin AS,SEMISUB STEEL,DRILLING,Bahamas,http://factpages.npd.no/FactPages/Default.aspx?nav1=facility&nav2=PageView|Moveable|All&nav3=287956,287956,2398052,,08.05.2013
BYFORD DOLPHIN,Dolphin AS,SEMISUB STEEL,DRILLING,NORWAY,http://factpages.npd.no/FactPages/Default.aspx?nav1=facility&nav2=PageView|Moveable|All&nav3=341331,341331,2398052,,08.05.2013
CASTORO 10 ,SAIPEM (UK) LTD,VESSEL,,Italy,http://factpages.npd.no/FactPages/Default.aspx?nav1=facility&nav2=PageView|Moveable|All&nav3=297217,297217,40874,,08.05.2013
COSLInnovator,COSL Drilling Europe AS,SEMISUB STEEL,DRILLING,NORWAY,http://factpages.npd.no/FactPages/Default.aspx?nav1=facility&nav2=PageView|Moveable|All&nav3=413825,413825,5125369,14.11.2012,08.05.2013
COSLPioneer,COSL Drilling Europe AS,SEMISUB STEEL,DRILLING,Bahamas,http://factpages.npd.no/FactPages/Default.aspx?nav1=facility&nav2=PageView|Moveable|All&nav3=413534,413534,5125369,14.11.2012,08.05.2013
COSLPromoter,COSL Drilling Europe AS,SEMISUB STEEL,DRILLING,NORWAY,http://factpages.npd.no/FactPages/Default.aspx?nav1=facility&nav2=PageView|Moveable|All&nav3=413883,413883,5125369,28.11.2012,08.05.2013
COSLRigmar,COSL Drilling Europe AS,JACKET 4 LEGS,ACCOMMODATION,Liberia,http://factpages.npd.no/FactPages/Default.aspx?nav1=facility&nav2=PageView|Moveable|All&nav3=297919,297919,5125369,14.11.2012,08.05.2013
COSLRival,COSL Drilling Europe AS,SEMISUB STEEL,ACCOMMODATION - FLOTEL,Bahamas,http://factpages.npd.no/FactPages/Default.aspx?nav1=facility&nav2=PageView|Moveable|All&nav3=372798,372798,5125369,14.11.2012,08.05.2013
CSO APACHE,Technip Offshore UK Limited,VESSEL,,Marshall islands,http://factpages.npd.no/FactPages/Default.aspx?nav1=facility&nav2=PageView|Moveable|All&nav3=374177,374177,4055814,,08.05.2013
DEEPSEA ATLANTIC,Odfjell Drilling AS,SEMISUB STEEL,DRILLING,NORWAY,http://factpages.npd.no/FactPages/Default.aspx?nav1=facility&nav2=PageView|Moveable|All&nav3=404360,404360,2398064,09.06.2012,08.05.2013
DEEPSEA BERGEN,Odfjell Drilling AS,SEMISUB STEEL,DRILLING,NORWAY,http://factpages.npd.no/FactPages/Default.aspx?nav1=facility&nav2=PageView|Moveable|All&nav3=287983,287983,2398064,,08.05.2013
DEEPSEA PIONEER,Hamilton Brothers Oil & Gas,SEMISUB STEEL,,GREAT BRITAIN,http://factpages.npd.no/FactPages/Default.aspx?nav1=facility&nav2=PageView|Moveable|All&nav3=289090,289090,3499813,,08.05.2013
DRILLMASTER,Sedco Forex Schlumberger,SEMISUB STEEL,,NORWAY,http://factpages.npd.no/FactPages/Default.aspx?nav1=facility&nav2=PageView|Moveable|All&nav3=288172,288172,2783014,,08.05.2013
DRILLSHIP,Sedco Forex Schlumberger,VESSEL,,NORWAY,http://factpages.npd.no/FactPages/Default.aspx?nav1=facility&nav2=PageView|Moveable|All&nav3=288199,288199,2783014,,08.05.2013
EDDA FAUNA,Østensjø Rederi I AS ,VESSEL,SUPPORT,NORWAY,http://factpages.npd.no/FactPages/Default.aspx?nav1=facility&nav2=PageView|Moveable|All&nav3=403711,403711,5091194,,08.05.2013
EDDA FJORD,Østensjø Rederi I AS ,VESSEL,SUPPORT,NORWAY,http://factpages.npd.no/FactPages/Default.aspx?nav1=facility&nav2=PageView|Moveable|All&nav3=415384,415384,5091194,,08.05.2013
EDDA FLORA,Østensjø Rederi I AS ,VESSEL,SUPPORT,NORWAY,http://factpages.npd.no/FactPages/Default.aspx?nav1=facility&nav2=PageView|Moveable|All&nav3=408756,408756,5091194,,08.05.2013
EIRIK RAUDE,Ocean Rig ASA,SEMISUB STEEL,DRILLING,Bahamas,http://factpages.npd.no/FactPages/Default.aspx?nav1=facility&nav2=PageView|Moveable|All&nav3=341172,341172,2088270,,08.05.2013
ENDEAVOUR,Arethusa (Off-Shore) Ltd.,JACK-UP 3 LEGS,,NORWAY,http://factpages.npd.no/FactPages/Default.aspx?nav1=facility&nav2=PageView|Moveable|All&nav3=296704,296704,2783026,,08.05.2013
ESSAR WILDCAT,Transocean Offshore Europe Ltd,SEMISUB STEEL,DRILLING,GREAT BRITAIN,http://factpages.npd.no/FactPages/Default.aspx?nav1=facility&nav2=PageView|Moveable|All&nav3=297028,297028,2050195,,08.05.2013
FAR SAGA,,VESSEL,SUPPORT,NORWAY,http://factpages.npd.no/FactPages/Default.aspx?nav1=facility&nav2=PageView|Moveable|All&nav3=424872,424872,,,08.05.2013
FERDER,,VESSEL,DRILLING,NORWAY,http://factpages.npd.no/FactPages/Default.aspx?nav1=facility&nav2=PageView|Moveable|All&nav3=391059,391059,,,08.05.2013
FLOATEL SUPERIOR,Floatel International AB,SEMISUB STEEL,ACCOMMODATION,NORWAY,http://factpages.npd.no/FactPages/Default.aspx?nav1=facility&nav2=PageView|Moveable|All&nav3=411482,411482,22426303,22.09.2012,08.05.2013
FUGRO DISCOVERY,Fugro Survey AS,VESSEL,,NORWAY,http://factpages.npd.no/FactPages/Default.aspx?nav1=facility&nav2=PageView|Moveable|All&nav3=413252,413252,2786215,,08.05.2013
FUGRO EXPLORER,Fugro Survey AS,VESSEL,DRILLING,NORWAY,http://factpages.npd.no/FactPages/Default.aspx?nav1=facility&nav2=PageView|Moveable|All&nav3=373600,373600,2786215,,08.05.2013
FUGRO MERCATOR,Fugro Survey AS,VESSEL,,NORWAY,http://factpages.npd.no/FactPages/Default.aspx?nav1=facility&nav2=PageView|Moveable|All&nav3=404582,404582,2786215,,08.05.2013
FUGRO SALTIRE,Fugro Survey AS,VESSEL,ACCOMMODATION - DRILLING,NORWAY,http://factpages.npd.no/FactPages/Default.aspx?nav1=facility&nav2=PageView|Moveable|All&nav3=413414,413414,2786215,,08.05.2013
GARD VARIANT,,VESSEL,,NORWAY,http://factpages.npd.no/FactPages/Default.aspx?nav1=facility&nav2=PageView|Moveable|All&nav3=297109,297109,,,08.05.2013
GEOSUND,DOF Management AS,VESSEL,SUPPORT,NORWAY,http://factpages.npd.no/FactPages/Default.aspx?nav1=facility&nav2=PageView|Moveable|All&nav3=409724,409724,5781675,,08.05.2013
GLOMAR BISCAY II,Global SantaFe Corporation,SEMISUB STEEL,DRILLING,NORWAY,http://factpages.npd.no/FactPages/Default.aspx?nav1=facility&nav2=PageView|Moveable|All&nav3=288091,288091,2449400,,08.05.2013
GLOMAR CHALLENGE,Global SantaFe Corporation,VESSEL,DRILLING,NORWAY,http://factpages.npd.no/FactPages/Default.aspx?nav1=facility&nav2=PageView|Moveable|All&nav3=298108,298108,2449400,,08.05.2013
GLOMAR GRAND ISLE,Global SantaFe Corporation,VESSEL,DRILLING,NORWAY,http://factpages.npd.no/FactPages/Default.aspx?nav1=facility&nav2=PageView|Moveable|All&nav3=288388,288388,2449400,,08.05.2013
GRENA,Vista Ship Management AS,VESSEL,OFFLOADING,Bahamas,http://factpages.npd.no/FactPages/Default.aspx?nav1=facility&nav2=PageView|Moveable|All&nav3=364529,364529,2819883,,08.05.2013
GSF ADRIATIC 1,Global SantaFe Corporation,JACKET 4 LEGS,DRILLING,Panama,http://factpages.npd.no/FactPages/Default.aspx?nav1=facility&nav2=PageView|Moveable|All&nav3=292006,292006,2449400,,08.05.2013
GSF ARCTIC I,Global SantaFe Corporation,SEMISUB STEEL,DRILLING,Panama,http://factpages.npd.no/FactPages/Default.aspx?nav1=facility&nav2=PageView|Moveable|All&nav3=293572,293572,2449400,,08.05.2013
GSF ARCTIC II,Global SantaFe Corporation,SEMISUB STEEL,DRILLING,Panama,http://factpages.npd.no/FactPages/Default.aspx?nav1=facility&nav2=PageView|Moveable|All&nav3=296353,296353,2449400,,08.05.2013
GSF LABRADOR,Global SantaFe Corporation,JACKET 4 LEGS,DRILLING,Panama,http://factpages.npd.no/FactPages/Default.aspx?nav1=facility&nav2=PageView|Moveable|All&nav3=296866,296866,2449400,,08.05.2013
GSF RIG 135,Global SantaFe Corporation,SEMISUB STEEL,DRILLING,Panama,http://factpages.npd.no/FactPages/Default.aspx?nav1=facility&nav2=PageView|Moveable|All&nav3=298189,298189,2449400,,08.05.2013
GSF RIG 140,Global SantaFe Corporation,SEMISUB STEEL,DRILLING,Panama,http://factpages.npd.no/FactPages/Default.aspx?nav1=facility&nav2=PageView|Moveable|All&nav3=292681,292681,2449400,,08.05.2013
GUARD VALLIANT,Baltic AS,VESSEL,SUPPORT,NORWAY,http://factpages.npd.no/FactPages/Default.aspx?nav1=facility&nav2=PageView|Moveable|All&nav3=297541,297541,2786204,,08.05.2013
GULFTIDE,Diamond Offshore Drilling LTD.,JACK-UP 4 LEGS,DRILLING,NORWAY,http://factpages.npd.no/FactPages/Default.aspx?nav1=facility&nav2=PageView|Moveable|All&nav3=288307,288307,2258713,,08.05.2013
HAVEN,OSM Ship Management AS,JACK-UP 4 LEGS,ACCOMMODATION,NORWAY,http://factpages.npd.no/FactPages/Default.aspx?nav1=facility&nav2=PageView|Moveable|All&nav3=411539,411539,3482047,,08.05.2013
HENRY GOODRICH,Transocean Offshore Europe Ltd,SEMISUB STEEL,DRILLING,NORWAY,http://factpages.npd.no/FactPages/Default.aspx?nav1=facility&nav2=PageView|Moveable|All&nav3=289387,289387,2050195,,08.05.2013
ISLAND COMMANDER,Island Offshore III AS,VESSEL,SUPPORT,NORWAY,http://factpages.npd.no/FactPages/Default.aspx?nav1=facility&nav2=PageView|Moveable|All&nav3=413474,413474,5125357,,08.05.2013
ISLAND CONSTRUCTOR,Island Offshore III AS,VESSEL,WELL INTERVENTION,NORWAY,http://factpages.npd.no/FactPages/Default.aspx?nav1=facility&nav2=PageView|Moveable|All&nav3=405827,405827,5125357,,08.05.2013
ISLAND ENFORCER,Island Offshore III AS,VESSEL,SUPPORT,NORWAY,http://factpages.npd.no/FactPages/Default.aspx?nav1=facility&nav2=PageView|Moveable|All&nav3=411773,411773,5125357,,08.05.2013
ISLAND FRONTIER,Island Offshore III AS,VESSEL,WELL INTERVENTION,NORWAY,http://factpages.npd.no/FactPages/Default.aspx?nav1=facility&nav2=PageView|Moveable|All&nav3=373829,373829,5125357,,08.05.2013
ISLAND INNOVATOR,Island Offshore III AS,SEMISUB STEEL,DRILLING - WELL INTERVENTION,NORWAY,http://factpages.npd.no/FactPages/Default.aspx?nav1=facility&nav2=PageView|Moveable|All&nav3=426940,426940,5125357,24.04.2013,08.05.2013
ISLAND VALIANT,Island Offshore III AS,VESSEL,,NORWAY,http://factpages.npd.no/FactPages/Default.aspx?nav1=facility&nav2=PageView|Moveable|All&nav3=408814,408814,5125357,,08.05.2013
ISLAND VANGUARD,Island Offshore III AS,VESSEL,SUPPORT,NORWAY,http://factpages.npd.no/FactPages/Default.aspx?nav1=facility&nav2=PageView|Moveable|All&nav3=405770,405770,5125357,,08.05.2013
ISLAND WELLSERVER,Island Offshore III AS,VESSEL,,NORWAY,http://factpages.npd.no/FactPages/Default.aspx?nav1=facility&nav2=PageView|Moveable|All&nav3=404470,404470,5125357,,08.05.2013
J W MCLEAN,R&B Falcon Drilling Inc,SEMISUB STEEL,,Panama,http://factpages.npd.no/FactPages/Default.aspx?nav1=facility&nav2=PageView|Moveable|All&nav3=296731,296731,2455372,,08.05.2013
JOIDES RESOLUTION,Transocean Offshore Europe Ltd,VESSEL,DRILLING,NORWAY,http://factpages.npd.no/FactPages/Default.aspx?nav1=facility&nav2=PageView|Moveable|All&nav3=291169,291169,2050195,,08.05.2013
KOLSKAYA,Artic Morneste Gas Ras Vedka,JACK-UP 3 LEGS,,NORWAY,http://factpages.npd.no/FactPages/Default.aspx?nav1=facility&nav2=PageView|Moveable|All&nav3=293977,293977,2359225,,08.05.2013
LA MURALLA,Industrial Perforadora de Campeche SA de CV,SEMISUB STEEL,DRILLING,Russian federation,http://factpages.npd.no/FactPages/Default.aspx?nav1=facility&nav2=PageView|Moveable|All&nav3=288010,288010,2783002,,08.05.2013
LE PELERIN,Transocean Offshore Europe Ltd,VESSEL,,NORWAY,http://factpages.npd.no/FactPages/Default.aspx?nav1=facility&nav2=PageView|Moveable|All&nav3=289063,289063,2050195,,08.05.2013
LEIV EIRIKSSON,Ocean Rig ASA,SEMISUB STEEL,DRILLING,Bahamas,http://factpages.npd.no/FactPages/Default.aspx?nav1=facility&nav2=PageView|Moveable|All&nav3=297865,297865,2088270,,08.05.2013
M/V CRYSTAL SEA,AS Brøvigtank,VESSEL,WELL INTERVENTION,Bahamas,http://factpages.npd.no/FactPages/Default.aspx?nav1=facility&nav2=PageView|Moveable|All&nav3=296299,296299,2786190,,08.05.2013
MARINER,,VESSEL,DRILLING,NORWAY,http://factpages.npd.no/FactPages/Default.aspx?nav1=facility&nav2=PageView|Moveable|All&nav3=391107,391107,,,08.05.2013
MSV BOTNICA,,VESSEL,SUPPORT,Finland,http://factpages.npd.no/FactPages/Default.aspx?nav1=facility&nav2=PageView|Moveable|All&nav3=402726,402726,,,08.05.2013
MSV ERNEST SHACKLETON,,VESSEL,,GREAT BRITAIN,http://factpages.npd.no/FactPages/Default.aspx?nav1=facility&nav2=PageView|Moveable|All&nav3=374031,374031,,,08.05.2013
MSV PELICAN,Stolt Offshore A/S,VESSEL,SUPPORT,NORWAY,http://factpages.npd.no/FactPages/Default.aspx?nav1=facility&nav2=PageView|Moveable|All&nav3=365715,365715,2411309,,08.05.2013
MÆRSK ENDEAVOUR,Mærsk Contractors,JACK-UP 3 LEGS,DRILLING,Denmark,http://factpages.npd.no/FactPages/Default.aspx?nav1=facility&nav2=PageView|Moveable|All&nav3=292087,292087,2472740,,08.05.2013
MÆRSK EXPLORER,Mærsk Contractors,JACK-UP 3 LEGS,,NORWAY,http://factpages.npd.no/FactPages/Default.aspx?nav1=facility&nav2=PageView|Moveable|All&nav3=362316,362316,2472740,,08.05.2013
MÆRSK GALLANT,Mærsk Contractors,JACK-UP 3 LEGS,DRILLING,Denmark,http://factpages.npd.no/FactPages/Default.aspx?nav1=facility&nav2=PageView|Moveable|All&nav3=296002,296002,2472740,,08.05.2013
MÆRSK GIANT,Mærsk Contractors,JACK-UP 3 LEGS,DRILLING,Denmark,http://factpages.npd.no/FactPages/Default.aspx?nav1=facility&nav2=PageView|Moveable|All&nav3=278245,278245,2472740,,08.05.2013
MÆRSK GUARDIAN,Mærsk Contractors,JACK-UP 3 LEGS,DRILLING,Denmark,http://factpages.npd.no/FactPages/Default.aspx?nav1=facility&nav2=PageView|Moveable|All&nav3=292114,292114,2472740,,08.05.2013
MÆRSK INNOVATOR,Mærsk Contractors,JACK-UP 3 LEGS,DRILLING,Denmark,http://factpages.npd.no/FactPages/Default.aspx?nav1=facility&nav2=PageView|Moveable|All&nav3=297838,297838,2472740,,08.05.2013
MÆRSK INSPIRER,Maersk Olie og Gass  A/S,JACK-UP 3 LEGS,DRILLING - OIL PRODUCER,Denmark,http://factpages.npd.no/FactPages/Default.aspx?nav1=facility&nav2=PageView|Moveable|All&nav3=369304,369304,2777,,08.05.2013
MÆRSK REACHER,Maersk Drilling Norge AS,JACK-UP 3 LEGS,DRILLING,Denmark,http://factpages.npd.no/FactPages/Default.aspx?nav1=facility&nav2=PageView|Moveable|All&nav3=411423,411423,5095474,,08.05.2013
NAN HAI VI,Wilh Wilhelmsen ASA,SEMISUB STEEL,DRILLING,China,http://factpages.npd.no/FactPages/Default.aspx?nav1=facility&nav2=PageView|Moveable|All&nav3=287848,287848,2417051,,08.05.2013
NAVION EUROPA,,VESSEL,OFFLOADING,NORWAY,http://factpages.npd.no/FactPages/Default.aspx?nav1=facility&nav2=PageView|Moveable|All&nav3=408869,408869,,,08.05.2013
NEPTUNE 7,Energy Equipment Resource Inc,SEMISUB STEEL,,NORWAY,http://factpages.npd.no/FactPages/Default.aspx?nav1=facility&nav2=PageView|Moveable|All&nav3=288631,288631,2782981,,08.05.2013
NOBLE AL WHITE,Noble Drilling   ,JACK-UP 3 LEGS,,Netherlands,http://factpages.npd.no/FactPages/Default.aspx?nav1=facility&nav2=PageView|Moveable|All&nav3=296947,296947,35198,,08.05.2013
NOBLE GEORGE SAUVAGEEAU,Noble Drilling   ,JACK-UP 4 LEGS,DRILLING,Panama,http://factpages.npd.no/FactPages/Default.aspx?nav1=facility&nav2=PageView|Moveable|All&nav3=292141,292141,35198,,08.05.2013
NOBLE PIET VAN EDE,Noble Drilling   ,JACK-UP 3 LEGS,DRILLING,Panama,http://factpages.npd.no/FactPages/Default.aspx?nav1=facility&nav2=PageView|Moveable|All&nav3=292168,292168,35198,,08.05.2013
NOBLE ROGER EASON,Noble Drilling   ,VESSEL,,Panama,http://factpages.npd.no/FactPages/Default.aspx?nav1=facility&nav2=PageView|Moveable|All&nav3=291466,291466,35198,,08.05.2013
NOBLE RONALD HOPE,Noble Drilling   ,JACK-UP 3 LEGS,DRILLING,Panama,http://factpages.npd.no/FactPages/Default.aspx?nav1=facility&nav2=PageView|Moveable|All&nav3=296488,296488,35198,,08.05.2013
NOBLE TON VAN LANGEVELD,Noble Drilling   ,SEMISUB STEEL,,Panama,http://factpages.npd.no/FactPages/Default.aspx?nav1=facility&nav2=PageView|Moveable|All&nav3=292627,292627,35198,,08.05.2013
NORMAND CARRIER,Solstad Shipping AS,VESSEL,ACCOMMODATION,NORWAY,http://factpages.npd.no/FactPages/Default.aspx?nav1=facility&nav2=PageView|Moveable|All&nav3=405450,405450,2449930,,08.05.2013
NORMAND FLOWER,Solstad Shipping AS,VESSEL,ACCOMMODATION,NORWAY,http://factpages.npd.no/FactPages/Default.aspx?nav1=facility&nav2=PageView|Moveable|All&nav3=405509,405509,2449930,,08.05.2013
NORMAND JARL,Solstad Shipping AS,VESSEL,ACCOMMODATION,NORWAY,http://factpages.npd.no/FactPages/Default.aspx?nav1=facility&nav2=PageView|Moveable|All&nav3=295975,295975,2449930,,08.05.2013
NORMAND MERMAID,Solstad Shipping AS,VESSEL,ACCOMMODATION,NORWAY,http://factpages.npd.no/FactPages/Default.aspx?nav1=facility&nav2=PageView|Moveable|All&nav3=403231,403231,2449930,,08.05.2013
NORMAND MJOLNE,Solstad Shipping AS,VESSEL,ACCOMMODATION,NORWAY,http://factpages.npd.no/FactPages/Default.aspx?nav1=facility&nav2=PageView|Moveable|All&nav3=295111,295111,2449930,,08.05.2013
NORMAND PROSPER,Solstad Shipping AS,VESSEL,ACCOMMODATION,NORWAY,http://factpages.npd.no/FactPages/Default.aspx?nav1=facility&nav2=PageView|Moveable|All&nav3=297568,297568,2449930,,08.05.2013
NORMAND SKARVEN,Solstad Shipping AS,VESSEL,,NORWAY,http://factpages.npd.no/FactPages/Default.aspx?nav1=facility&nav2=PageView|Moveable|All&nav3=390818,390818,2449930,,08.05.2013
NORMAND SUBSEA,Subsea 7 Norway Norsk avdeling av utenlandsk foretak,VESSEL,,GREAT BRITAIN,http://factpages.npd.no/FactPages/Default.aspx?nav1=facility&nav2=PageView|Moveable|All&nav3=429605,429605,21076900,,08.05.2013
NORMAND TONJER,Solstad Shipping AS,VESSEL,ACCOMMODATION,NORWAY,http://factpages.npd.no/FactPages/Default.aspx?nav1=facility&nav2=PageView|Moveable|All&nav3=364465,364465,2449930,,08.05.2013
NORSHORE ATLANTIC,Norshore AS,VESSEL,WELL INTERVENTION,NORWAY,http://factpages.npd.no/FactPages/Default.aspx?nav1=facility&nav2=PageView|Moveable|All&nav3=426997,426997,22528907,10.01.2013,08.05.2013
OCEAN ALLIANCE,Diamond Offshore Drilling LTD.,SEMISUB STEEL,DRILLING,NORWAY,http://factpages.npd.no/FactPages/Default.aspx?nav1=facility&nav2=PageView|Moveable|All&nav3=292654,292654,2258713,,08.05.2013
OCEAN BARONESS,Diamond Offshore Drilling LTD.,SEMISUB STEEL,DRILLING,Panama,http://factpages.npd.no/FactPages/Default.aspx?nav1=facility&nav2=PageView|Moveable|All&nav3=289171,289171,2258713,,08.05.2013
OCEAN BOUNTY,Diamond Offshore Drilling LTD.,SEMISUB STEEL,DRILLING,Panama,http://factpages.npd.no/FactPages/Default.aspx?nav1=facility&nav2=PageView|Moveable|All&nav3=290008,290008,2258713,,08.05.2013
OCEAN CLEVER,,VESSEL,SUPPORT,NORWAY,http://factpages.npd.no/FactPages/Default.aspx?nav1=facility&nav2=PageView|Moveable|All&nav3=406001,406001,,,08.05.2013
OCEAN CONFIDENCE,Diamond Offshore Drilling LTD.,SEMISUB STEEL,DRILLING,Panama,http://factpages.npd.no/FactPages/Default.aspx?nav1=facility&nav2=PageView|Moveable|All&nav3=295786,295786,2258713,,08.05.2013
OCEAN LIBERATOR,Diamond Offshore Drilling LTD.,SEMISUB STEEL,DRILLING,Panama,http://factpages.npd.no/FactPages/Default.aspx?nav1=facility&nav2=PageView|Moveable|All&nav3=296380,296380,2258713,,08.05.2013
OCEAN PRINCESS,Diamond Offshore Drilling LTD.,SEMISUB STEEL,DRILLING,Panama,http://factpages.npd.no/FactPages/Default.aspx?nav1=facility&nav2=PageView|Moveable|All&nav3=289360,289360,2258713,,08.05.2013
OCEAN SKY,,VESSEL,SUPPORT,NORWAY,http://factpages.npd.no/FactPages/Default.aspx?nav1=facility&nav2=PageView|Moveable|All&nav3=405947,405947,,,08.05.2013
OCEAN TIDE,Diamond Offshore Drilling LTD.,JACK-UP 3 LEGS,,NORWAY,http://factpages.npd.no/FactPages/Default.aspx?nav1=facility&nav2=PageView|Moveable|All&nav3=288469,288469,2258713,,08.05.2013
OCEAN TRAVELER,Diamond Offshore Drilling LTD.,SEMISUB STEEL,,NORWAY,http://factpages.npd.no/FactPages/Default.aspx?nav1=facility&nav2=PageView|Moveable|All&nav3=288496,288496,2258713,,08.05.2013
OCEAN VALIANT,Diamond Offshore Drilling LTD.,SEMISUB STEEL,DRILLING,NORWAY,http://factpages.npd.no/FactPages/Default.aspx?nav1=facility&nav2=PageView|Moveable|All&nav3=294085,294085,2258713,,08.05.2013
OCEAN VANGUARD,Diamond Offshore Drilling LTD.,SEMISUB STEEL,DRILLING,Marshall islands,http://factpages.npd.no/FactPages/Default.aspx?nav1=facility&nav2=PageView|Moveable|All&nav3=287902,287902,2258713,,08.05.2013
OCEAN VICTORY,Diamond Offshore Drilling LTD.,SEMISUB STEEL,DRILLING,NORWAY,http://factpages.npd.no/FactPages/Default.aspx?nav1=facility&nav2=PageView|Moveable|All&nav3=288523,288523,2258713,,08.05.2013
OCEAN VIKING,Diamond Offshore Drilling LTD.,SEMISUB STEEL,,NORWAY,http://factpages.npd.no/FactPages/Default.aspx?nav1=facility&nav2=PageView|Moveable|All&nav3=296407,296407,2258713,,08.05.2013
OCEAN VOYAGER,Diamond Offshore Drilling LTD.,SEMISUB STEEL,,NORWAY,http://factpages.npd.no/FactPages/Default.aspx?nav1=facility&nav2=PageView|Moveable|All&nav3=288550,288550,2258713,,08.05.2013
OCEAN WINNER,Diamond Offshore Drilling LTD.,SEMISUB STEEL,DRILLING,Panama,http://factpages.npd.no/FactPages/Default.aspx?nav1=facility&nav2=PageView|Moveable|All&nav3=298081,298081,2258713,,08.05.2013
OCEAN YATZY,Diamond Offshore Drilling LTD.,SEMISUB STEEL,,Panama,http://factpages.npd.no/FactPages/Default.aspx?nav1=facility&nav2=PageView|Moveable|All&nav3=289306,289306,2258713,,08.05.2013
ODIN DRILL,Energy Equipment Resource Inc,SEMISUB STEEL,,NORWAY,http://factpages.npd.no/FactPages/Default.aspx?nav1=facility&nav2=PageView|Moveable|All&nav3=288577,288577,2782981,,08.05.2013
ORION,Energy Equipment Resource Inc,JACK-UP 3 LEGS,,NORWAY,http://factpages.npd.no/FactPages/Default.aspx?nav1=facility&nav2=PageView|Moveable|All&nav3=288604,288604,2782981,,08.05.2013
PAUL B LOYD JR,Transocean Offshore Europe Ltd,SEMISUB STEEL,,Panama,http://factpages.npd.no/FactPages/Default.aspx?nav1=facility&nav2=PageView|Moveable|All&nav3=295084,295084,2050195,,08.05.2013
PELERIN,Transocean Offshore Europe Ltd,SEMISUB STEEL,,NORWAY,http://factpages.npd.no/FactPages/Default.aspx?nav1=facility&nav2=PageView|Moveable|All&nav3=289036,289036,2050195,,08.05.2013
PENTAGONE 84,Transocean Offshore Europe Ltd,SEMISUB STEEL,,NORWAY,http://factpages.npd.no/FactPages/Default.aspx?nav1=facility&nav2=PageView|Moveable|All&nav3=288982,288982,2050195,,08.05.2013
PETROBRAS XXIII,Petrobras Norge A/S,SEMISUB STEEL,,Liberia,http://factpages.npd.no/FactPages/Default.aspx?nav1=facility&nav2=PageView|Moveable|All&nav3=289414,289414,639,,08.05.2013
PHOLAS,Coe Metcalf Shipping LTD.,VESSEL,DRILLING,NORWAY,http://factpages.npd.no/FactPages/Default.aspx?nav1=facility&nav2=PageView|Moveable|All&nav3=361873,361873,2359249,,08.05.2013
POLAR BJØRN,Polar Search AS,VESSEL,,NORWAY,http://factpages.npd.no/FactPages/Default.aspx?nav1=facility&nav2=PageView|Moveable|All&nav3=295516,295516,2786227,,08.05.2013
POLAR PIONEER,Transocean Offshore Europe Ltd,SEMISUB STEEL,DRILLING,Panama,http://factpages.npd.no/FactPages/Default.aspx?nav1=facility&nav2=PageView|Moveable|All&nav3=289333,289333,2050195,,08.05.2013
POLAR PRINCE,Polar Search AS,VESSEL,,Italy,http://factpages.npd.no/FactPages/Default.aspx?nav1=facility&nav2=PageView|Moveable|All&nav3=297379,297379,2786227,,08.05.2013
POLAR QUEEN,Polar Search AS,VESSEL,,NORWAY,http://factpages.npd.no/FactPages/Default.aspx?nav1=facility&nav2=PageView|Moveable|All&nav3=295489,295489,2786227,,08.05.2013
POLARSTERN,,VESSEL,,GERMANY,http://factpages.npd.no/FactPages/Default.aspx?nav1=facility&nav2=PageView|Moveable|All&nav3=378320,378320,,,08.05.2013
POLYGLOMAR DRILLER,,SEMISUB STEEL,DRILLING,NORWAY,http://factpages.npd.no/FactPages/Default.aspx?nav1=facility&nav2=PageView|Moveable|All&nav3=362458,362458,,,08.05.2013
PRIDE SOUTH PACIFIC,Pride International Inc,SEMISUB STEEL,,Panama,http://factpages.npd.no/FactPages/Default.aspx?nav1=facility&nav2=PageView|Moveable|All&nav3=288145,288145,2449871,,08.05.2013
REGALIA,Prosafe Offshore Limited,SEMISUB STEEL,ACCOMMODATION - SUPPORT,Bahamas,http://factpages.npd.no/FactPages/Default.aspx?nav1=facility&nav2=PageView|Moveable|All&nav3=293815,293815,2252705,,08.05.2013
ROCKWATER SEMI 1,Prosafe Offshore Limited,SEMISUB STEEL,,Netherlands,http://factpages.npd.no/FactPages/Default.aspx?nav1=facility&nav2=PageView|Moveable|All&nav3=294166,294166,2252705,,08.05.2013
ROWAN GORILLA VI,Rowan Companies Inc,JACK-UP 3 LEGS,,GREAT BRITAIN,http://factpages.npd.no/FactPages/Default.aspx?nav1=facility&nav2=PageView|Moveable|All&nav3=375355,375355,4240911,,08.05.2013
ROWAN NORWAY,Rowan Companies Inc,JACK-UP 3 LEGS,DRILLING,Marshall islands,http://factpages.npd.no/FactPages/Default.aspx?nav1=facility&nav2=PageView|Moveable|All&nav3=417599,417599,4240911,,08.05.2013
ROWAN STAVANGER,Rowan Companies Inc,JACK-UP 3 LEGS,DRILLING,NORWAY,http://factpages.npd.no/FactPages/Default.aspx?nav1=facility&nav2=PageView|Moveable|All&nav3=413943,413943,4240911,08.08.2012,08.05.2013
SAFE BRITANIA,Prosafe Offshore Limited,SEMISUB STEEL,ACCOMMODATION,NORWAY,http://factpages.npd.no/FactPages/Default.aspx?nav1=facility&nav2=PageView|Moveable|All&nav3=296785,296785,2252705,,08.05.2013
SAFE CALEDONIA,Prosafe Offshore Limited,SEMISUB STEEL,ACCOMMODATION,NORWAY,http://factpages.npd.no/FactPages/Default.aspx?nav1=facility&nav2=PageView|Moveable|All&nav3=297730,297730,2252705,,08.05.2013
SAFE LANCIA,Prosafe Offshore Limited,SEMISUB STEEL,ACCOMMODATION,NORWAY,http://factpages.npd.no/FactPages/Default.aspx?nav1=facility&nav2=PageView|Moveable|All&nav3=295138,295138,2252705,,08.05.2013
SAFE SCANDINAVIA,Prosafe Offshore Limited,SEMISUB STEEL,ACCOMMODATION,NORWAY,http://factpages.npd.no/FactPages/Default.aspx?nav1=facility&nav2=PageView|Moveable|All&nav3=297757,297757,2252705,,08.05.2013
SAIPEM 7000,SAIPEM (UK) LTD,VESSEL,,Italy,http://factpages.npd.no/FactPages/Default.aspx?nav1=facility&nav2=PageView|Moveable|All&nav3=297190,297190,40874,,08.05.2013
SAIPEM II,SAIPEM (UK) LTD,VESSEL,,NORWAY,http://factpages.npd.no/FactPages/Default.aspx?nav1=facility&nav2=PageView|Moveable|All&nav3=288685,288685,40874,,08.05.2013
SANTA FE 135,Global SantaFe Corporation,SEMISUB STEEL,,NORWAY,http://factpages.npd.no/FactPages/Default.aspx?nav1=facility&nav2=PageView|Moveable|All&nav3=289792,289792,2449400,,08.05.2013
SANTA FE 140,Global SantaFe Corporation,SEMISUB STEEL,,NORWAY,http://factpages.npd.no/FactPages/Default.aspx?nav1=facility&nav2=PageView|Moveable|All&nav3=289819,289819,2449400,,08.05.2013
SCANDI ACERGY,DOF Management AS,VESSEL,,NORWAY,http://factpages.npd.no/FactPages/Default.aspx?nav1=facility&nav2=PageView|Moveable|All&nav3=415496,415496,5781675,,08.05.2013
SCARABEO 5,SAIPEM (UK) LTD,SEMISUB STEEL,DRILLING,Italy,http://factpages.npd.no/FactPages/Default.aspx?nav1=facility&nav2=PageView|Moveable|All&nav3=294058,294058,40874,,08.05.2013
SCARABEO 6,SAIPEM (UK) LTD,SEMISUB STEEL,DRILLING,Bahamas,http://factpages.npd.no/FactPages/Default.aspx?nav1=facility&nav2=PageView|Moveable|All&nav3=297001,297001,40874,,08.05.2013
SCARABEO 8,SAIPEM (UK) LTD,SEMISUB STEEL,,Italy,http://factpages.npd.no/FactPages/Default.aspx?nav1=facility&nav2=PageView|Moveable|All&nav3=404415,404415,40874,,08.05.2013
SEAWAY CONDOR,Stolt Offshore A/S,VESSEL,SUPPORT,NORWAY,http://factpages.npd.no/FactPages/Default.aspx?nav1=facility&nav2=PageView|Moveable|All&nav3=294220,294220,2411309,,08.05.2013
SEAWAY HARRIER,Stolt Offshore A/S,VESSEL,,NORWAY,http://factpages.npd.no/FactPages/Default.aspx?nav1=facility&nav2=PageView|Moveable|All&nav3=294328,294328,2411309,,08.05.2013
SEAWAY OSPREY,Stolt Offshore A/S,VESSEL,,NORWAY,http://factpages.npd.no/FactPages/Default.aspx?nav1=facility&nav2=PageView|Moveable|All&nav3=297973,297973,2411309,,08.05.2013
SEDCO 135 G,Transocean Offshore Europe Ltd,SEMISUB STEEL,,NORWAY,http://factpages.npd.no/FactPages/Default.aspx?nav1=facility&nav2=PageView|Moveable|All&nav3=288766,288766,2050195,,08.05.2013
SEDCO 703,Transocean Offshore Europe Ltd,SEMISUB STEEL,,NORWAY,http://factpages.npd.no/FactPages/Default.aspx?nav1=facility&nav2=PageView|Moveable|All&nav3=288793,288793,2050195,,08.05.2013
SEDCO 704,Transocean Offshore Europe Ltd,SEMISUB STEEL,,NORWAY,http://factpages.npd.no/FactPages/Default.aspx?nav1=facility&nav2=PageView|Moveable|All&nav3=288820,288820,2050195,,08.05.2013
SEDCO 707,Transocean Offshore Europe Ltd,SEMISUB STEEL,,NORWAY,http://factpages.npd.no/FactPages/Default.aspx?nav1=facility&nav2=PageView|Moveable|All&nav3=288037,288037,2050195,,08.05.2013
SEDCO H,Transocean Offshore Europe Ltd,SEMISUB STEEL,,NORWAY,http://factpages.npd.no/FactPages/Default.aspx?nav1=facility&nav2=PageView|Moveable|All&nav3=288712,288712,2050195,,08.05.2013
SEDNETH I,Transocean Offshore Europe Ltd,SEMISUB STEEL,,NORWAY,http://factpages.npd.no/FactPages/Default.aspx?nav1=facility&nav2=PageView|Moveable|All&nav3=288847,288847,2050195,,08.05.2013
SEVEN PELICAN,Well Ops (UK) Ltd,VESSEL,,GREAT BRITAIN,http://factpages.npd.no/FactPages/Default.aspx?nav1=facility&nav2=PageView|Moveable|All&nav3=364568,364568,2819894,,08.05.2013
SEVEN SISTERS,Siem Offshore AS,VESSEL,SUPPORT,NORWAY,http://factpages.npd.no/FactPages/Default.aspx?nav1=facility&nav2=PageView|Moveable|All&nav3=409783,409783,18054440,,08.05.2013
SIEM PILOT,Siem Offshore AS,VESSEL,,NORWAY,http://factpages.npd.no/FactPages/Default.aspx?nav1=facility&nav2=PageView|Moveable|All&nav3=415967,415967,18054440,,08.05.2013
SKANDI AKER,DOF Management AS,VESSEL,,NORWAY,http://factpages.npd.no/FactPages/Default.aspx?nav1=facility&nav2=PageView|Moveable|All&nav3=411835,411835,5781675,,08.05.2013
SKANDI ARCTIC,DOF Management AS,VESSEL,SUPPORT,NORWAY,http://factpages.npd.no/FactPages/Default.aspx?nav1=facility&nav2=PageView|Moveable|All&nav3=429269,429269,5781675,,08.05.2013
SKANDI CHIEFTAIN,DOF Management AS,VESSEL,,NORWAY,http://factpages.npd.no/FactPages/Default.aspx?nav1=facility&nav2=PageView|Moveable|All&nav3=415441,415441,5781675,,08.05.2013
SKANDI SOTRA,DOF Management AS,VESSEL,ACCOMMODATION,NORWAY,http://factpages.npd.no/FactPages/Default.aspx?nav1=facility&nav2=PageView|Moveable|All&nav3=406180,406180,5781675,,08.05.2013
SONGA DEE,Songa Offshore ASA,SEMISUB STEEL,DRILLING,NORWAY,http://factpages.npd.no/FactPages/Default.aspx?nav1=facility&nav2=PageView|Moveable|All&nav3=290980,290980,4055931,,08.05.2013
SONGA DELTA,Songa Offshore ASA,SEMISUB STEEL,DRILLING,NORWAY,http://factpages.npd.no/FactPages/Default.aspx?nav1=facility&nav2=PageView|Moveable|All&nav3=287821,287821,4055931,17.08.2012,08.05.2013
SONGA TRYM,Songa Offshore ASA,SEMISUB STEEL,DRILLING,NORWAY,http://factpages.npd.no/FactPages/Default.aspx?nav1=facility&nav2=PageView|Moveable|All&nav3=296164,296164,4055931,05.04.2013,08.05.2013
SOVEREIGN EXPLOR,Transocean Offshore Europe Ltd,SEMISUB STEEL,DRILLING,Liberia,http://factpages.npd.no/FactPages/Default.aspx?nav1=facility&nav2=PageView|Moveable|All&nav3=289846,289846,2050195,,08.05.2013
STENA DON,Stena Drilling Limited,SEMISUB STEEL,DRILLING,Marshall islands,http://factpages.npd.no/FactPages/Default.aspx?nav1=facility&nav2=PageView|Moveable|All&nav3=297649,297649,2399644,,08.05.2013
TOISA PERSEUS,SEALION SHIPPING LTD.,VESSEL,SUPPORT,NORWAY,http://factpages.npd.no/FactPages/Default.aspx?nav1=facility&nav2=PageView|Moveable|All&nav3=297676,297676,1629661,,08.05.2013
TOISA POLARIS,SEALION SHIPPING LTD.,VESSEL,SUPPORT,NORWAY,http://factpages.npd.no/FactPages/Default.aspx?nav1=facility&nav2=PageView|Moveable|All&nav3=297622,297622,1629661,,08.05.2013
TRANSOCEAN AMIRANTE,Transocean Offshore Europe Ltd,SEMISUB STEEL,,Panama,http://factpages.npd.no/FactPages/Default.aspx?nav1=facility&nav2=PageView|Moveable|All&nav3=290737,290737,2050195,,08.05.2013
TRANSOCEAN ARCTIC,Transocean Offshore Europe Ltd,SEMISUB STEEL,DRILLING,Marshall islands,http://factpages.npd.no/FactPages/Default.aspx?nav1=facility&nav2=PageView|Moveable|All&nav3=294382,294382,2050195,,08.05.2013
TRANSOCEAN BARENTS,Transocean Norway Drilling AS,SEMISUB STEEL,DRILLING,Bahamas,http://factpages.npd.no/FactPages/Default.aspx?nav1=facility&nav2=PageView|Moveable|All&nav3=404303,404303,21125820,08.01.2013,08.05.2013
TRANSOCEAN LEADER,Transocean Offshore Europe Ltd,SEMISUB STEEL,DRILLING,Bahamas,http://factpages.npd.no/FactPages/Default.aspx?nav1=facility&nav2=PageView|Moveable|All&nav3=296677,296677,2050195,,08.05.2013
TRANSOCEAN NORDIC,Transocean Offshore Europe Ltd,JACK-UP 3 LEGS,DRILLING,Panama,http://factpages.npd.no/FactPages/Default.aspx?nav1=facility&nav2=PageView|Moveable|All&nav3=296191,296191,2050195,,08.05.2013
TRANSOCEAN PROSPECT,Transocean Offshore Europe Ltd,SEMISUB STEEL,DRILLING,Bahamas,http://factpages.npd.no/FactPages/Default.aspx?nav1=facility&nav2=PageView|Moveable|All&nav3=296218,296218,2050195,,08.05.2013
TRANSOCEAN SEARCHER,Transocean Offshore Europe Ltd,SEMISUB STEEL,DRILLING,Marshall islands,http://factpages.npd.no/FactPages/Default.aspx?nav1=facility&nav2=PageView|Moveable|All&nav3=296245,296245,2050195,,08.05.2013
TRANSOCEAN SPITSBERGEN,Transocean Norway Drilling AS,SEMISUB STEEL,DRILLING,Bahamas,http://factpages.npd.no/FactPages/Default.aspx?nav1=facility&nav2=PageView|Moveable|All&nav3=404201,404201,21125820,,08.05.2013
TRANSOCEAN WINNER,Transocean Offshore Europe Ltd,SEMISUB STEEL,DRILLING,Marshall islands,http://factpages.npd.no/FactPages/Default.aspx?nav1=facility&nav2=PageView|Moveable|All&nav3=296326,296326,2050195,,08.05.2013
TRANSWORLD RIG61,Transocean Offshore Europe Ltd,SEMISUB STEEL,DRILLING,NORWAY,http://factpages.npd.no/FactPages/Default.aspx?nav1=facility&nav2=PageView|Moveable|All&nav3=362531,362531,2050195,,08.05.2013
VIKING POSEIDON,EIDESVIK SHIPPING AS,VESSEL,SUPPORT,NORWAY,http://factpages.npd.no/FactPages/Default.aspx?nav1=facility&nav2=PageView|Moveable|All&nav3=368585,368585,3362279,,08.05.2013
VOLSTAD SUPPLIER,Volstad Shipping AS,VESSEL,SUPPORT,NORWAY,http://factpages.npd.no/FactPages/Default.aspx?nav1=facility&nav2=PageView|Moveable|All&nav3=395490,395490,4966195,,08.05.2013
WELLSERVICER,Technip Offshore UK Limited,VESSEL,ACCOMMODATION,GREAT BRITAIN,http://factpages.npd.no/FactPages/Default.aspx?nav1=facility&nav2=PageView|Moveable|All&nav3=373983,373983,4055814,,08.05.2013
WEST ALPHA,North Atlantic Norway Ltd,SEMISUB STEEL,DRILLING,Panama,http://factpages.npd.no/FactPages/Default.aspx?nav1=facility&nav2=PageView|Moveable|All&nav3=297514,297514,22507678,21.11.2012,08.05.2013
WEST BETA,Seadrill Offshore AS,JACKET 4 LEGS,,Liberia,http://factpages.npd.no/FactPages/Default.aspx?nav1=facility&nav2=PageView|Moveable|All&nav3=288118,288118,4070351,,08.05.2013
WEST ELARA,North Atlantic Norway Ltd,JACK-UP 3 LEGS,DRILLING,NORWAY,http://factpages.npd.no/FactPages/Default.aspx?nav1=facility&nav2=PageView|Moveable|All&nav3=414002,414002,22507678,21.11.2012,08.05.2013
WEST EPSILON,North Atlantic Norway Ltd,JACK-UP 3 LEGS,DRILLING,Panama,http://factpages.npd.no/FactPages/Default.aspx?nav1=facility&nav2=PageView|Moveable|All&nav3=296110,296110,22507678,21.11.2012,08.05.2013
WEST GAMMA,Seadrill Offshore AS,JACK-UP 3 LEGS,,NORWAY,http://factpages.npd.no/FactPages/Default.aspx?nav1=facility&nav2=PageView|Moveable|All&nav3=288226,288226,4070351,,08.05.2013
WEST HERCULES,North Atlantic Norway Ltd,SEMISUB STEEL,,NORWAY,http://factpages.npd.no/FactPages/Default.aspx?nav1=facility&nav2=PageView|Moveable|All&nav3=415836,415836,22507678,21.11.2012,08.05.2013
WEST NAVIGATOR,Seadrill Offshore AS,VESSEL,DRILLING,NORWAY,http://factpages.npd.no/FactPages/Default.aspx?nav1=facility&nav2=PageView|Moveable|All&nav3=297082,297082,4070351,,08.05.2013
WEST PHOENIX,North Atlantic Norway Ltd,SEMISUB STEEL,DRILLING,Panama,http://factpages.npd.no/FactPages/Default.aspx?nav1=facility&nav2=PageView|Moveable|All&nav3=390874,390874,22507678,21.11.2012,08.05.2013
WEST VENTURE ,North Atlantic Norway Ltd,SEMISUB STEEL,DRILLING,NORWAY,http://factpages.npd.no/FactPages/Default.aspx?nav1=facility&nav2=PageView|Moveable|All&nav3=297055,297055,22507678,21.11.2012,08.05.2013
WEST VENTURE OLD,Smedvig Offshore AS,SEMISUB STEEL,,Luxembourg,http://factpages.npd.no/FactPages/Default.aspx?nav1=facility&nav2=PageView|Moveable|All&nav3=362494,362494,2359213,,08.05.2013
WEST VISION,Seadrill Offshore AS,SEMISUB STEEL,OIL PRODUCER,NORWAY,http://factpages.npd.no/FactPages/Default.aspx?nav1=facility&nav2=PageView|Moveable|All&nav3=289495,289495,4070351,31.01.2013,08.05.2013
WILLNOVATOR,COSL Drilling Europe AS,VESSEL,,NORWAY,http://factpages.npd.no/FactPages/Default.aspx?nav1=facility&nav2=PageView|Moveable|All&nav3=404524,404524,5125369,,08.05.2013
ZAPATA EXPLORER,Arethusa (Off-Shore) Ltd.,JACK-UP 3 LEGS,,NORWAY,http://factpages.npd.no/FactPages/Default.aspx?nav1=facility&nav2=PageView|Moveable|All&nav3=288901,288901,2783026,,08.05.2013
ZAPATA NORDIC,Arethusa (Off-Shore) Ltd.,JACK-UP 3 LEGS,,NORWAY,http://factpages.npd.no/FactPages/Default.aspx?nav1=facility&nav2=PageView|Moveable|All&nav3=288928,288928,2783026,,08.05.2013

