﻿fldName,fldOwnerKind,fldOwnerName,fldOwnershipFromDate,fldOwnershipToDate,fldNpdidField,fldNpdidOwner,fldOwnerDateUpdated,datesyncNPD
ALBUSKJELL,PRODUCTION LICENSE,018,25.04.1975,,43437,20900,,08.05.2013
ALVE,PRODUCTION LICENSE,159 B,16.03.2007,,4444332,2819945,,08.05.2013
ALVHEIM,PRODUCTION LICENSE,203,06.10.2004,,2845712,22436,,08.05.2013
ATLA,PRODUCTION LICENSE,102 C,04.11.2011,,21106284,5467035,,08.05.2013
BALDER,PRODUCTION LICENSE,001,02.02.1996,,43562,20756,,08.05.2013
BLANE,BUSINESS ARRANGEMENT AREA,BLANE UNIT,01.07.2005,,3437650,3437667,,08.05.2013
BRAGE,PRODUCTION LICENSE,055,29.03.1990,26.12.1993,43651,21236,,08.05.2013
BRAGE,BUSINESS ARRANGEMENT AREA,BRAGE UNIT,27.12.1993,,43651,40432,,08.05.2013
BRYNHILD,PRODUCTION LICENSE,148,11.11.2011,,21123063,21996,,08.05.2013
BØYLA,PRODUCTION LICENSE,340,26.10.2012,,22492497,2986630,,08.05.2013
COD,PRODUCTION LICENSE,018,04.05.1973,,43785,20900,,08.05.2013
DRAUGEN,PRODUCTION LICENSE,093,19.12.1988,,43758,21548,,08.05.2013
EDDA,PRODUCTION LICENSE,018,25.04.1975,,43541,20900,,08.05.2013
EDVARD GRIEG,PRODUCTION LICENSE,338,11.06.2012,,21675433,2986578,,08.05.2013
EKOFISK,PRODUCTION LICENSE,018,01.03.1972,,43506,20900,,08.05.2013
ELDFISK,PRODUCTION LICENSE,018,25.04.1975,,43527,20900,,08.05.2013
EMBLA,PRODUCTION LICENSE,018,14.12.1990,,43534,20900,,08.05.2013
ENOCH,BUSINESS ARRANGEMENT AREA,ENOCH UNIT,01.07.2005,,3437659,3437805,,08.05.2013
FRAM,PRODUCTION LICENSE,090,23.03.2001,,1578840,21524,,08.05.2013
FRIGG,PRODUCTION LICENSE,024,13.06.1974,11.12.1977,43555,20964,,08.05.2013
FRIGG,BUSINESS ARRANGEMENT AREA,FRIGG UNIT,12.12.1977,,43555,45634,,08.05.2013
FRØY,BUSINESS ARRANGEMENT AREA,FRØY UNIT,19.08.1992,31.12.2002,43597,41175,,08.05.2013
FRØY,PRODUCTION LICENSE,364,06.01.2006,,43597,3810636,,08.05.2013
GAUPE,PRODUCTION LICENSE,292,25.06.2010,,18161341,2407572,,08.05.2013
GIMLE,BUSINESS ARRANGEMENT AREA,GIMLE UNIT,18.05.2006,,4005142,4007192,,08.05.2013
GJØA,PRODUCTION LICENSE,153,14.06.2007,,4467574,22036,,08.05.2013
GLITNE,PRODUCTION LICENSE,048,08.09.2000,09.01.2001,1272071,21172,,08.05.2013
GLITNE,PRODUCTION LICENSE,048 B,10.01.2001,,1272071,1342723,,08.05.2013
GOLIAT,PRODUCTION LICENSE,229,18.06.2009,,5774394,22644,,08.05.2013
GRANE,BUSINESS ARRANGEMENT AREA,GRANE UNIT,14.06.2000,,1035937,1031365,,08.05.2013
GUDRUN,PRODUCTION LICENSE,025,16.06.2010,,18116481,34512,,08.05.2013
GULLFAKS,PRODUCTION LICENSE,050,09.10.1981,,43686,21188,,08.05.2013
GULLFAKS SØR,PRODUCTION LICENSE,050,29.03.1996,,43699,21188,,08.05.2013
GUNGNE,PRODUCTION LICENSE,046,29.08.1995,,43464,21156,,08.05.2013
GYDA,PRODUCTION LICENSE,019 B,02.06.1987,,43492,20924,,08.05.2013
HEIDRUN,PRODUCTION LICENSE,095,14.05.1991,26.11.1991,43771,21564,,08.05.2013
HEIDRUN,BUSINESS ARRANGEMENT AREA,HEIDRUN UNIT,27.11.1991,,43771,40490,,08.05.2013
HEIMDAL,BUSINESS ARRANGEMENT AREA,HEIMDAL UNIT,10.06.1981,12.10.2003,43590,41470,,08.05.2013
HEIMDAL,PRODUCTION LICENSE,036 BS,13.10.2003,,43590,2473189,,08.05.2013
HOD,PRODUCTION LICENSE,033,26.06.1988,,43485,21052,,08.05.2013
HULDRA,BUSINESS ARRANGEMENT AREA,HULDRA UNIT,02.02.1999,,97002,41189,,08.05.2013
HYME,PRODUCTION LICENSE,348,24.06.2011,,20474183,2987047,,08.05.2013
ISLAY,PRODUCTION LICENSE,043 CS,05.07.2010,,21105675,18116800,,08.05.2013
JETTE,BUSINESS ARRANGEMENT AREA,JETTE UNIT,17.02.2012,,21613906,21077388,,08.05.2013
JOTUN,PRODUCTION LICENSE,027 P,10.06.1997,31.12.1997,43604,20996,,08.05.2013
JOTUN,BUSINESS ARRANGEMENT AREA,JOTUN UNIT,01.01.1998,,43604,40655,,08.05.2013
KNARR,PRODUCTION LICENSE,373 S,09.06.2011,,20460988,3811116,,08.05.2013
KRISTIN,BUSINESS ARRANGEMENT AREA,HALTENBANKEN VEST UNIT,17.12.2001,,1854729,1854695,,08.05.2013
KVITEBJØRN,PRODUCTION LICENSE,193,14.06.2000,,1036101,22356,,08.05.2013
LILLE-FRIGG,PRODUCTION LICENSE,026,06.09.1991,24.05.2002,43583,20980,,08.05.2013
LILLE-FRIGG,PRODUCTION LICENSE,362,06.01.2006,,43583,3810565,,08.05.2013
MARTIN LINGE,BUSINESS ARRANGEMENT AREA,MARTIN LINGE UNIT,11.06.2012,,21675447,3812119,,08.05.2013
MARULK,PRODUCTION LICENSE,122,15.07.2010,,18212090,21788,,08.05.2013
MIKKEL,BUSINESS ARRANGEMENT AREA,MIKKEL UNIT,14.09.2001,,1630514,1629477,,08.05.2013
MIME,PRODUCTION LICENSE,070,06.11.1992,31.12.1999,43792,21356,,08.05.2013
MIME,PRODUCTION LICENSE,301,12.12.2003,,43792,2490380,,08.05.2013
MORVIN,PRODUCTION LICENSE,134 B,25.04.2000,,4966234,1025257,,08.05.2013
MURCHISON,BUSINESS ARRANGEMENT AREA,MURCHISON UNIT,01.04.1979,,43665,42302,,08.05.2013
NJORD,BUSINESS ARRANGEMENT AREA,NJORD UNIT,12.06.1995,,43751,40585,,08.05.2013
NORDØST FRIGG,BUSINESS ARRANGEMENT AREA,NORDØST FRIGG UNIT,12.09.1980,31.12.1995,43568,42225,,08.05.2013
NORDØST FRIGG,PRODUCTION LICENSE,415,16.02.2007,16.02.2009,43568,4237498,,08.05.2013
NORNE,BUSINESS ARRANGEMENT AREA,NORNE INSIDE,09.03.1995,,43778,40672,,08.05.2013
ODIN,PRODUCTION LICENSE,030,18.07.1980,31.12.1995,43610,21028,,08.05.2013
ODIN,PRODUCTION LICENSE,415,16.02.2007,16.02.2009,43610,4237498,,08.05.2013
ORMEN LANGE,BUSINESS ARRANGEMENT AREA,ORMEN LANGE UNIT,02.04.2004,,2762452,2588637,,08.05.2013
OSEBERG,BUSINESS ARRANGEMENT AREA,OSEBERG UNIT,05.06.1984,15.06.2004,43625,41040,,08.05.2013
OSEBERG,BUSINESS ARRANGEMENT AREA,OSEBERG AREA UNIT,16.06.2004,,43625,3500071,,08.05.2013
OSEBERG SØR,BUSINESS ARRANGEMENT AREA,OSEBERG SØR UNIT,10.06.1997,15.06.2004,43645,40638,,08.05.2013
OSEBERG SØR,BUSINESS ARRANGEMENT AREA,OSEBERG AREA UNIT,16.06.2004,,43645,3500071,,08.05.2013
OSEBERG ØST,PRODUCTION LICENSE,053,11.10.1996,15.06.2004,43639,21220,,08.05.2013
OSEBERG ØST,BUSINESS ARRANGEMENT AREA,OSEBERG AREA UNIT,16.06.2004,,43639,3500071,,08.05.2013
OSELVAR,PRODUCTION LICENSE,274,19.06.2009,,5506919,2060266,,08.05.2013
REV,PRODUCTION LICENSE,038 C,15.06.2007,,4467554,4005057,,08.05.2013
RINGHORNE ØST,BUSINESS ARRANGEMENT AREA,RINGHORNE ØST UNIT,10.11.2005,,3505505,3505593,,08.05.2013
SIGYN,PRODUCTION LICENSE,072,31.08.2001,,1630100,21372,,08.05.2013
SKARV,BUSINESS ARRANGEMENT AREA,SKARV UNIT,18.12.2007,,4704482,4468539,,08.05.2013
SKIRNE,PRODUCTION LICENSE,102,05.07.2002,,2138816,21620,,08.05.2013
SKULD,PRODUCTION LICENSE,128,20.01.2012,,21350124,21836,,08.05.2013
SLEIPNER VEST,PRODUCTION LICENSE,046,14.12.1992,30.06.1994,43457,21156,,08.05.2013
SLEIPNER VEST,BUSINESS ARRANGEMENT AREA,SLEIPNER VEST UNIT,01.07.1994,,43457,40848,,08.05.2013
SLEIPNER ØST,PRODUCTION LICENSE,046,15.12.1986,14.01.1993,43478,21156,,08.05.2013
SLEIPNER ØST,BUSINESS ARRANGEMENT AREA,SLEIPNER ØST UNIT,15.01.1993,,43478,41211,,08.05.2013
SNORRE,BUSINESS ARRANGEMENT AREA,SNORRE UNIT,27.05.1988,,43718,40906,,08.05.2013
SNØHVIT,BUSINESS ARRANGEMENT AREA,SNØHVIT UNIT,07.03.2002,,2053062,1333943,,08.05.2013
STATFJORD,PRODUCTION LICENSE,037,16.06.1976,31.05.1979,43658,21084,,08.05.2013
STATFJORD,BUSINESS ARRANGEMENT AREA,STATFJORD UNIT,01.06.1979,,43658,41686,,08.05.2013
STATFJORD NORD,PRODUCTION LICENSE,037,11.12.1990,,43679,21084,,08.05.2013
STATFJORD ØST,BUSINESS ARRANGEMENT AREA,STATFJORD ØST UNIT,26.06.1991,,43672,41233,,08.05.2013
SVALIN,PRODUCTION LICENSE,169,23.11.2012,,22507971,22164,,08.05.2013
SYGNA,BUSINESS ARRANGEMENT AREA,SYGNA UNIT,30.04.1999,,104718,96205,,08.05.2013
TAMBAR,PRODUCTION LICENSE,065,03.04.2000,,1028599,21316,,08.05.2013
TAMBAR ØST,BUSINESS ARRANGEMENT AREA,TAMBAR ØST UNIT,28.06.2007,,4999528,4999504,,08.05.2013
TOMMELITEN GAMMA,BUSINESS ARRANGEMENT AREA,TOMMELITEN UNIT,12.06.1986,,43444,41411,,08.05.2013
TOR,PRODUCTION LICENSE,018,04.05.1973,09.12.1975,43520,20900,,08.05.2013
TOR,BUSINESS ARRANGEMENT AREA,TOR UNIT,10.12.1975,,43520,45891,,08.05.2013
TORDIS,PRODUCTION LICENSE,089,14.05.1991,,43725,21516,,08.05.2013
TROLL,BUSINESS ARRANGEMENT AREA,TROLL UNIT,01.01.1987,,46437,41105,,08.05.2013
TRYM,PRODUCTION LICENSE,147,26.03.2010,,18081500,21988,,08.05.2013
TUNE,PRODUCTION LICENSE,190,17.12.1999,,853376,22332,,08.05.2013
TYRIHANS,BUSINESS ARRANGEMENT AREA,TYRIHANS UNIT,16.02.2006,,3960848,3488806,,08.05.2013
ULA,PRODUCTION LICENSE,019,30.05.1980,,43800,20916,,08.05.2013
URD,PRODUCTION LICENSE,128,02.07.2004,,2834734,21836,,08.05.2013
VALE,PRODUCTION LICENSE,036,23.03.2001,,1578893,21076,,08.05.2013
VALEMON,BUSINESS ARRANGEMENT AREA,VALEMON UNIT,09.06.2011,,20460969,18403644,,08.05.2013
VALHALL,PRODUCTION LICENSE,006,02.06.1977,27.09.1982,43548,20804,,08.05.2013
VALHALL,BUSINESS ARRANGEMENT AREA,VALHALL UNIT,28.09.1982,,43548,41657,,08.05.2013
VARG,PRODUCTION LICENSE,038,03.05.1996,,43451,21092,,08.05.2013
VEGA,PRODUCTION LICENSE,248,14.06.2007,28.02.2011,4467595,102285,,08.05.2013
VEGA,BUSINESS ARRANGEMENT AREA,VEGA UNIT,01.03.2011,,4467595,20459640,,08.05.2013
VESLEFRIKK,PRODUCTION LICENSE,052,02.06.1987,,43618,21212,,08.05.2013
VEST EKOFISK,PRODUCTION LICENSE,018,04.05.1973,,43513,20900,,08.05.2013
VIGDIS,PRODUCTION LICENSE,089,16.12.1994,,43732,21516,,08.05.2013
VILJE,PRODUCTION LICENSE,036,18.03.2005,16.10.2008,3392471,21076,,08.05.2013
VILJE,PRODUCTION LICENSE,036 D,17.10.2008,,3392471,5081703,,08.05.2013
VISUND,BUSINESS ARRANGEMENT AREA,VISUND INSIDE,29.03.1996,,43745,40726,,08.05.2013
VISUND SØR,BUSINESS ARRANGEMENT AREA,VISUND INSIDE,10.06.2011,,20461008,40726,,08.05.2013
VOLUND,PRODUCTION LICENSE,150,18.01.2007,,4380167,22012,,08.05.2013
VOLVE,BUSINESS ARRANGEMENT AREA,SLEIPNER ØST UNIT,22.04.2005,27.11.2006,3420717,41211,,08.05.2013
VOLVE,PRODUCTION LICENSE,046 BS,28.11.2006,,3420717,4227659,,08.05.2013
YME,PRODUCTION LICENSE,114,06.01.1995,31.12.2001,43807,21716,,08.05.2013
YME,PRODUCTION LICENSE,316,18.06.2004,,43807,2786469,,08.05.2013
YTTERGRYTA,PRODUCTION LICENSE,062,21.05.2008,,4973114,21292,,08.05.2013
ØST FRIGG,PRODUCTION LICENSE,026,14.12.1984,30.11.1987,43576,20980,,08.05.2013
ØST FRIGG,BUSINESS ARRANGEMENT AREA,ØST FRIGG UNIT,01.12.1987,31.12.2000,43576,41313,,08.05.2013
ØST FRIGG,PRODUCTION LICENSE,362,06.01.2006,,43576,3810565,,08.05.2013
ÅSGARD,BUSINESS ARRANGEMENT AREA,ÅSGARD UNIT,14.06.1996,,43765,40564,,08.05.2013

