﻿fldName,cmpLongName,fldOperatorFrom,fldOperatorTo,fldNpdidField,cmpNpdidCompany,fldOperatorDateUpdated,datesyncNPD
ALBUSKJELL,Phillips Petroleum Company Norway,25.04.1975,22.10.2002,43437,694,,08.05.2013
ALBUSKJELL,ConocoPhillips Norge,23.10.2002,04.03.2003,43437,2144081,,08.05.2013
ALBUSKJELL,Phillips Petroleum Norsk AS,05.03.2003,05.05.2003,43437,705,,08.05.2013
ALBUSKJELL,ConocoPhillips Skandinavia AS,06.05.2003,,43437,2410696,,08.05.2013
ALVE,Statoil ASA (old),16.03.2007,30.09.2007,4444332,1622484,,08.05.2013
ALVE,StatoilHydro ASA,01.10.2007,31.12.2008,4444332,4511854,,08.05.2013
ALVE,StatoilHydro Petroleum AS,01.01.2009,31.10.2009,4444332,4511658,,08.05.2013
ALVE,Statoil Petroleum AS,01.11.2009,,4444332,17237817,,08.05.2013
ALVHEIM,Marathon Petroleum Norge AS,06.10.2004,03.07.2011,2845712,463,,08.05.2013
ALVHEIM,Marathon Oil Norge AS,04.07.2011,,2845712,20485291,,08.05.2013
ATLA,Total E&P Norge AS,04.11.2011,,21106284,2410708,,08.05.2013
BALDER,Esso Exploration and Production Norway A/S,02.02.1996,30.09.2004,43562,353,,08.05.2013
BALDER,ExxonMobil Exploration & Production Norway AS,01.10.2004,,43562,2835212,,08.05.2013
BLANE,Paladin Expro Limited,01.07.2005,18.12.2005,3437650,3437686,,08.05.2013
BLANE,Talisman Expro Limited,19.12.2005,30.10.2006,3437650,3987589,,08.05.2013
BLANE,Talisman North Sea Limited,31.10.2006,09.09.2007,3437650,4462398,,08.05.2013
BLANE,Talisman Energy Norge AS,10.09.2007,,3437650,2425093,,08.05.2013
BRAGE,Norsk Hydro Produksjon AS,29.03.1990,31.12.2006,43651,430,,08.05.2013
BRAGE,Norsk Hydro Petroleum AS,01.01.2007,30.09.2007,43651,4524355,,08.05.2013
BRAGE,StatoilHydro Petroleum AS,01.10.2007,31.10.2009,43651,4511658,,08.05.2013
BRAGE,Statoil Petroleum AS,01.11.2009,,43651,17237817,,08.05.2013
BRYNHILD,Lundin Norway AS,11.11.2011,,21123063,2767314,,08.05.2013
BØYLA,Marathon Oil Norge AS,26.10.2012,,22492497,20485291,,08.05.2013
COD,Phillips Petroleum Company Norway,04.05.1973,22.10.2002,43785,694,,08.05.2013
COD,ConocoPhillips Norge,23.10.2002,04.03.2003,43785,2144081,,08.05.2013
COD,Phillips Petroleum Norsk AS,05.03.2003,05.05.2003,43785,705,,08.05.2013
COD,ConocoPhillips Skandinavia AS,06.05.2003,,43785,2410696,,08.05.2013
DRAUGEN,A/S Norske Shell,19.12.1988,,43758,562,,08.05.2013
EDDA,Phillips Petroleum Company Norway,25.04.1975,22.10.2002,43541,694,,08.05.2013
EDDA,ConocoPhillips Norge,23.10.2002,04.03.2003,43541,2144081,,08.05.2013
EDDA,Phillips Petroleum Norsk AS,05.03.2003,05.05.2003,43541,705,,08.05.2013
EDDA,ConocoPhillips Skandinavia AS,06.05.2003,,43541,2410696,,08.05.2013
EDVARD GRIEG,Lundin Norway AS,11.06.2012,,21675433,2767314,,08.05.2013
EKOFISK,Phillips Petroleum Company Norway,01.03.1972,22.10.2002,43506,694,,08.05.2013
EKOFISK,ConocoPhillips Norge,23.10.2002,04.03.2003,43506,2144081,,08.05.2013
EKOFISK,Phillips Petroleum Norsk AS,05.03.2003,05.05.2003,43506,705,,08.05.2013
EKOFISK,ConocoPhillips Skandinavia AS,06.05.2003,,43506,2410696,,08.05.2013
ELDFISK,Phillips Petroleum Company Norway,25.04.1975,22.10.2002,43527,694,,08.05.2013
ELDFISK,ConocoPhillips Norge,23.10.2002,04.03.2003,43527,2144081,,08.05.2013
ELDFISK,Phillips Petroleum Norsk AS,05.03.2003,05.05.2003,43527,705,,08.05.2013
ELDFISK,ConocoPhillips Skandinavia AS,06.05.2003,,43527,2410696,,08.05.2013
EMBLA,Phillips Petroleum Company Norway,14.12.1990,22.10.2002,43534,694,,08.05.2013
EMBLA,ConocoPhillips Norge,23.10.2002,04.03.2003,43534,2144081,,08.05.2013
EMBLA,Phillips Petroleum Norsk AS,05.03.2003,05.05.2003,43534,705,,08.05.2013
EMBLA,ConocoPhillips Skandinavia AS,06.05.2003,,43534,2410696,,08.05.2013
ENOCH,Paladin Expro Limited,01.07.2005,18.12.2005,3437659,3437686,,08.05.2013
ENOCH,Talisman Expro Limited,19.12.2005,30.10.2006,3437659,3987589,,08.05.2013
ENOCH,Talisman North Sea Limited,31.10.2006,,3437659,4462398,,08.05.2013
FRAM,Norsk Hydro Produksjon AS,23.03.2001,31.12.2006,1578840,430,,08.05.2013
FRAM,Norsk Hydro Petroleum AS,01.01.2007,30.09.2007,1578840,4524355,,08.05.2013
FRAM,StatoilHydro Petroleum AS,01.10.2007,31.10.2009,1578840,4511658,,08.05.2013
FRAM,Statoil Petroleum AS,01.11.2009,,1578840,17237817,,08.05.2013
FRIGG,Elf Petroleum Norge AS,13.06.1974,24.07.2000,43555,298,,08.05.2013
FRIGG,TotalFinaElf Exploration Norge AS,24.07.2000,05.05.2003,43555,1340884,,08.05.2013
FRIGG,Total E&P Norge AS,06.05.2003,,43555,2410708,,08.05.2013
FRØY,Elf Petroleum Norge AS,18.05.1992,24.07.2000,43597,298,,08.05.2013
FRØY,TotalFinaElf Exploration Norge AS,24.07.2000,31.12.2002,43597,1340884,,08.05.2013
FRØY,Pertra AS,06.01.2006,28.02.2006,43597,3425724,,08.05.2013
FRØY,Pertra ASA,01.03.2006,15.11.2007,43597,3964368,,08.05.2013
FRØY,Det norske oljeselskap ASA (old),16.11.2007,21.12.2009,43597,4539989,,08.05.2013
FRØY,Det norske oljeselskap ASA,22.12.2009,,43597,17342870,,08.05.2013
GAUPE,BG Norge AS,25.06.2010,,18161341,2747354,,08.05.2013
GIMLE,Statoil ASA (old),18.05.2006,30.09.2007,4005142,1622484,,08.05.2013
GIMLE,StatoilHydro ASA,01.10.2007,31.12.2008,4005142,4511854,,08.05.2013
GIMLE,StatoilHydro Petroleum AS,01.01.2009,31.10.2009,4005142,4511658,,08.05.2013
GIMLE,Statoil Petroleum AS,01.11.2009,,4005142,17237817,,08.05.2013
GJØA,Statoil ASA (old),14.06.2007,30.09.2007,4467574,1622484,,08.05.2013
GJØA,StatoilHydro ASA,01.10.2007,31.12.2008,4467574,4511854,,08.05.2013
GJØA,StatoilHydro Petroleum AS,01.01.2009,31.10.2009,4467574,4511658,,08.05.2013
GJØA,Statoil Petroleum AS,01.11.2009,24.11.2010,4467574,17237817,,08.05.2013
GJØA,GDF SUEZ E&P Norge AS,25.11.2010,,4467574,5267845,,08.05.2013
GLITNE,Den norske stats oljeselskap a.s,08.09.2000,10.05.2001,1272071,749,,08.05.2013
GLITNE,Statoil ASA (old),10.05.2001,30.09.2007,1272071,1622484,,08.05.2013
GLITNE,StatoilHydro ASA,01.10.2007,31.12.2008,1272071,4511854,,08.05.2013
GLITNE,StatoilHydro Petroleum AS,01.01.2009,31.10.2009,1272071,4511658,,08.05.2013
GLITNE,Statoil Petroleum AS,01.11.2009,,1272071,17237817,,08.05.2013
GOLIAT,Eni Norge AS,18.06.2009,,5774394,2388594,,08.05.2013
GRANE,Norsk Hydro Produksjon AS,14.06.2000,31.12.2006,1035937,430,,08.05.2013
GRANE,Norsk Hydro Petroleum AS,01.01.2007,30.09.2007,1035937,4524355,,08.05.2013
GRANE,StatoilHydro Petroleum AS,01.10.2007,31.10.2009,1035937,4511658,,08.05.2013
GRANE,Statoil Petroleum AS,01.11.2009,,1035937,17237817,,08.05.2013
GUDRUN,Statoil Petroleum AS,16.06.2010,,18116481,17237817,,08.05.2013
GULLFAKS,Den norske stats oljeselskap a.s,09.10.1981,10.05.2001,43686,749,,08.05.2013
GULLFAKS,Statoil ASA (old),10.05.2001,30.09.2007,43686,1622484,,08.05.2013
GULLFAKS,StatoilHydro ASA,01.10.2007,31.12.2008,43686,4511854,,08.05.2013
GULLFAKS,StatoilHydro Petroleum AS,01.01.2009,31.10.2009,43686,4511658,,08.05.2013
GULLFAKS,Statoil Petroleum AS,01.11.2009,,43686,17237817,,08.05.2013
GULLFAKS SØR,Den norske stats oljeselskap a.s,29.03.1996,10.05.2001,43699,749,,08.05.2013
GULLFAKS SØR,Statoil ASA (old),10.05.2001,30.09.2007,43699,1622484,,08.05.2013
GULLFAKS SØR,StatoilHydro ASA,01.10.2007,31.12.2008,43699,4511854,,08.05.2013
GULLFAKS SØR,StatoilHydro Petroleum AS,01.01.2009,31.10.2009,43699,4511658,,08.05.2013
GULLFAKS SØR,Statoil Petroleum AS,01.11.2009,,43699,17237817,,08.05.2013
GUNGNE,Den norske stats oljeselskap a.s,29.08.1995,10.05.2001,43464,749,,08.05.2013
GUNGNE,Statoil ASA (old),10.05.2001,30.09.2007,43464,1622484,,08.05.2013
GUNGNE,StatoilHydro ASA,01.10.2007,31.12.2008,43464,4511854,,08.05.2013
GUNGNE,StatoilHydro Petroleum AS,01.01.2009,31.10.2009,43464,4511658,,08.05.2013
GUNGNE,Statoil Petroleum AS,01.11.2009,,43464,17237817,,08.05.2013
GYDA,BP Petroleum Dev. of Norway AS,02.06.1987,23.12.1999,43492,155,,08.05.2013
GYDA,BP Amoco Norge AS,23.12.1999,11.03.2002,43492,982372,,08.05.2013
GYDA,BP Norge AS,12.03.2002,14.05.2003,43492,2052695,,08.05.2013
GYDA,Talisman Energy Norge AS,15.05.2003,,43492,2425093,,08.05.2013
HEIDRUN,Norske Conoco A/S,14.05.1991,18.10.1995,43771,221,,08.05.2013
HEIDRUN,Den norske stats oljeselskap a.s,18.10.1995,10.05.2001,43771,749,,08.05.2013
HEIDRUN,Statoil ASA (old),10.05.2001,30.09.2007,43771,1622484,,08.05.2013
HEIDRUN,StatoilHydro ASA,01.10.2007,31.12.2008,43771,4511854,,08.05.2013
HEIDRUN,StatoilHydro Petroleum AS,01.01.2009,31.10.2009,43771,4511658,,08.05.2013
HEIDRUN,Statoil Petroleum AS,01.11.2009,,43771,17237817,,08.05.2013
HEIMDAL,Elf Petroleum Norge AS,10.06.1981,31.12.1997,43590,298,,08.05.2013
HEIMDAL,Norsk Hydro Produksjon AS,01.01.1998,31.12.2006,43590,430,,08.05.2013
HEIMDAL,Norsk Hydro Petroleum AS,01.01.2007,30.09.2007,43590,4524355,,08.05.2013
HEIMDAL,StatoilHydro Petroleum AS,01.10.2007,31.10.2009,43590,4511658,,08.05.2013
HEIMDAL,Statoil Petroleum AS,01.11.2009,,43590,17237817,,08.05.2013
HOD,Amoco Norway Oil Company,26.06.1988,23.12.1999,43485,78,,08.05.2013
HOD,BP Amoco Norge AS,23.12.1999,11.03.2002,43485,982372,,08.05.2013
HOD,BP Norge AS,12.03.2002,,43485,2052695,,08.05.2013
HULDRA,Den norske stats oljeselskap a.s,02.02.1999,10.05.2001,97002,749,,08.05.2013
HULDRA,Statoil ASA (old),10.05.2001,30.09.2007,97002,1622484,,08.05.2013
HULDRA,StatoilHydro ASA,01.10.2007,31.12.2008,97002,4511854,,08.05.2013
HULDRA,StatoilHydro Petroleum AS,01.01.2009,31.10.2009,97002,4511658,,08.05.2013
HULDRA,Statoil Petroleum AS,01.11.2009,,97002,17237817,,08.05.2013
HYME,Statoil Petroleum AS,24.06.2011,,20474183,17237817,,08.05.2013
ISLAY,TOTAL E&P UK PLC,04.11.2011,,21105675,2747820,,08.05.2013
JETTE,Det norske oljeselskap ASA,17.02.2012,,21613906,17342870,,08.05.2013
JOTUN,Esso Exploration and Production Norway A/S,10.06.1997,30.09.2004,43604,353,,08.05.2013
JOTUN,ExxonMobil Exploration & Production Norway AS,01.10.2004,,43604,2835212,,08.05.2013
KNARR,BG Norge AS,09.06.2011,,20460988,2747354,,08.05.2013
KRISTIN,Statoil ASA (old),17.12.2001,30.09.2007,1854729,1622484,,08.05.2013
KRISTIN,StatoilHydro ASA,01.10.2007,31.12.2008,1854729,4511854,,08.05.2013
KRISTIN,StatoilHydro Petroleum AS,01.01.2009,31.10.2009,1854729,4511658,,08.05.2013
KRISTIN,Statoil Petroleum AS,01.11.2009,,1854729,17237817,,08.05.2013
KVITEBJØRN,Den norske stats oljeselskap a.s,14.06.2000,10.05.2001,1036101,749,,08.05.2013
KVITEBJØRN,Statoil ASA (old),10.05.2001,30.09.2007,1036101,1622484,,08.05.2013
KVITEBJØRN,StatoilHydro ASA,01.10.2007,31.12.2008,1036101,4511854,,08.05.2013
KVITEBJØRN,StatoilHydro Petroleum AS,01.01.2009,31.10.2009,1036101,4511658,,08.05.2013
KVITEBJØRN,Statoil Petroleum AS,01.11.2009,,1036101,17237817,,08.05.2013
LILLE-FRIGG,Elf Petroleum Norge AS,06.09.1991,24.07.2000,43583,298,,08.05.2013
LILLE-FRIGG,TotalFinaElf Exploration Norge AS,24.07.2000,24.05.2002,43583,1340884,,08.05.2013
LILLE-FRIGG,Norsk Hydro Produksjon AS,06.01.2006,31.12.2006,43583,430,,08.05.2013
LILLE-FRIGG,Norsk Hydro Petroleum AS,01.01.2007,30.09.2007,43583,4524355,,08.05.2013
LILLE-FRIGG,StatoilHydro Petroleum AS,01.10.2007,31.10.2009,43583,4511658,,08.05.2013
LILLE-FRIGG,Statoil Petroleum AS,01.11.2009,29.04.2012,43583,17237817,,08.05.2013
LILLE-FRIGG,Centrica Resources (Norge) AS,30.04.2012,,43583,4238233,,08.05.2013
MARTIN LINGE,Total E&P Norge AS,11.06.2012,,21675447,2410708,,08.05.2013
MARULK,Eni Norge AS,15.07.2010,,18212090,2388594,,08.05.2013
MIKKEL,Statoil ASA (old),14.09.2001,30.09.2007,1630514,1622484,,08.05.2013
MIKKEL,StatoilHydro ASA,01.10.2007,31.12.2008,1630514,4511854,,08.05.2013
MIKKEL,StatoilHydro Petroleum AS,01.01.2009,31.10.2009,1630514,4511658,,08.05.2013
MIKKEL,Statoil Petroleum AS,01.11.2009,,1630514,17237817,,08.05.2013
MIME,Norsk Hydro Produksjon AS,06.11.1992,31.12.1999,43792,430,,08.05.2013
MIME,Talisman Energy Norge AS,12.12.2003,23.07.2009,43792,2425093,,08.05.2013
MIME,Lundin Norway AS,24.07.2009,,43792,2767314,,08.05.2013
MORVIN,StatoilHydro ASA,25.04.2008,31.12.2008,4966234,4511854,,08.05.2013
MORVIN,StatoilHydro Petroleum AS,01.01.2009,31.10.2009,4966234,4511658,,08.05.2013
MORVIN,Statoil Petroleum AS,01.11.2009,,4966234,17237817,,08.05.2013
MURCHISON,CONOCO (UK) LTD,15.12.1986,08.01.1995,43665,42056,,08.05.2013
MURCHISON,Oryx (UK) Energy Company,09.01.1995,18.04.1999,43665,2897,,08.05.2013
MURCHISON,Kerr Mc-Gee North Sea (UK) Ltd,19.04.1999,31.10.2002,43665,1024802,,08.05.2013
MURCHISON,CNR International (UK) Limited,01.11.2002,,43665,2385943,,08.05.2013
NJORD,Norsk Hydro Produksjon AS,12.06.1995,31.12.2006,43751,430,,08.05.2013
NJORD,Norsk Hydro Petroleum AS,01.01.2007,30.09.2007,43751,4524355,,08.05.2013
NJORD,StatoilHydro Petroleum AS,01.10.2007,31.10.2009,43751,4511658,,08.05.2013
NJORD,Statoil Petroleum AS,01.11.2009,,43751,17237817,,08.05.2013
NORDØST FRIGG,Elf Petroleum Norge AS,12.09.1980,31.12.1995,43568,298,,08.05.2013
NORDØST FRIGG,Norsk Hydro Petroleum AS,16.02.2007,30.09.2007,43568,4524355,,08.05.2013
NORDØST FRIGG,StatoilHydro Petroleum AS,01.10.2007,16.02.2009,43568,4511658,,08.05.2013
NORNE,Den norske stats oljeselskap a.s,09.03.1995,10.05.2001,43778,749,,08.05.2013
NORNE,Statoil ASA (old),10.05.2001,30.09.2007,43778,1622484,,08.05.2013
NORNE,StatoilHydro ASA,01.10.2007,31.12.2008,43778,4511854,,08.05.2013
NORNE,StatoilHydro Petroleum AS,01.01.2009,31.10.2009,43778,4511658,,08.05.2013
NORNE,Statoil Petroleum AS,01.11.2009,,43778,17237817,,08.05.2013
ODIN,Esso Exploration and Production Norway A/S,18.07.1980,31.12.1995,43610,353,,08.05.2013
ODIN,Norsk Hydro Petroleum AS,16.02.2007,30.09.2007,43610,4524355,,08.05.2013
ODIN,StatoilHydro Petroleum AS,01.10.2007,16.02.2009,43610,4511658,,08.05.2013
ORMEN LANGE,Norsk Hydro Produksjon AS,02.04.2004,31.12.2006,2762452,430,,08.05.2013
ORMEN LANGE,Norsk Hydro Petroleum AS,01.01.2007,30.09.2007,2762452,4524355,,08.05.2013
ORMEN LANGE,StatoilHydro Petroleum AS,01.10.2007,30.11.2007,2762452,4511658,,08.05.2013
ORMEN LANGE,A/S Norske Shell,01.12.2007,,2762452,562,,08.05.2013
OSEBERG,Norsk Hydro Produksjon AS,05.06.1984,31.12.2006,43625,430,,08.05.2013
OSEBERG,Norsk Hydro Petroleum AS,01.01.2007,30.09.2007,43625,4524355,,08.05.2013
OSEBERG,StatoilHydro Petroleum AS,01.10.2007,31.10.2009,43625,4511658,,08.05.2013
OSEBERG,Statoil Petroleum AS,01.11.2009,,43625,17237817,,08.05.2013
OSEBERG SØR,Norsk Hydro Produksjon AS,10.06.1997,31.12.2006,43645,430,,08.05.2013
OSEBERG SØR,Norsk Hydro Petroleum AS,01.01.2007,30.09.2007,43645,4524355,,08.05.2013
OSEBERG SØR,StatoilHydro Petroleum AS,01.10.2007,31.10.2009,43645,4511658,,08.05.2013
OSEBERG SØR,Statoil Petroleum AS,01.11.2009,,43645,17237817,,08.05.2013
OSEBERG ØST,Norsk Hydro Produksjon AS,11.10.1996,31.12.2006,43639,430,,08.05.2013
OSEBERG ØST,Norsk Hydro Petroleum AS,01.01.2007,30.09.2007,43639,4524355,,08.05.2013
OSEBERG ØST,StatoilHydro Petroleum AS,01.10.2007,31.10.2009,43639,4511658,,08.05.2013
OSEBERG ØST,Statoil Petroleum AS,01.11.2009,,43639,17237817,,08.05.2013
OSELVAR,DONG E&P Norge AS,19.06.2009,,5506919,4070011,,08.05.2013
REV,Talisman Energy Norge AS,15.06.2007,,4467554,2425093,,08.05.2013
RINGHORNE ØST,ExxonMobil Exploration & Production Norway AS,10.11.2005,,3505505,2835212,,08.05.2013
SIGYN,Esso Exploration and Production Norway A/S,31.08.2001,30.09.2004,1630100,353,,08.05.2013
SIGYN,ExxonMobil Exploration & Production Norway AS,01.10.2004,,1630100,2835212,,08.05.2013
SKARV,BP Norge AS,18.12.2007,,4704482,2052695,,08.05.2013
SKIRNE,TotalFinaElf Exploration Norge AS,05.07.2002,05.05.2003,2138816,1340884,,08.05.2013
SKIRNE,Total E&P Norge AS,06.05.2003,,2138816,2410708,,08.05.2013
SKULD,Statoil Petroleum AS,20.01.2012,,21350124,17237817,,08.05.2013
SLEIPNER VEST,Den norske stats oljeselskap a.s,14.12.1992,10.05.2001,43457,749,,08.05.2013
SLEIPNER VEST,Statoil ASA (old),10.05.2001,30.09.2007,43457,1622484,,08.05.2013
SLEIPNER VEST,StatoilHydro ASA,01.10.2007,31.12.2008,43457,4511854,,08.05.2013
SLEIPNER VEST,StatoilHydro Petroleum AS,01.01.2009,31.10.2009,43457,4511658,,08.05.2013
SLEIPNER VEST,Statoil Petroleum AS,01.11.2009,,43457,17237817,,08.05.2013
SLEIPNER ØST,Den norske stats oljeselskap a.s,15.12.1986,10.05.2001,43478,749,,08.05.2013
SLEIPNER ØST,Statoil ASA (old),10.05.2001,30.09.2007,43478,1622484,,08.05.2013
SLEIPNER ØST,StatoilHydro ASA,01.10.2007,31.12.2008,43478,4511854,,08.05.2013
SLEIPNER ØST,StatoilHydro Petroleum AS,01.01.2009,31.10.2009,43478,4511658,,08.05.2013
SLEIPNER ØST,Statoil Petroleum AS,01.11.2009,,43478,17237817,,08.05.2013
SNORRE,Saga Petroleum ASA,27.05.1988,10.01.2001,43718,716,,08.05.2013
SNORRE,Norsk Hydro Produksjon AS,11.01.2001,31.12.2002,43718,430,,08.05.2013
SNORRE,Statoil ASA (old),01.01.2003,30.09.2007,43718,1622484,,08.05.2013
SNORRE,StatoilHydro ASA,01.10.2007,31.12.2008,43718,4511854,,08.05.2013
SNORRE,StatoilHydro Petroleum AS,01.01.2009,31.10.2009,43718,4511658,,08.05.2013
SNORRE,Statoil Petroleum AS,01.11.2009,,43718,17237817,,08.05.2013
SNØHVIT,Statoil ASA (old),07.03.2002,30.09.2007,2053062,1622484,,08.05.2013
SNØHVIT,StatoilHydro ASA,01.10.2007,31.12.2008,2053062,4511854,,08.05.2013
SNØHVIT,StatoilHydro Petroleum AS,01.01.2009,31.10.2009,2053062,4511658,,08.05.2013
SNØHVIT,Statoil Petroleum AS,01.11.2009,,2053062,17237817,,08.05.2013
STATFJORD,Mobil Development Norway AS,16.06.1976,01.01.1987,43658,474,,08.05.2013
STATFJORD,Den norske stats oljeselskap a.s,01.01.1987,10.05.2001,43658,749,,08.05.2013
STATFJORD,Statoil ASA (old),10.05.2001,30.09.2007,43658,1622484,,08.05.2013
STATFJORD,StatoilHydro ASA,01.10.2007,31.12.2008,43658,4511854,,08.05.2013
STATFJORD,StatoilHydro Petroleum AS,01.01.2009,31.10.2009,43658,4511658,,08.05.2013
STATFJORD,Statoil Petroleum AS,01.11.2009,,43658,17237817,,08.05.2013
STATFJORD NORD,Den norske stats oljeselskap a.s,11.12.1990,10.05.2001,43679,749,,08.05.2013
STATFJORD NORD,Statoil ASA (old),10.05.2001,30.09.2007,43679,1622484,,08.05.2013
STATFJORD NORD,StatoilHydro ASA,01.10.2007,31.12.2008,43679,4511854,,08.05.2013
STATFJORD NORD,StatoilHydro Petroleum AS,01.01.2009,31.10.2009,43679,4511658,,08.05.2013
STATFJORD NORD,Statoil Petroleum AS,01.11.2009,,43679,17237817,,08.05.2013
STATFJORD ØST,Den norske stats oljeselskap a.s,11.12.1990,10.05.2001,43672,749,,08.05.2013
STATFJORD ØST,Statoil ASA (old),10.05.2001,30.09.2007,43672,1622484,,08.05.2013
STATFJORD ØST,StatoilHydro ASA,01.10.2007,31.12.2008,43672,4511854,,08.05.2013
STATFJORD ØST,StatoilHydro Petroleum AS,01.01.2009,31.10.2009,43672,4511658,,08.05.2013
STATFJORD ØST,Statoil Petroleum AS,01.11.2009,,43672,17237817,,08.05.2013
SVALIN,Statoil Petroleum AS,23.11.2012,,22507971,17237817,,08.05.2013
SYGNA,Den norske stats oljeselskap a.s,30.04.1999,10.05.2001,104718,749,,08.05.2013
SYGNA,Statoil ASA (old),10.05.2001,30.09.2007,104718,1622484,,08.05.2013
SYGNA,StatoilHydro ASA,01.10.2007,31.12.2008,104718,4511854,,08.05.2013
SYGNA,StatoilHydro Petroleum AS,01.01.2009,31.10.2009,104718,4511658,,08.05.2013
SYGNA,Statoil Petroleum AS,01.11.2009,,104718,17237817,,08.05.2013
TAMBAR,BP Amoco Norge AS,03.04.2000,11.03.2002,1028599,982372,,08.05.2013
TAMBAR,BP Norge AS,12.03.2002,,1028599,2052695,,08.05.2013
TAMBAR ØST,BP Norge AS,28.06.2007,,4999528,2052695,,08.05.2013
TOMMELITEN GAMMA,Den norske stats oljeselskap a.s,12.06.1986,31.12.2000,43444,749,,08.05.2013
TOMMELITEN GAMMA,Phillips Petroleum Norsk AS,01.01.2001,05.05.2003,43444,705,,08.05.2013
TOMMELITEN GAMMA,ConocoPhillips Skandinavia AS,06.05.2003,,43444,2410696,,08.05.2013
TOR,Phillips Petroleum Company Norway,04.05.1973,22.10.2002,43520,694,,08.05.2013
TOR,ConocoPhillips Norge,23.10.2002,04.03.2003,43520,2144081,,08.05.2013
TOR,Phillips Petroleum Norsk AS,05.03.2003,05.05.2003,43520,705,,08.05.2013
TOR,ConocoPhillips Skandinavia AS,06.05.2003,,43520,2410696,,08.05.2013
TORDIS,Saga Petroleum ASA,14.05.1991,10.01.2001,43725,716,,08.05.2013
TORDIS,Norsk Hydro Produksjon AS,11.01.2001,31.12.2002,43725,430,,08.05.2013
TORDIS,Statoil ASA (old),01.01.2003,30.09.2007,43725,1622484,,08.05.2013
TORDIS,StatoilHydro ASA,01.10.2007,31.12.2008,43725,4511854,,08.05.2013
TORDIS,StatoilHydro Petroleum AS,01.01.2009,31.10.2009,43725,4511658,,08.05.2013
TORDIS,Statoil Petroleum AS,01.11.2009,,43725,17237817,,08.05.2013
TROLL,A/S Norske Shell,15.12.1986,19.06.1996,46437,562,,08.05.2013
TROLL,Norsk Hydro Produksjon AS,18.05.1992,31.12.2006,46437,430,,08.05.2013
TROLL,Den norske stats oljeselskap a.s,19.06.1996,10.05.2001,46437,749,,08.05.2013
TROLL,Statoil ASA (old),10.05.2001,30.09.2007,46437,1622484,,08.05.2013
TROLL,Norsk Hydro Petroleum AS,01.01.2007,30.09.2007,46437,4524355,,08.05.2013
TROLL,StatoilHydro Petroleum AS,01.10.2007,31.12.2008,46437,4511658,,08.05.2013
TROLL,StatoilHydro ASA,01.10.2007,31.12.2008,46437,4511854,,08.05.2013
TROLL,StatoilHydro Petroleum AS,01.01.2009,31.10.2009,46437,4511658,,08.05.2013
TROLL,Statoil Petroleum AS,01.11.2009,,46437,17237817,,08.05.2013
TRYM,DONG E&P Norge AS,26.03.2010,,18081500,4070011,,08.05.2013
TUNE,Norsk Hydro Produksjon AS,17.12.1999,31.12.2006,853376,430,,08.05.2013
TUNE,Norsk Hydro Petroleum AS,01.01.2007,30.09.2007,853376,4524355,,08.05.2013
TUNE,StatoilHydro Petroleum AS,01.10.2007,31.10.2009,853376,4511658,,08.05.2013
TUNE,Statoil Petroleum AS,01.11.2009,,853376,17237817,,08.05.2013
TYRIHANS,Statoil ASA (old),16.02.2006,30.09.2007,3960848,1622484,,08.05.2013
TYRIHANS,StatoilHydro ASA,01.10.2007,31.12.2008,3960848,4511854,,08.05.2013
TYRIHANS,StatoilHydro Petroleum AS,01.01.2009,31.10.2009,3960848,4511658,,08.05.2013
TYRIHANS,Statoil Petroleum AS,01.11.2009,,3960848,17237817,,08.05.2013
ULA,BP Petroleum Dev. of Norway AS,30.05.1980,23.12.1999,43800,155,,08.05.2013
ULA,BP Amoco Norge AS,23.12.1999,11.03.2002,43800,982372,,08.05.2013
ULA,BP Norge AS,12.03.2002,,43800,2052695,,08.05.2013
URD,Statoil ASA (old),02.07.2004,30.09.2007,2834734,1622484,,08.05.2013
URD,StatoilHydro ASA,01.10.2007,31.12.2008,2834734,4511854,,08.05.2013
URD,StatoilHydro Petroleum AS,01.01.2009,31.10.2009,2834734,4511658,,08.05.2013
URD,Statoil Petroleum AS,01.11.2009,,2834734,17237817,,08.05.2013
VALE,Norsk Hydro Produksjon AS,23.03.2001,31.12.2006,1578893,430,,08.05.2013
VALE,Norsk Hydro Petroleum AS,01.01.2007,30.09.2007,1578893,4524355,,08.05.2013
VALE,StatoilHydro Petroleum AS,01.10.2007,31.10.2009,1578893,4511658,,08.05.2013
VALE,Statoil Petroleum AS,01.11.2009,29.04.2012,1578893,17237817,,08.05.2013
VALE,Centrica Resources (Norge) AS,30.04.2012,,1578893,4238233,,08.05.2013
VALEMON,Statoil Petroleum AS,09.06.2011,,20460969,17237817,,08.05.2013
VALHALL,Amoco Norway Oil Company,02.06.1977,23.12.1999,43548,78,,08.05.2013
VALHALL,BP Amoco Norge AS,23.12.1999,11.03.2002,43548,982372,,08.05.2013
VALHALL,BP Norge AS,12.03.2002,,43548,2052695,,08.05.2013
VARG,Saga Petroleum ASA,03.05.1996,10.01.2001,43451,716,,08.05.2013
VARG,Norsk Hydro Produksjon AS,11.01.2001,31.07.2002,43451,430,,08.05.2013
VARG,Pertra AS (OLD),01.08.2002,30.03.2005,43451,2069841,,08.05.2013
VARG,Talisman Production Norge AS,31.03.2005,28.04.2005,43451,3420565,,08.05.2013
VARG,Talisman Energy Norge AS,29.04.2005,,43451,2425093,,08.05.2013
VEGA,Norsk Hydro Petroleum AS,14.06.2007,30.09.2007,4467595,4524355,,08.05.2013
VEGA,StatoilHydro Petroleum AS,01.10.2007,31.10.2009,4467595,4511658,,08.05.2013
VEGA,Statoil Petroleum AS,01.11.2009,,4467595,17237817,,08.05.2013
VESLEFRIKK,Den norske stats oljeselskap a.s,02.06.1987,10.05.2001,43618,749,,08.05.2013
VESLEFRIKK,Statoil ASA (old),10.05.2001,30.09.2007,43618,1622484,,08.05.2013
VESLEFRIKK,StatoilHydro ASA,01.10.2007,31.12.2008,43618,4511854,,08.05.2013
VESLEFRIKK,StatoilHydro Petroleum AS,01.01.2009,31.10.2009,43618,4511658,,08.05.2013
VESLEFRIKK,Statoil Petroleum AS,01.11.2009,,43618,17237817,,08.05.2013
VEST EKOFISK,Phillips Petroleum Company Norway,04.05.1973,22.10.2002,43513,694,,08.05.2013
VEST EKOFISK,ConocoPhillips Norge,23.10.2002,04.03.2003,43513,2144081,,08.05.2013
VEST EKOFISK,Phillips Petroleum Norsk AS,05.03.2003,05.05.2003,43513,705,,08.05.2013
VEST EKOFISK,ConocoPhillips Skandinavia AS,06.05.2003,,43513,2410696,,08.05.2013
VIGDIS,Saga Petroleum ASA,16.12.1994,10.01.2001,43732,716,,08.05.2013
VIGDIS,Norsk Hydro Produksjon AS,11.01.2001,31.12.2002,43732,430,,08.05.2013
VIGDIS,Statoil ASA (old),01.01.2003,30.09.2007,43732,1622484,,08.05.2013
VIGDIS,StatoilHydro ASA,01.10.2007,31.12.2008,43732,4511854,,08.05.2013
VIGDIS,StatoilHydro Petroleum AS,01.01.2009,31.10.2009,43732,4511658,,08.05.2013
VIGDIS,Statoil Petroleum AS,01.11.2009,,43732,17237817,,08.05.2013
VILJE,Norsk Hydro Produksjon AS,18.03.2005,31.12.2006,3392471,430,,08.05.2013
VILJE,Norsk Hydro Petroleum AS,01.01.2007,30.09.2007,3392471,4524355,,08.05.2013
VILJE,StatoilHydro Petroleum AS,01.10.2007,31.10.2009,3392471,4511658,,08.05.2013
VILJE,Statoil Petroleum AS,01.11.2009,30.09.2012,3392471,17237817,20.09.2012,08.05.2013
VILJE,Marathon Oil Norge AS,01.10.2012,,3392471,20485291,20.09.2012,08.05.2013
VISUND,Norsk Hydro Produksjon AS,29.03.1996,31.12.2002,43745,430,,08.05.2013
VISUND,Statoil ASA (old),01.01.2003,30.09.2007,43745,1622484,,08.05.2013
VISUND,StatoilHydro ASA,01.10.2007,31.12.2008,43745,4511854,,08.05.2013
VISUND,StatoilHydro Petroleum AS,01.01.2009,31.10.2009,43745,4511658,,08.05.2013
VISUND,Statoil Petroleum AS,01.11.2009,,43745,17237817,,08.05.2013
VISUND SØR,Statoil Petroleum AS,10.06.2011,,20461008,17237817,,08.05.2013
VOLUND,Marathon Petroleum Norge AS,18.01.2007,03.07.2011,4380167,463,,08.05.2013
VOLUND,Marathon Oil Norge AS,04.07.2011,,4380167,20485291,,08.05.2013
VOLVE,Statoil ASA (old),22.04.2005,30.09.2007,3420717,1622484,,08.05.2013
VOLVE,StatoilHydro ASA,01.10.2007,31.12.2008,3420717,4511854,,08.05.2013
VOLVE,StatoilHydro Petroleum AS,01.01.2009,31.10.2009,3420717,4511658,,08.05.2013
VOLVE,Statoil Petroleum AS,01.11.2009,,3420717,17237817,,08.05.2013
YME,Den norske stats oljeselskap a.s,06.01.1995,10.05.2001,43807,749,,08.05.2013
YME,Statoil ASA (old),10.05.2001,31.12.2001,43807,1622484,,08.05.2013
YME,Paladin Resources Norge AS,18.06.2004,21.03.2006,43807,1577943,,08.05.2013
YME,Talisman Resources Norge AS,22.03.2006,15.11.2006,43807,3987574,,08.05.2013
YME,Talisman Energy Norge AS,16.11.2006,,43807,2425093,,08.05.2013
YTTERGRYTA,StatoilHydro ASA,21.05.2008,31.12.2008,4973114,4511854,,08.05.2013
YTTERGRYTA,StatoilHydro Petroleum AS,01.01.2009,31.12.2009,4973114,4511658,,08.05.2013
YTTERGRYTA,Statoil Petroleum AS,01.11.2009,,4973114,17237817,,08.05.2013
ØST FRIGG,Elf Petroleum Norge AS,14.12.1984,24.07.2000,43576,298,,08.05.2013
ØST FRIGG,TotalFinaElf Exploration Norge AS,24.07.2000,31.12.2000,43576,1340884,,08.05.2013
ØST FRIGG,Norsk Hydro Produksjon AS,06.01.2006,31.12.2006,43576,430,,08.05.2013
ØST FRIGG,Norsk Hydro Petroleum AS,01.01.2007,30.06.2007,43576,4524355,,08.05.2013
ØST FRIGG,StatoilHydro Petroleum AS,01.10.2007,31.10.2009,43576,4511658,,08.05.2013
ØST FRIGG,Statoil Petroleum AS,01.11.2009,29.04.2012,43576,17237817,,08.05.2013
ØST FRIGG,Centrica Resources (Norge) AS,30.04.2012,,43576,4238233,,08.05.2013
ÅSGARD,Den norske stats oljeselskap a.s,14.06.1996,10.05.2001,43765,749,,08.05.2013
ÅSGARD,Statoil ASA (old),10.05.2001,30.09.2007,43765,1622484,,08.05.2013
ÅSGARD,StatoilHydro ASA,01.10.2007,31.12.2008,43765,4511854,,08.05.2013
ÅSGARD,StatoilHydro Petroleum AS,01.01.2009,31.10.2009,43765,4511658,,08.05.2013
ÅSGARD,Statoil Petroleum AS,01.11.2009,,43765,17237817,,08.05.2013

