﻿fldName,cmpLongName,fldCurrentActivitySatus,wlbName,wlbCompletionDate,fldOwnerKind,fldOwnerName,fldNpdidOwner,fldNpdidField,wlbNpdidWellbore,cmpNpdidCompany,fldFactPageUrl,fldFactMapUrl,fldDateUpdated,fldDateUpdatedMax,DatesyncNPD
ALBUSKJELL,ConocoPhillips Skandinavia AS,SHUT DOWN, 1/6-1,26.11.1972,PRODUCTION LICENSE,018,20900,43437,239,2410696,http://factpages.npd.no/FactPages/default.aspx?nav1=field&nav2=PageView|All&nav3=43437,http://www.npd.no/FactMapSearch?NPDID_field=43437,,,08.05.2013
ALVE,Statoil Petroleum AS,PRODUCING, 6507/3-1,26.10.1990,PRODUCTION LICENSE,159 B,2819945,4444332,1533,17237817,http://factpages.npd.no/FactPages/default.aspx?nav1=field&nav2=PageView|All&nav3=4444332,http://www.npd.no/FactMapSearch?NPDID_field=4444332,,,08.05.2013
ALVHEIM,Marathon Oil Norge AS,PRODUCING, 24/6-2,08.07.1998,PRODUCTION LICENSE,203,22436,2845712,3397,20485291,http://factpages.npd.no/FactPages/default.aspx?nav1=field&nav2=PageView|All&nav3=2845712,http://www.npd.no/FactMapSearch?NPDID_field=2845712,,08.12.2012,08.05.2013
ATLA,Total E&P Norge AS,PRODUCING, 25/5-7,23.10.2010,PRODUCTION LICENSE,102 C,5467035,21106284,6423,2410708,http://factpages.npd.no/FactPages/default.aspx?nav1=field&nav2=PageView|All&nav3=21106284,http://www.npd.no/FactMapSearch?NPDID_field=21106284,26.10.2012,26.10.2012,08.05.2013
BALDER,ExxonMobil Exploration & Production Norway AS,PRODUCING, 25/11-1,09.07.1967,PRODUCTION LICENSE,001,20756,43562,143,2835212,http://factpages.npd.no/FactPages/default.aspx?nav1=field&nav2=PageView|All&nav3=43562,http://www.npd.no/FactMapSearch?NPDID_field=43562,,,08.05.2013
BLANE,Talisman Energy Norge AS,PRODUCING, 1/2-1,04.06.1989,BUSINESS ARRANGEMENT AREA,BLANE UNIT,3437667,3437650,1382,2425093,http://factpages.npd.no/FactPages/default.aspx?nav1=field&nav2=PageView|All&nav3=3437650,http://www.npd.no/FactMapSearch?NPDID_field=3437650,,,08.05.2013
BRAGE,Statoil Petroleum AS,PRODUCING, 31/4-3,11.05.1980,BUSINESS ARRANGEMENT AREA,BRAGE UNIT,40432,43651,402,17237817,http://factpages.npd.no/FactPages/default.aspx?nav1=field&nav2=PageView|All&nav3=43651,http://www.npd.no/FactMapSearch?NPDID_field=43651,,20.02.2013,08.05.2013
BRYNHILD,Lundin Norway AS,PDO APPROVED, 7/7-2,25.04.1992,PRODUCTION LICENSE,148,21996,21123063,1868,2767314,http://factpages.npd.no/FactPages/default.aspx?nav1=field&nav2=PageView|All&nav3=21123063,http://www.npd.no/FactMapSearch?NPDID_field=21123063,,03.01.2013,08.05.2013
BØYLA,Marathon Oil Norge AS,PDO APPROVED, 24/9-9 S,07.10.2009,PRODUCTION LICENSE,340,2986630,22492497,6222,20485291,http://factpages.npd.no/FactPages/default.aspx?nav1=field&nav2=PageView|All&nav3=22492497,http://www.npd.no/FactMapSearch?NPDID_field=22492497,28.10.2012,28.10.2012,08.05.2013
COD,ConocoPhillips Skandinavia AS,SHUT DOWN, 7/11-1,15.06.1968,PRODUCTION LICENSE,018,20900,43785,149,2410696,http://factpages.npd.no/FactPages/default.aspx?nav1=field&nav2=PageView|All&nav3=43785,http://www.npd.no/FactMapSearch?NPDID_field=43785,,19.04.2013,08.05.2013
DRAUGEN,A/S Norske Shell,PRODUCING, 6407/9-1,07.09.1984,PRODUCTION LICENSE,093,21548,43758,133,562,http://factpages.npd.no/FactPages/default.aspx?nav1=field&nav2=PageView|All&nav3=43758,http://www.npd.no/FactMapSearch?NPDID_field=43758,,01.12.2012,08.05.2013
EDDA,ConocoPhillips Skandinavia AS,SHUT DOWN, 2/7-4,03.09.1972,PRODUCTION LICENSE,018,20900,43541,263,2410696,http://factpages.npd.no/FactPages/default.aspx?nav1=field&nav2=PageView|All&nav3=43541,http://www.npd.no/FactMapSearch?NPDID_field=43541,,,08.05.2013
EDVARD GRIEG,Lundin Norway AS,PDO APPROVED, 16/1-8,13.11.2007,PRODUCTION LICENSE,338,2986578,21675433,5612,2767314,http://factpages.npd.no/FactPages/default.aspx?nav1=field&nav2=PageView|All&nav3=21675433,http://www.npd.no/FactMapSearch?NPDID_field=21675433,14.06.2012,20.12.2012,08.05.2013
EKOFISK,ConocoPhillips Skandinavia AS,PRODUCING, 2/4-2,24.12.1969,PRODUCTION LICENSE,018,20900,43506,172,2410696,http://factpages.npd.no/FactPages/default.aspx?nav1=field&nav2=PageView|All&nav3=43506,http://www.npd.no/FactMapSearch?NPDID_field=43506,,,08.05.2013
ELDFISK,ConocoPhillips Skandinavia AS,PRODUCING, 2/7-1,11.12.1970,PRODUCTION LICENSE,018,20900,43527,179,2410696,http://factpages.npd.no/FactPages/default.aspx?nav1=field&nav2=PageView|All&nav3=43527,http://www.npd.no/FactMapSearch?NPDID_field=43527,,,08.05.2013
EMBLA,ConocoPhillips Skandinavia AS,PRODUCING, 2/7-20,25.06.1988,PRODUCTION LICENSE,018,20900,43534,1062,2410696,http://factpages.npd.no/FactPages/default.aspx?nav1=field&nav2=PageView|All&nav3=43534,http://www.npd.no/FactMapSearch?NPDID_field=43534,12.10.2012,12.10.2012,08.05.2013
ENOCH,Talisman North Sea Limited,PRODUCING, ?,,BUSINESS ARRANGEMENT AREA,ENOCH UNIT,3437805,3437659,0,4462398,http://factpages.npd.no/FactPages/default.aspx?nav1=field&nav2=PageView|All&nav3=3437659,http://www.npd.no/FactMapSearch?NPDID_field=3437659,,15.09.2012,08.05.2013
FRAM,Statoil Petroleum AS,PRODUCING, 35/11-4,29.12.1990,PRODUCTION LICENSE,090,21524,1578840,1523,17237817,http://factpages.npd.no/FactPages/default.aspx?nav1=field&nav2=PageView|All&nav3=1578840,http://www.npd.no/FactMapSearch?NPDID_field=1578840,30.04.2013,30.04.2013,08.05.2013
FRIGG,Total E&P Norge AS,SHUT DOWN, 25/1-1,22.07.1971,BUSINESS ARRANGEMENT AREA,FRIGG UNIT,45634,43555,190,2410708,http://factpages.npd.no/FactPages/default.aspx?nav1=field&nav2=PageView|All&nav3=43555,http://www.npd.no/FactMapSearch?NPDID_field=43555,,,08.05.2013
FRØY,Det norske oljeselskap ASA,SHUT DOWN, 25/5-1,01.08.1987,PRODUCTION LICENSE,364,3810636,43597,884,17342870,http://factpages.npd.no/FactPages/default.aspx?nav1=field&nav2=PageView|All&nav3=43597,http://www.npd.no/FactMapSearch?NPDID_field=43597,,,08.05.2013
GAUPE,BG Norge AS,PRODUCING, 6/3-1,01.02.1985,PRODUCTION LICENSE,292,2407572,18161341,450,2747354,http://factpages.npd.no/FactPages/default.aspx?nav1=field&nav2=PageView|All&nav3=18161341,http://www.npd.no/FactMapSearch?NPDID_field=18161341,,,08.05.2013
GIMLE,Statoil Petroleum AS,PRODUCING, 34/10-48 S,22.12.2004,BUSINESS ARRANGEMENT AREA,GIMLE UNIT,4007192,4005142,4902,17237817,http://factpages.npd.no/FactPages/default.aspx?nav1=field&nav2=PageView|All&nav3=4005142,http://www.npd.no/FactMapSearch?NPDID_field=4005142,,,08.05.2013
GJØA,GDF SUEZ E&P Norge AS,PRODUCING, 35/9-1,07.05.1989,PRODUCTION LICENSE,153,22036,4467574,1375,5267845,http://factpages.npd.no/FactPages/default.aspx?nav1=field&nav2=PageView|All&nav3=4467574,http://www.npd.no/FactMapSearch?NPDID_field=4467574,22.02.2013,22.02.2013,08.05.2013
GLITNE,Statoil Petroleum AS,SHUT DOWN, 15/5-5,05.10.1995,PRODUCTION LICENSE,048 B,1342723,1272071,2635,17237817,http://factpages.npd.no/FactPages/default.aspx?nav1=field&nav2=PageView|All&nav3=1272071,http://www.npd.no/FactMapSearch?NPDID_field=1272071,23.03.2013,23.03.2013,08.05.2013
GOLIAT,Eni Norge AS,PDO APPROVED, 7122/7-1,05.10.2000,PRODUCTION LICENSE,229,22644,5774394,4173,2388594,http://factpages.npd.no/FactPages/default.aspx?nav1=field&nav2=PageView|All&nav3=5774394,http://www.npd.no/FactMapSearch?NPDID_field=5774394,,,08.05.2013
GRANE,Statoil Petroleum AS,PRODUCING, 25/11-15,25.12.1991,BUSINESS ARRANGEMENT AREA,GRANE UNIT,1031365,1035937,1872,17237817,http://factpages.npd.no/FactPages/default.aspx?nav1=field&nav2=PageView|All&nav3=1035937,http://www.npd.no/FactMapSearch?NPDID_field=1035937,,,08.05.2013
GUDRUN,Statoil Petroleum AS,PDO APPROVED, 15/3-1 S,06.07.1975,PRODUCTION LICENSE,025,34512,18116481,309,17237817,http://factpages.npd.no/FactPages/default.aspx?nav1=field&nav2=PageView|All&nav3=18116481,http://www.npd.no/FactMapSearch?NPDID_field=18116481,,,08.05.2013
GULLFAKS,Statoil Petroleum AS,PRODUCING, 34/10-1,08.09.1978,PRODUCTION LICENSE,050,21188,43686,424,17237817,http://factpages.npd.no/FactPages/default.aspx?nav1=field&nav2=PageView|All&nav3=43686,http://www.npd.no/FactMapSearch?NPDID_field=43686,,25.04.2013,08.05.2013
GULLFAKS SØR,Statoil Petroleum AS,PRODUCING, 34/10-2,08.12.1978,PRODUCTION LICENSE,050,21188,43699,425,17237817,http://factpages.npd.no/FactPages/default.aspx?nav1=field&nav2=PageView|All&nav3=43699,http://www.npd.no/FactMapSearch?NPDID_field=43699,,,08.05.2013
GUNGNE,Statoil Petroleum AS,PRODUCING, 15/9-15,01.08.1982,PRODUCTION LICENSE,046,21156,43464,74,17237817,http://factpages.npd.no/FactPages/default.aspx?nav1=field&nav2=PageView|All&nav3=43464,http://www.npd.no/FactMapSearch?NPDID_field=43464,,,08.05.2013
GYDA,Talisman Energy Norge AS,PRODUCING, 2/1-3,29.03.1980,PRODUCTION LICENSE,019 B,20924,43492,251,2425093,http://factpages.npd.no/FactPages/default.aspx?nav1=field&nav2=PageView|All&nav3=43492,http://www.npd.no/FactMapSearch?NPDID_field=43492,,,08.05.2013
HEIDRUN,Statoil Petroleum AS,PRODUCING, 6507/7-2,10.06.1985,BUSINESS ARRANGEMENT AREA,HEIDRUN UNIT,40490,43771,464,17237817,http://factpages.npd.no/FactPages/default.aspx?nav1=field&nav2=PageView|All&nav3=43771,http://www.npd.no/FactMapSearch?NPDID_field=43771,,,08.05.2013
HEIMDAL,Statoil Petroleum AS,PRODUCING, 25/4-1,09.12.1972,PRODUCTION LICENSE,036 BS,2473189,43590,359,17237817,http://factpages.npd.no/FactPages/default.aspx?nav1=field&nav2=PageView|All&nav3=43590,http://www.npd.no/FactMapSearch?NPDID_field=43590,,,08.05.2013
HOD,BP Norge AS,PRODUCING, 2/11-2,29.12.1974,PRODUCTION LICENSE,033,21052,43485,285,2052695,http://factpages.npd.no/FactPages/default.aspx?nav1=field&nav2=PageView|All&nav3=43485,http://www.npd.no/FactMapSearch?NPDID_field=43485,,,08.05.2013
HULDRA,Statoil Petroleum AS,PRODUCING, 30/2-1,12.10.1982,BUSINESS ARRANGEMENT AREA,HULDRA UNIT,41189,97002,72,17237817,http://factpages.npd.no/FactPages/default.aspx?nav1=field&nav2=PageView|All&nav3=97002,http://www.npd.no/FactMapSearch?NPDID_field=97002,,,08.05.2013
HYME,Statoil Petroleum AS,PRODUCING, 6407/8-5 S,26.05.2009,PRODUCTION LICENSE,348,2987047,20474183,6110,17237817,http://factpages.npd.no/FactPages/default.aspx?nav1=field&nav2=PageView|All&nav3=20474183,http://www.npd.no/FactMapSearch?NPDID_field=20474183,07.03.2013,07.03.2013,08.05.2013
ISLAY,TOTAL E&P UK PLC,PRODUCING, ?,,PRODUCTION LICENSE,043 CS,18116800,21105675,0,2747820,http://factpages.npd.no/FactPages/default.aspx?nav1=field&nav2=PageView|All&nav3=21105675,http://www.npd.no/FactMapSearch?NPDID_field=21105675,,,08.05.2013
JETTE,Det norske oljeselskap ASA,PDO APPROVED, 25/8-17,29.10.2009,BUSINESS ARRANGEMENT AREA,JETTE UNIT,21077388,21613906,6185,17342870,http://factpages.npd.no/FactPages/default.aspx?nav1=field&nav2=PageView|All&nav3=21613906,http://www.npd.no/FactMapSearch?NPDID_field=21613906,,13.11.2012,08.05.2013
JOTUN,ExxonMobil Exploration & Production Norway AS,PRODUCING, 25/8-5 S,22.09.1994,BUSINESS ARRANGEMENT AREA,JOTUN UNIT,40655,43604,2390,2835212,http://factpages.npd.no/FactPages/default.aspx?nav1=field&nav2=PageView|All&nav3=43604,http://www.npd.no/FactMapSearch?NPDID_field=43604,,,08.05.2013
KNARR,BG Norge AS,PDO APPROVED, 34/3-1 S,10.09.2008,PRODUCTION LICENSE,373 S,3811116,20460988,5811,2747354,http://factpages.npd.no/FactPages/default.aspx?nav1=field&nav2=PageView|All&nav3=20460988,http://www.npd.no/FactMapSearch?NPDID_field=20460988,,11.12.2012,08.05.2013
KRISTIN,Statoil Petroleum AS,PRODUCING, 6406/2-3,15.04.1997,BUSINESS ARRANGEMENT AREA,HALTENBANKEN VEST UNIT,1854695,1854729,2849,17237817,http://factpages.npd.no/FactPages/default.aspx?nav1=field&nav2=PageView|All&nav3=1854729,http://www.npd.no/FactMapSearch?NPDID_field=1854729,,,08.05.2013
KVITEBJØRN,Statoil Petroleum AS,PRODUCING, 34/11-1,25.10.1994,PRODUCTION LICENSE,193,22356,1036101,2377,17237817,http://factpages.npd.no/FactPages/default.aspx?nav1=field&nav2=PageView|All&nav3=1036101,http://www.npd.no/FactMapSearch?NPDID_field=1036101,,,08.05.2013
LILLE-FRIGG,Centrica Resources (Norge) AS,SHUT DOWN, 25/2-4,20.10.1975,PRODUCTION LICENSE,362,3810565,43583,356,4238233,http://factpages.npd.no/FactPages/default.aspx?nav1=field&nav2=PageView|All&nav3=43583,http://www.npd.no/FactMapSearch?NPDID_field=43583,,,08.05.2013
MARTIN LINGE,Total E&P Norge AS,PDO APPROVED, 30/7-6 R,03.06.1978,BUSINESS ARRANGEMENT AREA,MARTIN LINGE UNIT,3812119,21675447,507,2410708,http://factpages.npd.no/FactPages/default.aspx?nav1=field&nav2=PageView|All&nav3=21675447,http://www.npd.no/FactMapSearch?NPDID_field=21675447,14.06.2012,21.06.2012,08.05.2013
MARULK,Eni Norge AS,PRODUCING, 6507/2-2,16.03.1992,PRODUCTION LICENSE,122,21788,18212090,1840,2388594,http://factpages.npd.no/FactPages/default.aspx?nav1=field&nav2=PageView|All&nav3=18212090,http://www.npd.no/FactMapSearch?NPDID_field=18212090,,,08.05.2013
MIKKEL,Statoil Petroleum AS,PRODUCING, 6407/6-3,16.02.1987,BUSINESS ARRANGEMENT AREA,MIKKEL UNIT,1629477,1630514,1024,17237817,http://factpages.npd.no/FactPages/default.aspx?nav1=field&nav2=PageView|All&nav3=1630514,http://www.npd.no/FactMapSearch?NPDID_field=1630514,,01.12.2012,08.05.2013
MIME,Lundin Norway AS,SHUT DOWN, 7/11-5,10.06.1982,PRODUCTION LICENSE,301,2490380,43792,42,2767314,http://factpages.npd.no/FactPages/default.aspx?nav1=field&nav2=PageView|All&nav3=43792,http://www.npd.no/FactMapSearch?NPDID_field=43792,,09.04.2013,08.05.2013
MORVIN,Statoil Petroleum AS,PRODUCING, 6506/11-7,27.07.2001,PRODUCTION LICENSE,134 B,1025257,4966234,3322,17237817,http://factpages.npd.no/FactPages/default.aspx?nav1=field&nav2=PageView|All&nav3=4966234,http://www.npd.no/FactMapSearch?NPDID_field=4966234,,,08.05.2013
MURCHISON,CNR International (UK) Limited,PRODUCING, ?,,BUSINESS ARRANGEMENT AREA,MURCHISON UNIT,42302,43665,0,2385943,http://factpages.npd.no/FactPages/default.aspx?nav1=field&nav2=PageView|All&nav3=43665,http://www.npd.no/FactMapSearch?NPDID_field=43665,,,08.05.2013
NJORD,Statoil Petroleum AS,PRODUCING, 6407/7-1 S,07.04.1986,BUSINESS ARRANGEMENT AREA,NJORD UNIT,40585,43751,474,17237817,http://factpages.npd.no/FactPages/default.aspx?nav1=field&nav2=PageView|All&nav3=43751,http://www.npd.no/FactMapSearch?NPDID_field=43751,,,08.05.2013
NORDØST FRIGG,,SHUT DOWN, 25/1-4,30.05.1974,,,,43568,350,,http://factpages.npd.no/FactPages/default.aspx?nav1=field&nav2=PageView|All&nav3=43568,http://www.npd.no/FactMapSearch?NPDID_field=43568,,,08.05.2013
NORNE,Statoil Petroleum AS,PRODUCING, 6608/10-2,29.01.1992,BUSINESS ARRANGEMENT AREA,NORNE INSIDE,40672,43778,1782,17237817,http://factpages.npd.no/FactPages/default.aspx?nav1=field&nav2=PageView|All&nav3=43778,http://www.npd.no/FactMapSearch?NPDID_field=43778,,,08.05.2013
ODIN,,SHUT DOWN, 30/10-2,28.03.1974,,,,43610,392,,http://factpages.npd.no/FactPages/default.aspx?nav1=field&nav2=PageView|All&nav3=43610,http://www.npd.no/FactMapSearch?NPDID_field=43610,,,08.05.2013
ORMEN LANGE,A/S Norske Shell,PRODUCING, 6305/5-1,07.10.1997,BUSINESS ARRANGEMENT AREA,ORMEN LANGE UNIT,2588637,2762452,3144,562,http://factpages.npd.no/FactPages/default.aspx?nav1=field&nav2=PageView|All&nav3=2762452,http://www.npd.no/FactMapSearch?NPDID_field=2762452,,,08.05.2013
OSEBERG,Statoil Petroleum AS,PRODUCING, 30/6-1,22.09.1979,BUSINESS ARRANGEMENT AREA,OSEBERG AREA UNIT,3500071,43625,380,17237817,http://factpages.npd.no/FactPages/default.aspx?nav1=field&nav2=PageView|All&nav3=43625,http://www.npd.no/FactMapSearch?NPDID_field=43625,,06.12.2012,08.05.2013
OSEBERG SØR,Statoil Petroleum AS,PRODUCING, 30/9-3,26.02.1984,BUSINESS ARRANGEMENT AREA,OSEBERG AREA UNIT,3500071,43645,55,17237817,http://factpages.npd.no/FactPages/default.aspx?nav1=field&nav2=PageView|All&nav3=43645,http://www.npd.no/FactMapSearch?NPDID_field=43645,,06.12.2012,08.05.2013
OSEBERG ØST,Statoil Petroleum AS,PRODUCING, 30/6-5,15.08.1981,BUSINESS ARRANGEMENT AREA,OSEBERG AREA UNIT,3500071,43639,118,17237817,http://factpages.npd.no/FactPages/default.aspx?nav1=field&nav2=PageView|All&nav3=43639,http://www.npd.no/FactMapSearch?NPDID_field=43639,,06.12.2012,08.05.2013
OSELVAR,DONG E&P Norge AS,PRODUCING, 1/3-6,22.06.1991,PRODUCTION LICENSE,274,2060266,5506919,1521,4070011,http://factpages.npd.no/FactPages/default.aspx?nav1=field&nav2=PageView|All&nav3=5506919,http://www.npd.no/FactMapSearch?NPDID_field=5506919,,14.09.2012,08.05.2013
REV,Talisman Energy Norge AS,PRODUCING, 15/12-12,09.02.2001,PRODUCTION LICENSE,038 C,4005057,4467554,3391,2425093,http://factpages.npd.no/FactPages/default.aspx?nav1=field&nav2=PageView|All&nav3=4467554,http://www.npd.no/FactMapSearch?NPDID_field=4467554,,07.12.2012,08.05.2013
RINGHORNE ØST,ExxonMobil Exploration & Production Norway AS,PRODUCING, 25/8-14 S,22.09.2003,BUSINESS ARRANGEMENT AREA,RINGHORNE ØST UNIT,3505593,3505505,4805,2835212,http://factpages.npd.no/FactPages/default.aspx?nav1=field&nav2=PageView|All&nav3=3505505,http://www.npd.no/FactMapSearch?NPDID_field=3505505,,,08.05.2013
SIGYN,ExxonMobil Exploration & Production Norway AS,PRODUCING, 16/7-4,06.12.1982,PRODUCTION LICENSE,072,21372,1630100,91,2835212,http://factpages.npd.no/FactPages/default.aspx?nav1=field&nav2=PageView|All&nav3=1630100,http://www.npd.no/FactMapSearch?NPDID_field=1630100,,,08.05.2013
SKARV,BP Norge AS,PRODUCING, 6507/5-1,03.05.1998,BUSINESS ARRANGEMENT AREA,SKARV UNIT,4468539,4704482,3683,2052695,http://factpages.npd.no/FactPages/default.aspx?nav1=field&nav2=PageView|All&nav3=4704482,http://www.npd.no/FactMapSearch?NPDID_field=4704482,09.01.2013,09.01.2013,08.05.2013
SKIRNE,Total E&P Norge AS,PRODUCING, 25/5-3,26.03.1990,PRODUCTION LICENSE,102,21620,2138816,1488,2410708,http://factpages.npd.no/FactPages/default.aspx?nav1=field&nav2=PageView|All&nav3=2138816,http://www.npd.no/FactMapSearch?NPDID_field=2138816,,,08.05.2013
SKULD,Statoil Petroleum AS,PRODUCING, 6608/10-12,21.12.2008,PRODUCTION LICENSE,128,21836,21350124,5949,17237817,http://factpages.npd.no/FactPages/default.aspx?nav1=field&nav2=PageView|All&nav3=21350124,http://www.npd.no/FactMapSearch?NPDID_field=21350124,22.03.2013,22.03.2013,08.05.2013
SLEIPNER VEST,Statoil Petroleum AS,PRODUCING, 15/6-3,19.12.1974,BUSINESS ARRANGEMENT AREA,SLEIPNER VEST UNIT,40848,43457,318,17237817,http://factpages.npd.no/FactPages/default.aspx?nav1=field&nav2=PageView|All&nav3=43457,http://www.npd.no/FactMapSearch?NPDID_field=43457,,,08.05.2013
SLEIPNER ØST,Statoil Petroleum AS,PRODUCING, 15/9-9,14.07.1981,BUSINESS ARRANGEMENT AREA,SLEIPNER ØST UNIT,41211,43478,328,17237817,http://factpages.npd.no/FactPages/default.aspx?nav1=field&nav2=PageView|All&nav3=43478,http://www.npd.no/FactMapSearch?NPDID_field=43478,,,08.05.2013
SNORRE,Statoil Petroleum AS,PRODUCING, 34/4-1,16.12.1979,BUSINESS ARRANGEMENT AREA,SNORRE UNIT,40906,43718,422,17237817,http://factpages.npd.no/FactPages/default.aspx?nav1=field&nav2=PageView|All&nav3=43718,http://www.npd.no/FactMapSearch?NPDID_field=43718,,06.12.2012,08.05.2013
SNØHVIT,Statoil Petroleum AS,PRODUCING, 7121/4-1,27.10.1984,BUSINESS ARRANGEMENT AREA,SNØHVIT UNIT,1333943,2053062,135,17237817,http://factpages.npd.no/FactPages/default.aspx?nav1=field&nav2=PageView|All&nav3=2053062,http://www.npd.no/FactMapSearch?NPDID_field=2053062,,21.12.2012,08.05.2013
STATFJORD,Statoil Petroleum AS,PRODUCING, 33/12-1,18.04.1974,BUSINESS ARRANGEMENT AREA,STATFJORD UNIT,41686,43658,417,17237817,http://factpages.npd.no/FactPages/default.aspx?nav1=field&nav2=PageView|All&nav3=43658,http://www.npd.no/FactMapSearch?NPDID_field=43658,,,08.05.2013
STATFJORD NORD,Statoil Petroleum AS,PRODUCING, 33/9-8,18.02.1977,PRODUCTION LICENSE,037,21084,43679,413,17237817,http://factpages.npd.no/FactPages/default.aspx?nav1=field&nav2=PageView|All&nav3=43679,http://www.npd.no/FactMapSearch?NPDID_field=43679,,,08.05.2013
STATFJORD ØST,Statoil Petroleum AS,PRODUCING, 33/9-7,07.11.1976,BUSINESS ARRANGEMENT AREA,STATFJORD ØST UNIT,41233,43672,412,17237817,http://factpages.npd.no/FactPages/default.aspx?nav1=field&nav2=PageView|All&nav3=43672,http://www.npd.no/FactMapSearch?NPDID_field=43672,,06.12.2012,08.05.2013
SVALIN,Statoil Petroleum AS,PDO APPROVED, 25/11-16,24.07.1992,PRODUCTION LICENSE,169,22164,22507971,1920,17237817,http://factpages.npd.no/FactPages/default.aspx?nav1=field&nav2=PageView|All&nav3=22507971,http://www.npd.no/FactMapSearch?NPDID_field=22507971,25.11.2012,25.11.2012,08.05.2013
SYGNA,Statoil Petroleum AS,PRODUCING, 33/9-19 S,23.07.1996,BUSINESS ARRANGEMENT AREA,SYGNA UNIT,96205,104718,2830,17237817,http://factpages.npd.no/FactPages/default.aspx?nav1=field&nav2=PageView|All&nav3=104718,http://www.npd.no/FactMapSearch?NPDID_field=104718,,06.12.2012,08.05.2013
TAMBAR,BP Norge AS,PRODUCING, 1/3-3,24.03.1983,PRODUCTION LICENSE,065,21316,1028599,87,2052695,http://factpages.npd.no/FactPages/default.aspx?nav1=field&nav2=PageView|All&nav3=1028599,http://www.npd.no/FactMapSearch?NPDID_field=1028599,,,08.05.2013
TAMBAR ØST,BP Norge AS,PRODUCING, 1/3-K-5,01.07.2007,BUSINESS ARRANGEMENT AREA,TAMBAR ØST UNIT,4999504,4999528,5485,2052695,http://factpages.npd.no/FactPages/default.aspx?nav1=field&nav2=PageView|All&nav3=4999528,http://www.npd.no/FactMapSearch?NPDID_field=4999528,,,08.05.2013
TOMMELITEN GAMMA,ConocoPhillips Skandinavia AS,SHUT DOWN, 1/9-4,12.01.1978,BUSINESS ARRANGEMENT AREA,TOMMELITEN UNIT,41411,43444,247,2410696,http://factpages.npd.no/FactPages/default.aspx?nav1=field&nav2=PageView|All&nav3=43444,http://www.npd.no/FactMapSearch?NPDID_field=43444,,,08.05.2013
TOR,ConocoPhillips Skandinavia AS,PRODUCING, 2/5-1,22.11.1970,BUSINESS ARRANGEMENT AREA,TOR UNIT,45891,43520,178,2410696,http://factpages.npd.no/FactPages/default.aspx?nav1=field&nav2=PageView|All&nav3=43520,http://www.npd.no/FactMapSearch?NPDID_field=43520,,,08.05.2013
TORDIS,Statoil Petroleum AS,PRODUCING, 34/7-12,17.12.1987,PRODUCTION LICENSE,089,21516,43725,1187,17237817,http://factpages.npd.no/FactPages/default.aspx?nav1=field&nav2=PageView|All&nav3=43725,http://www.npd.no/FactMapSearch?NPDID_field=43725,,05.12.2012,08.05.2013
TROLL,Statoil Petroleum AS,PRODUCING, 31/2-1,09.11.1979,BUSINESS ARRANGEMENT AREA,TROLL UNIT,41105,46437,398,17237817,http://factpages.npd.no/FactPages/default.aspx?nav1=field&nav2=PageView|All&nav3=46437,http://www.npd.no/FactMapSearch?NPDID_field=46437,,,08.05.2013
TRYM,DONG E&P Norge AS,PRODUCING, 3/7-4,23.01.1990,PRODUCTION LICENSE,147,21988,18081500,1467,4070011,http://factpages.npd.no/FactPages/default.aspx?nav1=field&nav2=PageView|All&nav3=18081500,http://www.npd.no/FactMapSearch?NPDID_field=18081500,,,08.05.2013
TUNE,Statoil Petroleum AS,PRODUCING, 30/8-1 S,01.03.1995,PRODUCTION LICENSE,190,22332,853376,2430,17237817,http://factpages.npd.no/FactPages/default.aspx?nav1=field&nav2=PageView|All&nav3=853376,http://www.npd.no/FactMapSearch?NPDID_field=853376,19.04.2013,19.04.2013,08.05.2013
TYRIHANS,Statoil Petroleum AS,PRODUCING, 6407/1-2,15.05.1983,BUSINESS ARRANGEMENT AREA,TYRIHANS UNIT,3488806,3960848,61,17237817,http://factpages.npd.no/FactPages/default.aspx?nav1=field&nav2=PageView|All&nav3=3960848,http://www.npd.no/FactMapSearch?NPDID_field=3960848,,08.06.2012,08.05.2013
ULA,BP Norge AS,PRODUCING, 7/12-2,24.09.1976,PRODUCTION LICENSE,019,20916,43800,295,2052695,http://factpages.npd.no/FactPages/default.aspx?nav1=field&nav2=PageView|All&nav3=43800,http://www.npd.no/FactMapSearch?NPDID_field=43800,,11.12.2012,08.05.2013
URD,Statoil Petroleum AS,PRODUCING, 6608/10-6,14.05.2000,PRODUCTION LICENSE,128,21836,2834734,3260,17237817,http://factpages.npd.no/FactPages/default.aspx?nav1=field&nav2=PageView|All&nav3=2834734,http://www.npd.no/FactMapSearch?NPDID_field=2834734,,,08.05.2013
VALE,Centrica Resources (Norge) AS,PRODUCING, 25/4-6 S,24.08.1991,PRODUCTION LICENSE,036,21076,1578893,1703,4238233,http://factpages.npd.no/FactPages/default.aspx?nav1=field&nav2=PageView|All&nav3=1578893,http://www.npd.no/FactMapSearch?NPDID_field=1578893,,,08.05.2013
VALEMON,Statoil Petroleum AS,PDO APPROVED, 34/10-23,13.10.1985,BUSINESS ARRANGEMENT AREA,VALEMON UNIT,18403644,20460969,476,17237817,http://factpages.npd.no/FactPages/default.aspx?nav1=field&nav2=PageView|All&nav3=20460969,http://www.npd.no/FactMapSearch?NPDID_field=20460969,,,08.05.2013
VALHALL,BP Norge AS,PRODUCING, 2/8-6,30.06.1975,BUSINESS ARRANGEMENT AREA,VALHALL UNIT,41657,43548,276,2052695,http://factpages.npd.no/FactPages/default.aspx?nav1=field&nav2=PageView|All&nav3=43548,http://www.npd.no/FactMapSearch?NPDID_field=43548,,,08.05.2013
VARG,Talisman Energy Norge AS,PRODUCING, 15/12-4,31.10.1984,PRODUCTION LICENSE,038,21092,43451,438,2425093,http://factpages.npd.no/FactPages/default.aspx?nav1=field&nav2=PageView|All&nav3=43451,http://www.npd.no/FactMapSearch?NPDID_field=43451,,,08.05.2013
VEGA,Statoil Petroleum AS,PRODUCING, 35/8-1,24.01.1981,BUSINESS ARRANGEMENT AREA,VEGA UNIT,20459640,4467595,205,17237817,http://factpages.npd.no/FactPages/default.aspx?nav1=field&nav2=PageView|All&nav3=4467595,http://www.npd.no/FactMapSearch?NPDID_field=4467595,,01.09.2012,08.05.2013
VESLEFRIKK,Statoil Petroleum AS,PRODUCING, 30/3-2 R,16.02.1981,PRODUCTION LICENSE,052,21212,43618,508,17237817,http://factpages.npd.no/FactPages/default.aspx?nav1=field&nav2=PageView|All&nav3=43618,http://www.npd.no/FactMapSearch?NPDID_field=43618,,17.08.2012,08.05.2013
VEST EKOFISK,ConocoPhillips Skandinavia AS,SHUT DOWN, 2/4-6,10.12.1970,PRODUCTION LICENSE,018,20900,43513,181,2410696,http://factpages.npd.no/FactPages/default.aspx?nav1=field&nav2=PageView|All&nav3=43513,http://www.npd.no/FactMapSearch?NPDID_field=43513,,,08.05.2013
VIGDIS,Statoil Petroleum AS,PRODUCING, 34/7-8,11.04.1986,PRODUCTION LICENSE,089,21516,43732,878,17237817,http://factpages.npd.no/FactPages/default.aspx?nav1=field&nav2=PageView|All&nav3=43732,http://www.npd.no/FactMapSearch?NPDID_field=43732,,05.12.2012,08.05.2013
VILJE,Marathon Oil Norge AS,PRODUCING, 25/4-9 S,29.09.2003,PRODUCTION LICENSE,036 D,5081703,3392471,4278,20485291,http://factpages.npd.no/FactPages/default.aspx?nav1=field&nav2=PageView|All&nav3=3392471,http://www.npd.no/FactMapSearch?NPDID_field=3392471,20.09.2012,20.09.2012,08.05.2013
VISUND,Statoil Petroleum AS,PRODUCING, 34/8-1,08.03.1986,BUSINESS ARRANGEMENT AREA,VISUND INSIDE,40726,43745,854,17237817,http://factpages.npd.no/FactPages/default.aspx?nav1=field&nav2=PageView|All&nav3=43745,http://www.npd.no/FactMapSearch?NPDID_field=43745,,,08.05.2013
VISUND SØR,Statoil Petroleum AS,PRODUCING, 34/8-14 S,21.10.2008,BUSINESS ARRANGEMENT AREA,VISUND INSIDE,40726,20461008,5943,17237817,http://factpages.npd.no/FactPages/default.aspx?nav1=field&nav2=PageView|All&nav3=20461008,http://www.npd.no/FactMapSearch?NPDID_field=20461008,24.11.2012,24.11.2012,08.05.2013
VOLUND,Marathon Oil Norge AS,PRODUCING, 24/9-5,26.01.1994,PRODUCTION LICENSE,150,22012,4380167,2244,20485291,http://factpages.npd.no/FactPages/default.aspx?nav1=field&nav2=PageView|All&nav3=4380167,http://www.npd.no/FactMapSearch?NPDID_field=4380167,,,08.05.2013
VOLVE,Statoil Petroleum AS,PRODUCING, 15/9-19 SR,29.03.1993,PRODUCTION LICENSE,046 BS,4227659,3420717,2105,17237817,http://factpages.npd.no/FactPages/default.aspx?nav1=field&nav2=PageView|All&nav3=3420717,http://www.npd.no/FactMapSearch?NPDID_field=3420717,,,08.05.2013
YME,Talisman Energy Norge AS,PDO APPROVED, 9/2-1,28.04.1987,PRODUCTION LICENSE,316,2786469,43807,1038,2425093,http://factpages.npd.no/FactPages/default.aspx?nav1=field&nav2=PageView|All&nav3=43807,http://www.npd.no/FactMapSearch?NPDID_field=43807,,,08.05.2013
YTTERGRYTA,Statoil Petroleum AS,PRODUCING, 6507/11-8,03.07.2007,PRODUCTION LICENSE,062,21292,4973114,5562,17237817,http://factpages.npd.no/FactPages/default.aspx?nav1=field&nav2=PageView|All&nav3=4973114,http://www.npd.no/FactMapSearch?NPDID_field=4973114,,,08.05.2013
ØST FRIGG,Centrica Resources (Norge) AS,SHUT DOWN, 25/2-1,21.09.1973,PRODUCTION LICENSE,362,3810565,43576,353,4238233,http://factpages.npd.no/FactPages/default.aspx?nav1=field&nav2=PageView|All&nav3=43576,http://www.npd.no/FactMapSearch?NPDID_field=43576,,,08.05.2013
ÅSGARD,Statoil Petroleum AS,PRODUCING, 6507/11-1,10.12.1981,BUSINESS ARRANGEMENT AREA,ÅSGARD UNIT,40564,43765,68,17237817,http://factpages.npd.no/FactPages/default.aspx?nav1=field&nav2=PageView|All&nav3=43765,http://www.npd.no/FactMapSearch?NPDID_field=43765,,,08.05.2013

