﻿ptlName,cmpLongName,prlNpdidLicence,cmpNpdidCompany,ptlOperDateUpdated,datesyncNPD
001,ExxonMobil Exploration & Production Norway AS,20756,2835212,,08.05.2013
001 B,Det norske oljeselskap ASA,917266,17342870,,08.05.2013
006,Total E&P Norge AS,20804,2410708,,08.05.2013
006 B,BP Norge AS,1333048,2052695,,08.05.2013
006 C,Lundin Norway AS,1333089,2767314,,08.05.2013
018,ConocoPhillips Skandinavia AS,20900,2410696,,08.05.2013
018 B,ConocoPhillips Skandinavia AS,20908,2410696,,08.05.2013
018 C,Maersk Oil Norway AS,2246113,4719674,,08.05.2013
018 DS,Maersk Oil Norway AS,21139552,4719674,,08.05.2013
019,BP Norge AS,20916,2052695,,08.05.2013
019 B,Talisman Energy Norge AS,20924,2425093,,08.05.2013
019 C,Talisman Energy Norge AS,47992,2425093,,08.05.2013
019 D,Talisman Energy Norge AS,5488531,2425093,,08.05.2013
024,Total E&P Norge AS,20964,2410708,,08.05.2013
025,Statoil Petroleum AS,34512,17237817,,08.05.2013
026,Total E&P Norge AS,20980,2410708,,08.05.2013
027,ExxonMobil Exploration & Production Norway AS,20988,2835212,,08.05.2013
027 B,ExxonMobil Exploration & Production Norway AS,917344,2835212,,08.05.2013
027 C,ExxonMobil Exploration & Production Norway AS,1333301,2835212,03.05.2013,08.05.2013
027 D,Det norske oljeselskap ASA,4943160,17342870,,08.05.2013
028,ExxonMobil Exploration & Production Norway AS,21004,2835212,,08.05.2013
028 B,Det norske oljeselskap ASA,917484,17342870,,08.05.2013
028 C,Statoil Petroleum AS,1333344,17237817,,08.05.2013
028 S,ExxonMobil Exploration & Production Norway AS,18054740,2835212,,08.05.2013
029,ExxonMobil Exploration & Production Norway AS,21020,2835212,,08.05.2013
029 B,Statoil Petroleum AS,1626782,17237817,,08.05.2013
029 C,Total E&P Norge AS,22493034,2410708,,08.05.2013
033,BP Norge AS,21052,2052695,,08.05.2013
033 B,BP Norge AS,1622353,2052695,,08.05.2013
034,Statoil Petroleum AS,21060,17237817,,08.05.2013
035,Det norske oljeselskap ASA,21068,17342870,,08.05.2013
035 B,Centrica Resources (Norge) AS,5105684,4238233,,08.05.2013
035 C,Statoil Petroleum AS,21559372,17237817,19.03.2013,08.05.2013
036,Centrica Resources (Norge) AS,21076,4238233,,08.05.2013
036 BS,Statoil Petroleum AS,2473189,17237817,,08.05.2013
036 C,Marathon Oil Norge AS,2473241,20485291,,08.05.2013
036 D,Marathon Oil Norge AS,5081703,20485291,,08.05.2013
037,Statoil Petroleum AS,21084,17237817,,08.05.2013
037 B,Statoil Petroleum AS,48081,17237817,,08.05.2013
037 C,Wintershall Norge AS,853671,21666830,,08.05.2013
037 D,Wintershall Norge AS,2787322,21666830,,08.05.2013
037 E,Statoil Petroleum AS,3000656,17237817,,08.05.2013
037 F,Statoil Petroleum AS,22813049,17237817,,08.05.2013
038,Talisman Energy Norge AS,21092,2425093,,08.05.2013
038 C,Talisman Energy Norge AS,4005057,2425093,,08.05.2013
038 D,Talisman Energy Norge AS,5500999,2425093,,08.05.2013
040,Total E&P Norge AS,21108,2410708,,08.05.2013
043,Total E&P Norge AS,21132,2410708,,08.05.2013
043 BS,Total E&P Norge AS,3811810,2410708,,08.05.2013
043 CS,Total E&P Norge AS,18116800,2410708,,08.05.2013
043 DS,Total E&P Norge AS,18116829,2410708,,08.05.2013
044,ConocoPhillips Skandinavia AS,21140,2410696,,08.05.2013
046,Statoil Petroleum AS,21156,17237817,,08.05.2013
046 B,Statoil Petroleum AS,4227611,17237817,,08.05.2013
046 BS,Statoil Petroleum AS,4227659,17237817,,08.05.2013
046 C,Statoil Petroleum AS,21350140,17237817,,08.05.2013
046 D,Statoil Petroleum AS,21559399,17237817,05.02.2013,08.05.2013
048 B,Statoil Petroleum AS,1342723,17237817,,08.05.2013
048 D,Statoil Petroleum AS,3489553,17237817,,08.05.2013
048 E,Statoil Petroleum AS,18450020,17237817,,08.05.2013
050,Statoil Petroleum AS,21188,17237817,,08.05.2013
050 B,Statoil Petroleum AS,21196,17237817,,08.05.2013
050 C,Statoil Petroleum AS,102490,17237817,,08.05.2013
050 D,Statoil Petroleum AS,4237912,17237817,,08.05.2013
050 DS,Statoil Petroleum AS,4380141,17237817,,08.05.2013
050 ES,Statoil Petroleum AS,21668200,17237817,,08.05.2013
050 FS,Statoil Petroleum AS,21668235,17237817,,08.05.2013
050 GS,Statoil Petroleum AS,21668262,17237817,,08.05.2013
050 HS,Statoil Petroleum AS,21668287,17237817,,08.05.2013
051,Statoil Petroleum AS,21204,17237817,,08.05.2013
052,Statoil Petroleum AS,21212,17237817,,08.05.2013
052 B,Statoil Petroleum AS,1840712,17237817,,08.05.2013
053,Statoil Petroleum AS,21220,17237817,,08.05.2013
053 B,Statoil Petroleum AS,48207,17237817,,08.05.2013
054,Statoil Petroleum AS,21228,17237817,,08.05.2013
055,Statoil Petroleum AS,21236,17237817,,08.05.2013
055 B,Statoil Petroleum AS,102499,17237817,,08.05.2013
055 C,Statoil Petroleum AS,2424830,17237817,,08.05.2013
055 D,StatoilHydro Petroleum AS,22813096,4511658,,08.05.2013
057,Statoil Petroleum AS,21252,17237817,,08.05.2013
062,Statoil Petroleum AS,21292,17237817,,08.05.2013
064,Statoil Petroleum AS,21308,17237817,,08.05.2013
065,BP Norge AS,21316,2052695,,08.05.2013
072,ExxonMobil Exploration & Production Norway AS,21372,2835212,,08.05.2013
072 B,ExxonMobil Exploration & Production Norway AS,1630345,2835212,,08.05.2013
072 C,Statoil Petroleum AS,21350207,17237817,,08.05.2013
073,Statoil Petroleum AS,21380,17237817,,08.05.2013
073 B,Statoil Petroleum AS,2987414,17237817,,08.05.2013
074,Statoil Petroleum AS,21388,17237817,,08.05.2013
074 B,Statoil Petroleum AS,4918544,17237817,,08.05.2013
077,Statoil Petroleum AS,21412,17237817,,08.05.2013
078,Statoil Petroleum AS,21420,17237817,,08.05.2013
079,Statoil Petroleum AS,34635,17237817,,08.05.2013
085,Statoil Petroleum AS,21476,17237817,,08.05.2013
085 B,Statoil Petroleum AS,21484,17237817,,08.05.2013
085 C,Statoil Petroleum AS,2051285,17237817,,08.05.2013
088,Centrica Resources (Norge) AS,21508,4238233,,08.05.2013
088 BS,Marathon Oil Norge AS,2787418,20485291,,08.05.2013
089,Statoil Petroleum AS,21516,17237817,,08.05.2013
090,Statoil Petroleum AS,21524,17237817,,08.05.2013
090 B,Statoil Petroleum AS,3426781,17237817,,08.05.2013
090 C,Statoil Petroleum AS,3426824,17237817,,08.05.2013
090 E,Statoil Petroleum AS,17642079,17237817,,08.05.2013
090 F,Statoil Petroleum AS,23268186,17237817,,08.05.2013
090 G,Statoil Petroleum AS,23268222,17237817,,08.05.2013
090 HS,Statoil Petroleum AS,23297006,17237817,,08.05.2013
091,Statoil Petroleum AS,21532,17237817,,08.05.2013
091 D,Statoil Petroleum AS,22813131,17237817,,08.05.2013
092,Statoil Petroleum AS,21540,17237817,,08.05.2013
093,A/S Norske Shell,21548,562,,08.05.2013
093 B,A/S Norske Shell,17654585,562,,08.05.2013
093 C,A/S Norske Shell,22813180,562,,08.05.2013
094,Statoil Petroleum AS,21556,17237817,,08.05.2013
094 B,Statoil Petroleum AS,2092082,17237817,,08.05.2013
095,ConocoPhillips Skandinavia AS,21564,2410696,,08.05.2013
097,Statoil Petroleum AS,21580,17237817,,08.05.2013
099,Statoil Petroleum AS,21596,17237817,,08.05.2013
100,Statoil Petroleum AS,21604,17237817,,08.05.2013
102,Total E&P Norge AS,21620,2410708,,08.05.2013
102 C,Total E&P Norge AS,5467035,2410708,,08.05.2013
102 D,Total E&P Norge AS,21568785,2410708,,08.05.2013
102 E,Total E&P Norge AS,21568578,2410708,,08.05.2013
103 B,Det norske oljeselskap ASA,40772,17342870,,08.05.2013
104,Statoil Petroleum AS,21636,17237817,,08.05.2013
107,Statoil Petroleum AS,21660,17237817,,08.05.2013
107 B,Statoil Petroleum AS,5107376,17237817,,08.05.2013
107 C,Statoil Petroleum AS,5115394,17237817,,08.05.2013
107 D,Statoil Petroleum AS,21124705,17237817,,08.05.2013
110,Statoil Petroleum AS,21684,17237817,,08.05.2013
110 B,Statoil Petroleum AS,3001885,17237817,,08.05.2013
110 C,Statoil Petroleum AS,3986340,17237817,,08.05.2013
113,DONG E&P Norge AS,21708,4070011,,08.05.2013
120,Statoil Petroleum AS,21772,17237817,,08.05.2013
120 B,Statoil Petroleum AS,4380181,17237817,,08.05.2013
121,Statoil Petroleum AS,21780,17237817,,08.05.2013
122,Eni Norge AS,21788,2388594,,08.05.2013
122 B,Eni Norge AS,2134110,2388594,,08.05.2013
122 C,Eni Norge AS,2987454,2388594,,08.05.2013
122 D,Eni Norge AS,3811939,2388594,,08.05.2013
124,Statoil Petroleum AS,21804,17237817,,08.05.2013
127,Total E&P Norge AS,21828,2410708,,08.05.2013
128,Statoil Petroleum AS,21836,17237817,,08.05.2013
128 B,Statoil Petroleum AS,41361,17237817,,08.05.2013
132,Statoil Petroleum AS,21868,17237817,,08.05.2013
134,Statoil Petroleum AS,21884,17237817,,08.05.2013
134 B,Statoil Petroleum AS,1025257,17237817,,08.05.2013
134 C,Statoil Petroleum AS,3812006,17237817,,08.05.2013
143,ConocoPhillips Skandinavia AS,21956,2410696,,08.05.2013
143 BS,Talisman Energy Norge AS,2424891,2425093,,08.05.2013
145,ConocoPhillips Skandinavia AS,21972,2410696,,08.05.2013
146,Statoil Petroleum AS,21980,17237817,,08.05.2013
147,DONG E&P Norge AS,21988,4070011,,08.05.2013
148,Lundin Norway AS,21996,2767314,,08.05.2013
150,Marathon Oil Norge AS,22012,20485291,,08.05.2013
150 B,Marathon Oil Norge AS,20108072,20485291,,08.05.2013
152,Statoil Petroleum AS,22028,17237817,,08.05.2013
153,GDF SUEZ E&P Norge AS,22036,5267845,,08.05.2013
153 B,GDF SUEZ E&P Norge AS,4918242,5267845,,08.05.2013
158,A/S Norske Shell,22076,562,,08.05.2013
159,Statoil Petroleum AS,22084,17237817,,08.05.2013
159 B,Statoil Petroleum AS,2819945,17237817,,08.05.2013
159 C,Statoil Petroleum AS,4939362,17237817,,08.05.2013
159 D,Statoil Petroleum AS,4939421,17237817,,08.05.2013
167,Statoil Petroleum AS,22148,17237817,,08.05.2013
167 B,Statoil Petroleum AS,2407874,17237817,,08.05.2013
169,Statoil Petroleum AS,22164,17237817,,08.05.2013
169 B1,Statoil Petroleum AS,1030964,17237817,,08.05.2013
169 B2,Statoil Petroleum AS,1031002,17237817,,08.05.2013
169 C,Det norske oljeselskap ASA,5479914,17342870,,08.05.2013
169 D,Statoil Petroleum AS,17320383,17237817,,08.05.2013
169 E,Statoil Petroleum AS,21124742,17237817,,08.05.2013
171 B,Statoil Petroleum AS,1333384,17237817,,08.05.2013
176,A/S Norske Shell,22220,562,,08.05.2013
185,Statoil Petroleum AS,22292,17237817,,08.05.2013
187,Statoil Petroleum AS,22308,17237817,,08.05.2013
190,Statoil Petroleum AS,22332,17237817,,08.05.2013
190 B,Statoil Petroleum AS,22813207,17237817,,08.05.2013
193,Statoil Petroleum AS,22356,17237817,,08.05.2013
193 B,Statoil Petroleum AS,5107611,17237817,,08.05.2013
193 C,Statoil Petroleum AS,20108409,17237817,,08.05.2013
193 D,Statoil Petroleum AS,21349950,17237817,,08.05.2013
195,Statoil Petroleum AS,22372,17237817,,08.05.2013
195 B,Statoil Petroleum AS,3812021,17237817,,08.05.2013
199,Statoil Petroleum AS,22404,17237817,,08.05.2013
201,Eni Norge AS,22420,2388594,,08.05.2013
203,Marathon Oil Norge AS,22436,20485291,,08.05.2013
203 B,Marathon Oil Norge AS,22813239,20485291,,08.05.2013
208,BP Norge AS,22476,2052695,,08.05.2013
209,Statoil Petroleum AS,22484,17237817,,08.05.2013
211,Total E&P Norge AS,22500,2410708,,08.05.2013
211 B,Total E&P Norge AS,4238638,2410708,,08.05.2013
212,BP Norge AS,22508,2052695,,08.05.2013
212 B,BP Norge AS,2092275,2052695,,08.05.2013
212 E,BP Norge AS,4966902,2052695,,08.05.2013
218,Statoil Petroleum AS,22556,17237817,,08.05.2013
218 B,Statoil Petroleum AS,20428874,17237817,,08.05.2013
219,Statoil Petroleum AS,22564,17237817,,08.05.2013
220,Statoil Petroleum AS,22572,17237817,,08.05.2013
226,Statoil Petroleum AS,22620,17237817,,08.05.2013
226 B,Statoil Petroleum AS,20429377,17237817,,08.05.2013
229,Eni Norge AS,22644,2388594,,08.05.2013
229 B,Eni Norge AS,4461754,2388594,,08.05.2013
230,Statoil Petroleum AS,22652,17237817,,08.05.2013
237,Statoil Petroleum AS,41327,17237817,,08.05.2013
242,Det norske oljeselskap ASA,102226,17342870,,08.05.2013
248,Statoil Petroleum AS,102285,17237817,,08.05.2013
248 B,Statoil Petroleum AS,3812058,17237817,,08.05.2013
248 C,Statoil Petroleum AS,23297103,17237817,01.05.2013,08.05.2013
249,Centrica Resources (Norge) AS,102294,4238233,,08.05.2013
250,A/S Norske Shell,115537,562,,08.05.2013
255,A/S Norske Shell,1032979,562,,08.05.2013
257,Statoil Petroleum AS,1033013,17237817,,08.05.2013
261,BP Norge AS,1033077,2052695,,08.05.2013
262,BP Norge AS,1033093,2052695,,08.05.2013
263,Statoil Petroleum AS,1033111,17237817,,08.05.2013
263 B,Statoil Petroleum AS,3812093,17237817,,08.05.2013
263 C,Statoil Petroleum AS,4966437,17237817,,08.05.2013
265,Statoil Petroleum AS,1624237,17237817,,08.05.2013
269,Statoil Petroleum AS,1624410,17237817,,08.05.2013
270,VNG Norge AS,1624436,17237193,,08.05.2013
272,Statoil Petroleum AS,2060232,17237817,,08.05.2013
274,DONG E&P Norge AS,2060266,4070011,,08.05.2013
274 CS,DONG E&P Norge AS,4909658,4070011,,08.05.2013
275,ConocoPhillips Skandinavia AS,2060278,2410696,,08.05.2013
277,Statoil Petroleum AS,2060336,17237817,,08.05.2013
289,DONG E&P Norge AS,2407454,4070011,,08.05.2013
292,BG Norge AS,2407572,2747354,07.05.2013,08.05.2013
292 B,BG Norge AS,5107501,2747354,,08.05.2013
293,Eni Norge AS,2407711,2388594,,08.05.2013
293 B,Eni Norge AS,21695786,2388594,,08.05.2013
299,Talisman Energy Norge AS,2490320,2425093,,08.05.2013
300,BP Norge AS,2490354,2052695,,08.05.2013
301,Lundin Norway AS,2490380,2767314,,08.05.2013
301 D,Lundin Norway AS,20088622,2767314,,08.05.2013
303 B,Statoil Petroleum AS,20499620,17237817,12.03.2013,08.05.2013
309 B,Statoil Petroleum AS,20108378,17237817,,08.05.2013
309 C,Statoil Petroleum AS,21104663,17237817,,08.05.2013
312,Statoil Petroleum AS,2491196,17237817,,08.05.2013
312 B,Statoil Petroleum AS,17654614,17237817,,08.05.2013
316,Talisman Energy Norge AS,2786469,2425093,,08.05.2013
316 B,Talisman Energy Norge AS,4237334,2425093,,08.05.2013
318,Statoil Petroleum AS,2786586,17237817,,08.05.2013
318 B,Statoil Petroleum AS,4238138,17237817,,08.05.2013
318 C,Statoil Petroleum AS,5463114,17237817,,08.05.2013
327,Statoil Petroleum AS,2786915,17237817,,08.05.2013
327 B,Statoil Petroleum AS,4720054,17237817,,08.05.2013
330,RWE Dea Norge AS,2787040,97557,,08.05.2013
332,Talisman Energy Norge AS,2986240,2425093,,08.05.2013
333,Statoil Petroleum AS,2986266,17237817,,08.05.2013
338,Lundin Norway AS,2986578,2767314,,08.05.2013
340,Marathon Oil Norge AS,2986630,20485291,,08.05.2013
340 BS,Marathon Oil Norge AS,17320421,20485291,,08.05.2013
348,Statoil Petroleum AS,2987047,17237817,,08.05.2013
348 B,Statoil Petroleum AS,20109261,17237817,,08.05.2013
359,Lundin Norway AS,3810373,2767314,,08.05.2013
360,Statoil Petroleum AS,3810387,17237817,,08.05.2013
360 B,Statoil Petroleum AS,20107847,17237817,,08.05.2013
362,Centrica Resources (Norge) AS,3810565,4238233,,08.05.2013
364,Det norske oljeselskap ASA,3810636,17342870,,08.05.2013
370,Wintershall Norge AS,3810959,21666830,,08.05.2013
370 B,Wintershall Norge AS,20108642,21666830,,08.05.2013
373 S,BG Norge AS,3811116,2747354,07.05.2013,08.05.2013
374 S,BG Norge AS,3811171,2747354,,08.05.2013
375,Suncor Energy Norge AS,3811214,20426420,,08.05.2013
375 B,Suncor Energy Norge AS,20108600,20426420,,08.05.2013
375 C,Suncor Energy Norge AS,21569065,20426420,,08.05.2013
378,Wintershall Norge AS,3811312,21666830,,08.05.2013
382,BP Norge AS,3811444,2052695,,08.05.2013
385,Statoil Petroleum AS,3811602,17237817,,08.05.2013
386,Statoil Petroleum AS,3811659,17237817,,08.05.2013
393,Statoil Petroleum AS,3965277,17237817,,08.05.2013
393 B,Statoil Petroleum AS,18404594,17237817,,08.05.2013
395,Statoil Petroleum AS,3965360,17237817,,08.05.2013
405,Centrica Resources (Norge) AS,4237284,4238233,,08.05.2013
405 B,Centrica Resources (Norge) AS,4918473,4238233,,08.05.2013
406,Premier Oil Norge AS,4237318,3482067,,08.05.2013
407,BG Norge AS,4237300,2747354,,08.05.2013
409,Lundin Norway AS,4237470,2767314,,08.05.2013
410,Lundin Norway AS,4237458,2767314,,08.05.2013
414,Det norske oljeselskap ASA,4237582,17342870,,08.05.2013
414 B,Det norske oljeselskap ASA,21569107,17342870,,08.05.2013
418,Wintershall Norge AS,4238348,21666830,,08.05.2013
420,RWE Dea Norge AS,4238409,97557,,08.05.2013
433,Centrica Resources (Norge) AS,4238654,4238233,,08.05.2013
435,RWE Dea Norge AS,4238696,97557,,08.05.2013
438,Lundin Norway AS,4238812,2767314,,08.05.2013
440 S,Faroe Petroleum Norge AS,4237161,4062883,,08.05.2013
442,Centrica Resources (Norge) AS,4237510,4238233,,08.05.2013
448,Statoil Petroleum AS,4238790,17237817,,08.05.2013
450,Det norske oljeselskap ASA,4909784,17342870,,08.05.2013
453 S,Lundin Norway AS,4909893,2767314,,08.05.2013
455,Lotos Exploration and Production Norge AS,4909816,5064434,,08.05.2013
457,Wintershall Norge AS,4910110,21666830,,08.05.2013
473,Statoil Petroleum AS,4920841,17237817,,08.05.2013
475,Wintershall Norge AS,4918410,21666830,,08.05.2013
475 BS,Wintershall Norge AS,5107669,21666830,,08.05.2013
475 CS,Wintershall Norge AS,20109375,21666830,,08.05.2013
477,Centrica Resources (Norge) AS,4921022,4238233,,08.05.2013
477 B,Centrica Resources (Norge) AS,17654703,4238233,,08.05.2013
479,Statoil Petroleum AS,4920979,17237817,,08.05.2013
484,Noreco Norway AS,4921632,22223020,,08.05.2013
489,Eni Norge AS,4921522,2388594,,08.05.2013
490,Lundin Norway AS,4921353,2767314,,08.05.2013
492,Lundin Norway AS,4925088,2767314,,08.05.2013
494,Det norske oljeselskap ASA,5105899,17342870,06.04.2013,08.05.2013
494 B,Det norske oljeselskap ASA,20088555,17342870,06.04.2013,08.05.2013
494 C,Det norske oljeselskap ASA,21569178,17342870,06.04.2013,08.05.2013
495,Lundin Norway AS,5105968,2767314,,08.05.2013
495 B,Lundin Norway AS,21560089,2767314,,08.05.2013
497,Det norske oljeselskap ASA,5106073,17342870,,08.05.2013
497 B,Det norske oljeselskap ASA,17320202,17342870,,08.05.2013
498,Lotos Exploration and Production Norge AS,5106134,5064434,,08.05.2013
499 S,ConocoPhillips Skandinavia AS,5106238,2410696,,08.05.2013
500,Statoil Petroleum AS,5106274,17237817,,08.05.2013
501,Lundin Norway AS,5106314,2767314,,08.05.2013
501 B,Lundin Norway AS,20107950,2767314,03.05.2013,08.05.2013
502,Statoil Petroleum AS,5106378,17237817,,08.05.2013
503,Lotos Exploration and Production Norge AS,5106405,5064434,,08.05.2013
503 B,Lotos Exploration and Production Norge AS,20107903,5064434,,08.05.2013
504,Det norske oljeselskap ASA,5106455,17342870,,08.05.2013
504 BS,Det norske oljeselskap ASA,17320469,17342870,,08.05.2013
505,Marathon Oil Norge AS,5106486,20485291,,08.05.2013
505 BS,Marathon Oil Norge AS,17320530,20485291,,08.05.2013
506 BS,Rocksource Exploration Norway AS,20108101,22528729,,08.05.2013
506 CS,Rocksource Exploration Norway AS,20108128,22528729,,08.05.2013
506 DS,Rocksource Exploration Norway AS,21560284,22528729,,08.05.2013
506 S,Rocksource Exploration Norway AS,5106544,22528729,,08.05.2013
507,Wintershall Norge AS,5106689,21666830,,08.05.2013
509 BS,Wintershall Norge AS,22813272,21666830,,08.05.2013
509 S,Wintershall Norge AS,5106880,21666830,,08.05.2013
510,Maersk Oil Norway AS,5106991,4719674,15.02.2013,08.05.2013
511,Wintershall Norge AS,5107428,21666830,,08.05.2013
512,Det norske oljeselskap ASA,5107312,17342870,,08.05.2013
513,Maersk Oil Norway AS,5107217,4719674,,08.05.2013
513 B,Maersk Oil Norway AS,21560453,4719674,,08.05.2013
516,Statoil Petroleum AS,5107101,17237817,,08.05.2013
519,Lundin Norway AS,5463084,2767314,,08.05.2013
520,ExxonMobil Exploration & Production Norway AS,5463136,2835212,,08.05.2013
521,Statoil Petroleum AS,5463210,17237817,,08.05.2013
522,BG Norge AS,5463248,2747354,,08.05.2013
525,Noreco Norway AS,5463362,22223020,,08.05.2013
526,North Energy ASA,5463391,18082156,,08.05.2013
527,Chevron Norge AS,5463429,3488906,,08.05.2013
528,Centrica Resources (Norge) AS,5463521,4238233,,08.05.2013
528 B,Centrica Resources (Norge) AS,20428963,4238233,,08.05.2013
529,Eni Norge AS,5463559,2388594,,08.05.2013
531,Repsol Exploration Norge AS,5463621,17237506,,08.05.2013
532,Statoil Petroleum AS,5463659,17237817,,08.05.2013
533,Eni Norge AS,5463724,2388594,,08.05.2013
534,BG Norge AS,5463753,2747354,,08.05.2013
535,Total E&P Norge AS,5463791,2410708,,08.05.2013
537,OMV (Norge) AS,5463849,4460594,,08.05.2013
539,Premier Oil Norge AS,17320077,3482067,,08.05.2013
541,Repsol Exploration Norge AS,17320130,17237506,,08.05.2013
542,Det norske oljeselskap ASA,17320156,17342870,,08.05.2013
542 B,Det norske oljeselskap ASA,22813299,17342870,,08.05.2013
544,Lundin Norway AS,17320260,2767314,,08.05.2013
546,Lundin Norway AS,17320338,2767314,,08.05.2013
549 S,Det norske oljeselskap ASA,17320558,17342870,,08.05.2013
550,Tullow Oil Norge AS,17320594,23173852,21.02.2013,08.05.2013
551,Tullow Oil Norge AS,17642019,23173852,20.02.2013,08.05.2013
552,Statoil Petroleum AS,17642108,17237817,,08.05.2013
553,Det norske oljeselskap ASA,17646365,17342870,,08.05.2013
554,Total E&P Norge AS,17654471,2410708,,08.05.2013
554 B,Total E&P Norge AS,20108509,2410708,,08.05.2013
555,Lundin Norway AS,17654533,2767314,,08.05.2013
557,OMV (Norge) AS,17654641,4460594,,08.05.2013
557 B,OMV (Norge) AS,21560889,4460594,,08.05.2013
558,E.ON E&P Norge AS,17654732,21631209,,08.05.2013
559,Rocksource Exploration Norway AS,17654775,22528729,,08.05.2013
562,E.ON E&P Norge AS,17654921,21631209,,08.05.2013
563,Lundin Norway AS,17655034,2767314,,08.05.2013
564,OMV (Norge) AS,17655076,4460594,,08.05.2013
565,Premier Oil Norge AS,20088435,3482067,,08.05.2013
566 S,Premier Oil Norge AS,20088461,3482067,,08.05.2013
567,Premier Oil Norge AS,20088593,3482067,,08.05.2013
568,Talisman Energy Norge AS,20088760,2425093,,08.05.2013
569,Statoil Petroleum AS,20107876,17237817,,08.05.2013
570,VNG Norge AS,20107979,17237193,,08.05.2013
571,Suncor Energy Norge AS,20108024,20426420,,08.05.2013
573 S,Det norske oljeselskap ASA,20108194,17342870,,08.05.2013
574,Statoil Petroleum AS,20108260,17237817,,08.05.2013
577,Wintershall Norge AS,20108473,21666830,,08.05.2013
578,Idemitsu Petroleum Norge AS,20108565,441,,08.05.2013
579,Lundin Norway AS,20108664,2767314,,08.05.2013
580,Statoil Petroleum AS,20108700,17237817,,08.05.2013
581,Dana Petroleum Norway AS,20108743,4526555,,08.05.2013
582,RWE Dea Norge AS,20108820,97557,,08.05.2013
583,Tullow Oil Norge AS,20109004,23173852,20.02.2013,08.05.2013
584,Lundin Norway AS,20109082,2767314,,08.05.2013
585,Total E&P Norge AS,20109152,2410708,,08.05.2013
586,VNG Norge AS,20109200,17237193,,08.05.2013
587,Edison International Norway Branch,20109234,17237180,,08.05.2013
589,Wintershall Norge AS,20109325,21666830,,08.05.2013
590,North Energy ASA,20109438,18082156,,08.05.2013
591,Tullow Oil Norge AS,20109475,23173852,20.02.2013,08.05.2013
591 B,Tullow Oil Norge AS,23180930,23173852,,08.05.2013
592,Centrica Resources (Norge) AS,20109566,4238233,,08.05.2013
595,Edison International Norway Branch,20109655,17237180,,08.05.2013
596,ExxonMobil Exploration & Production Norway AS,20428440,2835212,,08.05.2013
597,VNG Norge AS,20428525,17237193,,08.05.2013
597 B,VNG Norge AS,21561308,17237193,,08.05.2013
598,Chevron Norge AS,20428655,3488906,,08.05.2013
599,BG Norge AS,20428552,2747354,,08.05.2013
600,Dana Petroleum Norway AS,20428617,4526555,,08.05.2013
601,Wintershall Norge AS,20428711,21666830,,08.05.2013
602,Statoil Petroleum AS,20428749,17237817,,08.05.2013
603,Statoil Petroleum AS,20428814,17237817,,08.05.2013
604,Suncor Energy Norge AS,20428990,20426420,,08.05.2013
605,ConocoPhillips Skandinavia AS,20429042,2410696,,08.05.2013
606,OMV (Norge) AS,20429078,4460594,,08.05.2013
607,GDF SUEZ E&P Norge AS,20429121,5267845,,08.05.2013
608,Statoil Petroleum AS,20429159,17237817,,08.05.2013
609,Lundin Norway AS,20429186,2767314,,08.05.2013
609 B,Lundin Norway AS,21561445,2767314,,08.05.2013
610,GDF SUEZ E&P Norge AS,20429259,5267845,,08.05.2013
611,Wintershall Norge AS,20429303,21666830,,08.05.2013
612,GDF SUEZ E&P Norge AS,20429462,5267845,,08.05.2013
613,DONG E&P Norge AS,20429419,4070011,,08.05.2013
614,Statoil Petroleum AS,20429507,17237817,,08.05.2013
615,Statoil Petroleum AS,20429544,17237817,,08.05.2013
616,Edison International Norway Branch,21561481,17237180,,08.05.2013
617,Valiant Petroleum Norge AS,21561629,21104529,,08.05.2013
618,Total E&P Norge AS,21561689,2410708,,08.05.2013
619,Total E&P Norge AS,21560040,2410708,,08.05.2013
620,Faroe Petroleum Norge AS,21560115,4062883,,08.05.2013
622,Premier Oil Norge AS,21560182,3482067,,08.05.2013
623,Talisman Energy Norge AS,21560239,2425093,,08.05.2013
624,Statoil Petroleum AS,21560318,17237817,,08.05.2013
625,Lundin Norway AS,21560380,2767314,,08.05.2013
626,Det norske oljeselskap ASA,21560418,17342870,,08.05.2013
627,Total E&P Norge AS,21560469,2410708,,08.05.2013
628,Statoil Petroleum AS,21560616,17237817,,08.05.2013
629,Bridge Energy Norge AS,21560683,18178215,,08.05.2013
630,Statoil Petroleum AS,21560745,17237817,,08.05.2013
631,Lundin Norway AS,21560844,2767314,,08.05.2013
632,Statoil Petroleum AS,21560912,17237817,,08.05.2013
633,Wintershall Norge AS,21560982,21666830,,08.05.2013
634,GDF SUEZ E&P Norge AS,21561057,5267845,,08.05.2013
635,Bayerngas Norge AS,21561115,4444493,,08.05.2013
636,GDF SUEZ E&P Norge AS,21561151,5267845,,08.05.2013
637,Suncor Energy Norge AS,21561194,20426420,,08.05.2013
638,BG Norge AS,21561239,2747354,,08.05.2013
639,Tullow Oil Norge AS,21559426,23173852,20.02.2013,08.05.2013
640,Talisman Energy Norge AS,21559488,2425093,,08.05.2013
641,VNG Norge AS,21559540,17237193,,08.05.2013
642,Repsol Exploration Norge AS,21559610,17237506,,08.05.2013
643,VNG Norge AS,21561387,17237193,,08.05.2013
644,OMV (Norge) AS,21559648,4460594,,08.05.2013
645,Faroe Petroleum Norge AS,21559709,4062883,,08.05.2013
646,Wintershall Norge AS,21559761,21666830,,08.05.2013
647,Maersk Oil Norway AS,21559805,4719674,,08.05.2013
648 S,PGNiG Norway AS,21559877,4505831,,08.05.2013
649,VNG Norge AS,21559950,17237193,,08.05.2013
650,E.ON E&P Norge AS,21559201,21631209,,08.05.2013
651,E.ON E&P Norge AS,21559146,21631209,,08.05.2013
653,RWE Dea Norge AS,21559076,97557,,08.05.2013
654,RWE Dea Norge AS,21559027,97557,,08.05.2013
655,Wintershall Norge AS,21558998,21666830,,08.05.2013
656,E.ON E&P Norge AS,21558940,21631209,,08.05.2013
657,Eni Norge AS,21558872,2388594,,08.05.2013
658,DONG E&P Norge AS,21558820,4070011,,08.05.2013
659,Det norske oljeselskap ASA,21558636,17342870,,08.05.2013
660,Faroe Petroleum Norge AS,22815555,4062883,,08.05.2013
661,Total E&P Norge AS,22815589,2410708,,08.05.2013
662,Total E&P Norge AS,22815632,2410708,,08.05.2013
663,Det norske oljeselskap ASA,22815661,17342870,,08.05.2013
664 S,Talisman Energy Norge AS,22815702,2425093,,08.05.2013
665 S,Faroe Petroleum Norge AS,22815738,4062883,,08.05.2013
666,Centrica Resources (Norge) AS,22815785,4238233,,08.05.2013
667,Total E&P Norge AS,22815830,2410708,,08.05.2013
668,Centrica Resources (Norge) AS,22815873,4238233,,08.05.2013
669,DONG E&P Norge AS,22815914,4070011,,08.05.2013
670,Tullow Oil Norge AS,22815949,23173852,,08.05.2013
671,Maersk Oil Norway AS,22816003,4719674,,08.05.2013
672,Talisman Energy Norge AS,22816061,2425093,,08.05.2013
673,VNG Norge AS,22816103,17237193,,08.05.2013
674,E.ON E&P Norge AS,22816134,21631209,,08.05.2013
675,Statoil Petroleum AS,22816217,17237817,,08.05.2013
676 S,Faroe Petroleum Norge AS,22816262,4062883,,08.05.2013
677,Det norske oljeselskap ASA,22816357,17342870,,08.05.2013
678 S,Wintershall Norge AS,22816406,21666830,,08.05.2013
679 S,BG Norge AS,22816484,2747354,,08.05.2013
680,Tullow Oil Norge AS,22816583,23173852,,08.05.2013
681,Tullow Oil Norge AS,22816639,23173852,,08.05.2013
682,Bayerngas Norge AS,22816685,4444493,,08.05.2013
683,Wintershall Norge AS,22816753,21666830,,08.05.2013
684,Statoil Petroleum AS,22816794,17237817,,08.05.2013
685,Total E&P Norge AS,22820468,2410708,,08.05.2013
686,A/S Norske Shell,22820521,562,,08.05.2013
687,VNG Norge AS,22820550,17237193,,08.05.2013
688,E.ON E&P Norge AS,22820588,21631209,,08.05.2013
689,DONG E&P Norge AS,22820628,4070011,,08.05.2013
690,Bridge Energy Norge AS,22820657,18178215,,08.05.2013
691,Centrica Resources (Norge) AS,22820684,4238233,,08.05.2013
692,Repsol Exploration Norge AS,22820715,17237506,,08.05.2013
693,OMV (Norge) AS,22820761,4460594,,08.05.2013
694,RWE Dea Norge AS,22820804,97557,,08.05.2013
695,Lundin Norway AS,22820851,2767314,,08.05.2013
696,Statoil Petroleum AS,22820904,17237817,,08.05.2013
697,Eni Norge AS,22821005,2388594,,08.05.2013
698,A/S Norske Shell,22821040,562,,08.05.2013
699,A/S Norske Shell,22821109,562,,08.05.2013
700,Lundin Norway AS,22821177,2767314,,08.05.2013
701,Norwegian Energy Company ASA,23180841,4530695,,08.05.2013

