﻿ptlName,tufName,ptlDateValidFrom,ptlDateValidTo,tufNpdidTuf,ptlDateUpdated,ptlDateUpdatedMax,datesyncNPD
EUROPIPE,EUROPIPE I,11.12.1992,31.12.2028,124262,,08.05.2013,08.05.2013
EUROPIPE II,EUROPIPE II,16.12.1996,31.12.2028,2454909,,08.05.2013,08.05.2013
FRANPIPE,FRANPIPE,15.08.1995,31.12.2028,124202,,08.05.2013,08.05.2013
GJØA GAS PIPELINE,GJØA GASSRØR,04.07.2010,31.12.2028,4480765,,08.05.2013,08.05.2013
HALTENPIPE,HALTENPIPE,09.03.1992,31.12.2028,124293,,08.05.2013,08.05.2013
KOLLSNES GASSBEHANDLINGSANLEGG,KOLLSNES GASSANLEGG,19.11.2002,31.12.2028,124354,,08.05.2013,08.05.2013
KVITEBJØRN GASSTRANSPORT SYSTEM,KVITEBJØRN GASSRØR,01.10.2004,31.12.2028,2417249,,08.05.2013,08.05.2013
KVITEBJØRN OLJETRANSPORT SYSTEM,KVITEBJØRN OLJERØR,02.08.2005,31.12.2020,917586,,08.05.2013,08.05.2013
GASSBEHANDLINGSANLEGGENE PÅ KÅRSTØ,KÅRSTØ GASSANLEGG,15.06.2001,31.12.2028,3471786,,08.05.2013,08.05.2013
LANGELED,LANGELED,02.04.2004,31.12.2035,2450169,,08.05.2013,08.05.2013
NORNE GASSTRANSPORTSYSTEM,NORNE GASSTRANSPORT,05.02.2001,31.12.2020,1035984,,08.05.2013,08.05.2013
NORPIPE GASSRØR,NORPIPE GASSLEDNING,01.10.1977,31.12.2028,124165,,08.05.2013,08.05.2013
NORPIPE OIL AS,NORPIPE OLJELEDNING,04.05.1973,31.12.2028,124133,,08.05.2013,08.05.2013
OSEBERG GASSTRANSPORT,OSEBERG GASSTRANSPORT,15.01.1999,31.12.2028,124170,,08.05.2013,08.05.2013
OSEBERG TRANSPORT SYSTEM (OTS),OSEBERG TRANSPORTSYSTEM,28.11.1984,31.12.2028,124301,,08.05.2013,08.05.2013
SLEIPNER ØST KONDENSAT,SLEIPNER KONDENSATRØR,21.12.1989,31.12.2028,124340,,08.05.2013,08.05.2013
STATPIPE,STATPIPE,10.06.1981,31.12.2028,123940,,08.05.2013,08.05.2013
TAMPEN LINK,TAMPEN LINK,22.04.2005,30.09.2032,3113815,,08.05.2013,08.05.2013
ULA,ULA OLJETRANSPORT,30.10.1984,31.12.2028,124285,,08.05.2013,08.05.2013
VESTERLED,VESTERLED,13.10.2000,31.12.2028,124280,,08.05.2013,08.05.2013
ZEEPIPE,ZEEPIPE,21.06.1988,31.12.2028,124227,,08.05.2013,08.05.2013
ZEEPIPE FASE II-A,ZEEPIPE IIA,03.07.1992,31.12.2028,124244,,08.05.2013,08.05.2013
ZEEPIPE FASE II-B,ZEEPIPE IIB,27.01.1995,31.12.2028,124253,,08.05.2013,08.05.2013
ÅSGARD TRANSPORT,ÅSGARD TRANSPORT,14.06.1996,31.12.2028,124211,,08.05.2013,08.05.2013

