﻿tufName,cmpLongName,tufOperDateValidFrom,tufOperDateValidTo,tufNpdidTuf,cmpNpdidCompany,datesyncNPD
ALVE RØRLEDNING,Statoil ASA (old),16.03.2007,30.09.2007,21078140,1622484,08.05.2013
ALVE RØRLEDNING,StatoilHydro ASA,01.10.2007,31.12.2008,21078140,4511854,08.05.2013
ALVE RØRLEDNING,StatoilHydro Petroleum AS,01.01.2009,31.10.2009,21078140,4511658,08.05.2013
ALVE RØRLEDNING,Statoil Petroleum AS,01.11.2009,,21078140,17237817,08.05.2013
ALVHEIM RIKGASSRØR,Marathon Petroleum Norge AS,07.12.2004,03.07.2011,21078235,463,08.05.2013
ALVHEIM RIKGASSRØR,Marathon Oil Norge AS,04.07.2011,,21078235,20485291,08.05.2013
DRAUGEN GASSEKSPORT,A/S Norske Shell,14.04.2000,,1035952,562,08.05.2013
DUNKERQUE TERMINAL,Den norske stats oljeselskap a.s,15.08.1995,10.05.2001,124316,749,08.05.2013
DUNKERQUE TERMINAL,Statoil ASA (old),10.05.2001,31.12.2001,124316,1622484,08.05.2013
DUNKERQUE TERMINAL,GASSCO AS,01.01.2002,,124316,1944954,08.05.2013
EUROPIPE I,Den norske stats oljeselskap a.s,11.12.1992,10.05.2001,124262,749,08.05.2013
EUROPIPE I,Statoil ASA (old),10.05.2001,31.12.2001,124262,1622484,08.05.2013
EUROPIPE I,GASSCO AS,01.01.2002,31.12.2002,124262,1944954,08.05.2013
EUROPIPE I,GASSCO AS,01.01.2003,,124262,1944954,08.05.2013
EUROPIPE II,GASSCO AS,01.01.2003,,2454909,1944954,08.05.2013
FRANPIPE,GASSCO AS,01.01.2003,,124202,1944954,08.05.2013
GASSLED,GASSCO AS,01.01.2003,,2252643,1944954,08.05.2013
GJØA GASSRØR,GASSCO AS,01.01.2003,,4480765,1944954,08.05.2013
GJØA OLJERØR ,Statoil ASA (old),14.06.2007,30.09.2007,4480786,1622484,08.05.2013
GJØA OLJERØR ,StatoilHydro ASA,01.10.2007,31.10.2009,4480786,4511854,08.05.2013
GJØA OLJERØR ,Statoil Petroleum AS,01.11.2009,24.10.2010,4480786,17237817,08.05.2013
GJØA OLJERØR ,GDF SUEZ E&P Norge AS,25.11.2010,,4480786,5267845,08.05.2013
GRANE GASSRØR,Norsk Hydro Produksjon AS,06.07.2000,31.12.2006,1036213,430,08.05.2013
GRANE GASSRØR,Norsk Hydro Petroleum AS,01.01.2007,30.09.2007,1036213,4524355,08.05.2013
GRANE GASSRØR,StatoilHydro Petroleum AS,01.10.2007,31.10.2009,1036213,4511658,08.05.2013
GRANE GASSRØR,Statoil Petroleum AS,01.11.2009,,1036213,17237817,08.05.2013
GRANE OLJERØR,Norsk Hydro Produksjon AS,06.07.2000,31.12.2006,1036198,430,08.05.2013
GRANE OLJERØR,Norsk Hydro Petroleum AS,01.01.2007,30.09.2007,1036198,4524355,08.05.2013
GRANE OLJERØR,StatoilHydro Petroleum AS,01.10.2007,31.10.2009,1036198,4511658,08.05.2013
GRANE OLJERØR,Statoil Petroleum AS,01.11.2009,,1036198,17237817,08.05.2013
GUDRUN GASSRØR,Statoil Petroleum AS,20.09.2010,,18451081,17237817,08.05.2013
GUDRUN OLJERØR,Statoil Petroleum AS,20.09.2010,,18451101,17237817,08.05.2013
HALTENPIPE,Den norske stats oljeselskap a.s,04.02.1992,10.05.2001,124293,749,08.05.2013
HALTENPIPE,Statoil ASA (old),10.05.2001,31.12.2001,124293,1622484,08.05.2013
HALTENPIPE,GASSCO AS,01.01.2002,,124293,1944954,08.05.2013
HEIDRUN GASSTRANSPORT,Den norske stats oljeselskap a.s,14.04.2000,10.05.2001,1035969,749,08.05.2013
HEIDRUN GASSTRANSPORT,Statoil ASA (old),10.05.2001,30.09.2007,1035969,1622484,08.05.2013
HEIDRUN GASSTRANSPORT,StatoilHydro ASA,01.10.2007,31.10.2009,1035969,4511854,08.05.2013
HEIDRUN GASSTRANSPORT,Statoil Petroleum AS,01.11.2009,,1035969,17237817,08.05.2013
KOLLSNES GASSANLEGG,GASSCO AS,01.01.2003,,124354,1944954,08.05.2013
KRISTIN GASSRØR,Statoil ASA (old),17.12.2001,30.09.2007,1854814,1622484,08.05.2013
KRISTIN GASSRØR,StatoilHydro ASA,01.10.2007,31.10.2009,1854814,4511854,08.05.2013
KRISTIN GASSRØR,Statoil Petroleum AS,01.11.2009,,1854814,17237817,08.05.2013
KRISTIN KONDENSATRØR,Statoil ASA (old),17.12.2001,30.09.2007,1854834,1622484,08.05.2013
KRISTIN KONDENSATRØR,StatoilHydro ASA,01.10.2007,31.10.2009,1854834,4511854,08.05.2013
KRISTIN KONDENSATRØR,Statoil Petroleum AS,01.11.2009,,1854834,17237817,08.05.2013
KVITEBJØRN GASSRØR,GASSCO AS,01.01.2003,,2417249,1944954,08.05.2013
KVITEBJØRN OLJERØR,Statoil ASA (old),08.05.2002,30.09.2007,917586,1622484,08.05.2013
KVITEBJØRN OLJERØR,StatoilHydro ASA,01.10.2007,31.10.2009,917586,4511854,08.05.2013
KVITEBJØRN OLJERØR,Statoil Petroleum AS,01.11.2009,,917586,17237817,08.05.2013
KÅRSTØ GASSANLEGG,GASSCO AS,01.01.2003,,3471786,1944954,08.05.2013
LANGELED,GASSCO AS,01.01.2003,,2450169,1944954,08.05.2013
MARULK GASSRØR,Eni Norge AS,20.09.2010,,18451118,2388594,08.05.2013
MELKØYA LANDANLEGG,Statoil ASA (old),07.03.2002,30.09.2007,124383,1622484,08.05.2013
MELKØYA LANDANLEGG,StatoilHydro ASA,01.10.2007,31.10.2009,124383,4511854,08.05.2013
MELKØYA LANDANLEGG,Statoil Petroleum AS,01.11.2009,,124383,17237817,08.05.2013
MONGSTAD TERMINAL,Statoil ASA (old),01.01.1999,30.09.2007,124360,1622484,08.05.2013
MONGSTAD TERMINAL,StatoilHydro ASA,01.10.2007,31.10.2009,124360,4511854,08.05.2013
MONGSTAD TERMINAL,Statoil Petroleum AS,01.11.2009,,124360,17237817,08.05.2013
NJORD GASSTRANSPORT,Norsk Hydro Produksjon AS,21.01.2005,31.12.2006,3113920,430,08.05.2013
NJORD GASSTRANSPORT,Norsk Hydro Petroleum AS,01.01.2007,30.09.2007,3113920,4524355,08.05.2013
NJORD GASSTRANSPORT,StatoilHydro Petroleum AS,01.10.2007,31.10.2009,3113920,4511658,08.05.2013
NJORD GASSTRANSPORT,Statoil Petroleum AS,01.11.2009,,3113920,17237817,08.05.2013
NORNE GASSTRANSPORT,GASSCO AS,01.01.2003,,1035984,1944954,08.05.2013
NORPIPE GASSLEDNING,GASSCO AS,01.01.2003,,124165,1944954,08.05.2013
NORPIPE OLJELEDNING,Phillips Petroleum Company Norway,04.05.1973,05.05.2003,124133,694,08.05.2013
NORPIPE OLJELEDNING,ConocoPhillips Skandinavia AS,06.05.2003,,124133,2410696,08.05.2013
NYHAMNA LANDANLEGG,Norsk Hydro Produksjon AS,03.12.2003,31.12.2006,2455217,430,08.05.2013
NYHAMNA LANDANLEGG,Norsk Hydro Petroleum AS,01.01.2007,30.09.2007,2455217,4524355,08.05.2013
NYHAMNA LANDANLEGG,StatoilHydro Petroleum AS,01.10.2007,30.11.2007,2455217,4511658,08.05.2013
NYHAMNA LANDANLEGG,A/S Norske Shell,01.12.2007,,2455217,562,08.05.2013
OSEBERG GASSTRANSPORT,GASSCO AS,01.01.2003,,124170,1944954,08.05.2013
OSEBERG TRANSPORTSYSTEM,Norsk Hydro Produksjon AS,28.11.1984,31.12.2006,124301,430,08.05.2013
OSEBERG TRANSPORTSYSTEM,Norsk Hydro Petroleum AS,01.01.2007,30.09.2007,124301,4524355,08.05.2013
OSEBERG TRANSPORTSYSTEM,StatoilHydro Petroleum AS,01.10.2007,31.10.2009,124301,4511658,08.05.2013
OSEBERG TRANSPORTSYSTEM,Statoil Petroleum AS,01.11.2009,,124301,17237817,08.05.2013
SLEIPNER KONDENSATRØR,Den norske stats oljeselskap a.s,30.11.1989,10.05.2001,124340,749,08.05.2013
SLEIPNER KONDENSATRØR,Statoil ASA (old),10.05.2001,30.09.2007,124340,1622484,08.05.2013
SLEIPNER KONDENSATRØR,StatoilHydro ASA,01.10.2007,31.10.2009,124340,4511854,08.05.2013
SLEIPNER KONDENSATRØR,Statoil Petroleum AS,01.11.2009,,124340,17237817,08.05.2013
STATPIPE,GASSCO AS,01.01.2003,,123940,1944954,08.05.2013
TAMPEN LINK,GASSCO AS,01.01.2003,,3113815,1944954,08.05.2013
TROLL OLJERØR I,Den norske stats oljeselskap a.s,06.12.1993,10.05.2001,124187,749,08.05.2013
TROLL OLJERØR I,Statoil ASA (old),10.05.2001,30.09.2007,124187,1622484,08.05.2013
TROLL OLJERØR I,StatoilHydro ASA,01.10.2007,31.10.2009,124187,4511854,08.05.2013
TROLL OLJERØR I,Statoil Petroleum AS,01.11.2009,,124187,17237817,08.05.2013
TROLL OLJERØR II,Statoil ASA (old),10.05.2001,30.09.2007,124194,1622484,08.05.2013
TROLL OLJERØR II,StatoilHydro ASA,01.10.2007,31.10.2009,124194,4511854,08.05.2013
TROLL OLJERØR II,Statoil Petroleum AS,01.11.2009,,124194,17237817,08.05.2013
TYRIHANS GASSRØR,Statoil ASA (old),23.02.2006,30.09.2007,21078065,1622484,08.05.2013
TYRIHANS GASSRØR,StatoilHydro ASA,01.10.2007,31.12.2008,21078065,4511854,08.05.2013
TYRIHANS GASSRØR,StatoilHydro Petroleum AS,01.01.2009,31.10.2009,21078065,4511658,08.05.2013
TYRIHANS GASSRØR,Statoil Petroleum AS,01.11.2009,,21078065,17237817,08.05.2013
TYRIHANS RØRLEDNING,Statoil ASA (old),23.02.2006,30.09.2007,21077988,1622484,08.05.2013
TYRIHANS RØRLEDNING,StatoilHydro ASA,01.10.2007,31.12.2008,21077988,4511854,08.05.2013
TYRIHANS RØRLEDNING,StatoilHydro Petroleum AS,01.01.2009,31.10.2009,21077988,4511658,08.05.2013
TYRIHANS RØRLEDNING,Statoil Petroleum AS,01.11.2009,,21077988,17237817,08.05.2013
ULA OLJETRANSPORT,Den norske stats oljeselskap a.s,30.10.1984,31.12.1999,124285,749,08.05.2013
ULA OLJETRANSPORT,BP Amoco Norge AS,01.01.2000,11.03.2002,124285,982372,08.05.2013
ULA OLJETRANSPORT,BP Norge AS,12.03.2002,,124285,2052695,08.05.2013
VALEMON GASSRØR,Statoil Petroleum AS,24.06.2011,,18451149,17237817,08.05.2013
VALEMON KONDENSATRØR,Statoil Petroleum AS,24.06.2011,,18451188,17237817,08.05.2013
VARG GASSEKSPORT,Talisman Energy Norge AS,12.04.2013,,23296683,2425093,08.05.2013
VESTERLED,GASSCO AS,01.01.2003,,124280,1944954,08.05.2013
VOLUND RØRLEDNING,Marathon Petroleum Norge AS,18.01.2007,03.07.2011,21078212,463,08.05.2013
VOLUND RØRLEDNING,Marathon Oil Norge AS,04.07.2011,,21078212,20485291,08.05.2013
ZEEPIPE,GASSCO AS,01.01.2003,,124227,1944954,08.05.2013
ZEEPIPE I,Den norske stats oljeselskap a.s,21.06.1988,10.05.2001,124235,749,08.05.2013
ZEEPIPE I,Statoil ASA (old),10.05.2001,31.12.2001,124235,1622484,08.05.2013
ZEEPIPE I,GASSCO AS,01.01.2002,31.12.2002,124235,1944954,08.05.2013
ZEEPIPE I,GASSCO AS,01.01.2003,,124235,1944954,08.05.2013
ZEEPIPE IIA,Den norske stats oljeselskap a.s,03.07.1992,10.05.2001,124244,749,08.05.2013
ZEEPIPE IIA,Statoil ASA (old),10.05.2001,31.12.2001,124244,1622484,08.05.2013
ZEEPIPE IIA,GASSCO AS,01.01.2002,31.12.2002,124244,1944954,08.05.2013
ZEEPIPE IIA,GASSCO AS,01.01.2003,,124244,1944954,08.05.2013
ZEEPIPE IIB,Den norske stats oljeselskap a.s,27.01.1995,10.05.2001,124253,749,08.05.2013
ZEEPIPE IIB,Statoil ASA (old),10.05.2001,31.12.2001,124253,1622484,08.05.2013
ZEEPIPE IIB,GASSCO AS,01.01.2002,31.12.2002,124253,1944954,08.05.2013
ZEEPIPE IIB,GASSCO AS,01.01.2003,,124253,1944954,08.05.2013
ÅSGARD TRANSPORT,GASSCO AS,01.01.2003,,124211,1944954,08.05.2013

