﻿ptlName,ptlMessageDocumentNo,ptlMessage,ptlMessageRegisteredDate,ptlMessageKindDesc,tufName,ptlMessageDateUpdated,tufNpdidTuf,datesyncNPD
EUROPIPE,1866,SDØE overført til Petoro AS.,09.10.2002,Endring i tillatelse,EUROPIPE I,,124262,08.05.2013
EUROPIPE,2209,Tillatelsen er overdratt til interessentene i Gassled med virkning fra 01.01.2003.,15.12.2003,Andre meldinger,EUROPIPE I,,124262,08.05.2013
EUROPIPE,2210,Gassco har overtatt operatøransvaret.,15.12.2003,Andre meldinger,EUROPIPE I,,124262,08.05.2013
EUROPIPE,2218,Tillatelsen er forlenget til 31.12.2028.,16.12.2003,Endring i tillatelse,EUROPIPE I,,124262,08.05.2013
EUROPIPE,5086,Deltakerandeler oppdatert i henhold til Gassled participants agreement pr.1.1.2009.,22.01.2010,Endring i tillatelse,EUROPIPE I,,124262,08.05.2013
EUROPIPE,5110,"Norske Shell Pipelines AS overdrar sin 3,974 % deltakerandel til A/S Norske Shell med virkning fra 1.1.2010.",01.02.2010,Endring i tillatelse,EUROPIPE I,,124262,08.05.2013
EUROPIPE,5143,"Mobil Development Norway AS overdrar sin 4,142 % deltakerandel i tillatelsen til ExxonMobil Exploration and Production Norway AS med virkning fra 1. januar 2009.",17.02.2010,Endring i tillatelse,EUROPIPE I,,124262,08.05.2013
EUROPIPE,5395,Ref. godkjennelse i brev fra Olje- og energidepartemente datert 27.5.2010 ifm. overdragelse av Gjøa Gas Pipeline til Gassled samt endring av eierandeler i Gassled med virkning fra 1.6.2010.,18.06.2010,Endring i tillatelse,EUROPIPE I,,124262,08.05.2013
EUROPIPE,5576,"Deltakerandel i Gassled er justert med virkning fra og med 1.1.2011, i henhold til godkjennelse i brev fra Olje- og energidepartementet datert 14.12.2010.",04.01.2011,Endring i tillatelse,EUROPIPE I,,124262,08.05.2013
EUROPIPE,5796,"ExxonMobil Exploration and Production Norway AS overdrar sin 8,036 % deltakerandel i transportsystemtillatelsen til Njord Gas Infrastructure AS med virkning fra 1.1.2011.",16.06.2011,Endring i tillatelse,EUROPIPE I,,124262,08.05.2013
EUROPIPE,5816,"Njord Gas Infrastructure AS pantsetter sin 8,036 % deltakerandel i transportsystemstillatelsen til fordel for Norsk Tillitsmann ASA. Første prioritet panteobligasjon pålydende NOK 10 000 000 000, skriver norske kroner timilliarder, EUR 1 500 000 000, skriver Euro enmilliardfemhundremillioner, GBP 1 000 000 000, skriver britiske pund enmilliard, USD 2 000 000 000, skriver  amerikanske dollar tomilliarder. . Pantsetter har ikke rett til å overdra eller foreta ytterligere pantsettelser av pantsatte objekt uten skriftlig samtykke fra panthaver. Olje- og energidepartementet har i brev av 1.2.2011 gitt samtykke i medhold av petroleumsloven § 6-2 første ledd.  ",16.06.2011,Heftelse,EUROPIPE I,,124262,08.05.2013
EUROPIPE,6048,"A/S Norske Shell overdrar sin 5,006 % deltakerandel i transportsystemtillatelsen til Infragas Norge AS med virkning fra 1.1.2011.",28.12.2011,Endring i tillatelse,EUROPIPE I,,124262,08.05.2013
EUROPIPE,6093,"Total E&P Norge AS overdrar sin 6,102 % deltakerandel i transportsystemtillatelsen til Silex Gas Norway AS med virkning fra 24.1.2012.",24.01.2012,Endring i tillatelse,EUROPIPE I,,124262,08.05.2013
EUROPIPE,6117,"Statoil Petroleum AS overdrar en 23,480 % deltakerandel i transportsystemtillatelsen til Solveig Gas Norway AS med virkning fra 31.1.2012.",31.01.2012,Endring i tillatelse,EUROPIPE I,,124262,08.05.2013
EUROPIPE,6137,"Solveig Gas Norway AS pantsetter sin 23,480 % deltakerandel i transportsystemstillatelsen til fordel for The Law Debenture Trust Corporation P.L.C. Første prioritet panteobligasjon pålydende NOK 30 000 000 000, skriver norske kroner trettimilliarder. Pantsetter har ikke rett til å overdra eller foreta ytterligere pantsettelser av pantsatte objekt uten skriftlig samtykke fra panthaver. Olje- og energidepartementet har i brev av 20.12.2011 gitt samtykke i medhold av petroleumsloven § 6-2 første ledd. ",31.01.2012,Heftelse,EUROPIPE I,,124262,08.05.2013
EUROPIPE,6601,"Eni Norge AS overdrar sin 1,2760 % deltakerandel i transportsystemtillatelsen til Solveig Gas Norway AS med virkning fra 31.10.2012.",31.10.2012,Endring i tillatelse,EUROPIPE I,08.05.2013,124262,08.05.2013
EUROPIPE,6621,"Pantobligasjon pålydende NOK 30 000 000 000, skriver norske kroner trettimilliarder datert 31.1.2012 (dok. nr. 6137) hvor Solveig Gas Norway AS pantsetter sin 23,480 % deltakerandel i transportsystemtillatelsen til fordel for The Law Debenture Trust Corporation P.L.C. er slettet. Samtykke fra panthaver foreligger.",31.10.2012,Sletting av heftelse,EUROPIPE I,,124262,08.05.2013
EUROPIPE,6641,"Solveig Gas Norway AS pantsetter sin 24.756 % deltakerandel i transportsystemtillatelsen til fordel for The Law Debenture Trust Corporation P.L.C. Første prioritet panteobligasjon pålydende NOK 30 000 000 000, skriver norske kroner trettimilliarder. Pantsetter har ikke rett til å overdra eller foreta ytterligere pantsettelser av pantsatte objekt uten skriftlig samtykke fra panthaver. Olje- og energidepartementet har i brev av 20.12.2011 og 17.10.2012 gitt samtykke i medhold av petroleumsloven § 6-2 første ledd.",31.10.2012,Heftelse,EUROPIPE I,,124262,08.05.2013
EUROPIPE,947,Transportsystemtillatelse 12 overført til nytt Petroleumsregister med endringer iht. OEDs oversikt.,06.08.1997,Ny tillatelse,EUROPIPE I,,124262,08.05.2013
EUROPIPE II,1498,Den norske stats oljeselskap a.s har endret navn til Statoil ASA.,05.06.2001,Andre meldinger,EUROPIPE II,,2454909,08.05.2013
EUROPIPE II,1499,SDØE andeler overført til Statoil ASA med 14.99%.,05.06.2001,Endring i tillatelse,EUROPIPE II,,2454909,08.05.2013
EUROPIPE II,1814,A/S Norske Shell har overdratt sin 1.1812 % andel i tillatelsen til Norske Shell Pipelines AS.,28.05.2002,Endring i tillatelse,EUROPIPE II,,2454909,08.05.2013
EUROPIPE II,1857,Neste Petroleum AS har endret navn til Fortum Petroleum AS.,02.09.2002,Andre meldinger,EUROPIPE II,,2454909,08.05.2013
EUROPIPE II,1867,SDØE overført til Petoro AS.,09.10.2002,Endring i tillatelse,EUROPIPE II,,2454909,08.05.2013
EUROPIPE II,2213,Tillatelsen er overdratt til interessentene i Gassled med virkning fra 01.01.2003.,15.12.2003,Andre meldinger,EUROPIPE II,,2454909,08.05.2013
EUROPIPE II,2214,Gassco har overtatt operatøransvaret.,15.12.2003,Andre meldinger,EUROPIPE II,,2454909,08.05.2013
EUROPIPE II,2220,Tillatelsen er forlenget til 31.12.2028.,16.12.2003,Endring i tillatelse,EUROPIPE II,,2454909,08.05.2013
EUROPIPE II,5087,Deltakerandeler oppdatert i henhold til Gassled participants agreement pr.1.1.2009.,22.01.2010,Endring i tillatelse,EUROPIPE II,,2454909,08.05.2013
EUROPIPE II,5111,"Norske Shell Pipelines AS overdrar sin 3,974 % deltakerandel til A/S Norske Shell med virkning fra 1.1.2010.",01.02.2010,Endring i tillatelse,EUROPIPE II,,2454909,08.05.2013
EUROPIPE II,5144,"Mobil Development Norway AS overdrar sin 4,142 % deltakerandel i tillatelsen til ExxonMobil Exploration and Production Norway AS med virkning fra 1. januar 2009.",17.02.2010,Endring i tillatelse,EUROPIPE II,,2454909,08.05.2013
EUROPIPE II,5396,Ref. godkjennelse i brev fra Olje- og energidepartemente datert 27.5.2010 ifm. overdragelse av Gjøa Gas Pipeline til Gassled samt endring av eierandeler i Gassled med virkning fra 1.6.2010.,18.06.2010,Endring i tillatelse,EUROPIPE II,,2454909,08.05.2013
EUROPIPE II,5577,"Deltakerandel i Gassled er justert med virkning fra og med 1.1.2011, i henhold til godkjennelse i brev fra Olje- og energidepartementet datert 14.12.2010.",04.01.2011,Endring i tillatelse,EUROPIPE II,,2454909,08.05.2013
EUROPIPE II,5797,"ExxonMobil Exploration and Production Norway AS overdrar sin 8,036 % deltakerandel i transportsystemtillatelsen til Njord Gas Infrastructure AS med virkning fra 1.1.2011.",16.06.2011,Endring i tillatelse,EUROPIPE II,,2454909,08.05.2013
EUROPIPE II,5817,"Njord Gas Infrastructure AS pantsetter sin 8,036 % deltakerandel i transportsystemstillatelsen til fordel for Norsk Tillitsmann ASA. Første prioritet panteobligasjon pålydende NOK 10 000 000 000, skriver norske kroner timilliarder, EUR 1 500 000 000, skriver Euro enmilliardfemhundremillioner, GBP 1 000 000 000, skriver britiske pund enmilliard, USD 2 000 000 000, skriver  amerikanske dollar tomilliarder. . Pantsetter har ikke rett til å overdra eller foreta ytterligere pantsettelser av pantsatte objekt uten skriftlig samtykke fra panthaver. Olje- og energidepartementet har i brev av 1.2.2011 gitt samtykke i medhold av petroleumsloven § 6-2 første ledd.  ",16.06.2011,Heftelse,EUROPIPE II,,2454909,08.05.2013
EUROPIPE II,6049,"A/S Norske Shell overdrar sin 5,006 % deltakerandel i transportsystemtillatelsen til Infragas Norge AS med virkning fra 1.1.2011.",28.12.2011,Endring i tillatelse,EUROPIPE II,,2454909,08.05.2013
EUROPIPE II,6094,"Total E&P Norge AS overdrar sin 6,102 % deltakerandel i transportsystemtillatelsen til Silex Gas Norway AS med virkning fra 24.1.2012.",24.01.2012,Endring i tillatelse,EUROPIPE II,,2454909,08.05.2013
EUROPIPE II,6118,"Statoil Petroleum AS overdrar en 23,480 % deltakerandel i transportsystemtillatelsen til Solveig Gas Norway AS med virkning fra 31.1.2012.",31.01.2012,Endring i tillatelse,EUROPIPE II,,2454909,08.05.2013
EUROPIPE II,6138,"Solveig Gas Norway AS pantsetter sin 23,480 % deltakerandel i transportsystemstillatelsen til fordel for The Law Debenture Trust Corporation P.L.C. Første prioritet panteobligasjon pålydende NOK 30 000 000 000, skriver norske kroner trettimilliarder. Pantsetter har ikke rett til å overdra eller foreta ytterligere pantsettelser av pantsatte objekt uten skriftlig samtykke fra panthaver. Olje- og energidepartementet har i brev av 20.12.2011 gitt samtykke i medhold av petroleumsloven § 6-2 første ledd. ",31.01.2012,Heftelse,EUROPIPE II,,2454909,08.05.2013
EUROPIPE II,6602,"Eni Norge AS overdrar sin 1,2760 % deltakerandel i transportsystemtillatelsen til Solveig Gas Norway AS med virkning fra 31.10.2012.",31.10.2012,Endring i tillatelse,EUROPIPE II,08.05.2013,2454909,08.05.2013
EUROPIPE II,6622,"Pantobligasjon pålydende NOK 30 000 000 000, skriver norske kroner trettimilliarder datert 31.1.2012 (dok. nr. 6138) hvor Solveig Gas Norway AS pantsetter sin 23,480 % deltakerandel i transportsystemtillatelsen til fordel for The Law Debenture Trust Corporation P.L.C. er slettet. Samtykke fra panthaver foreligger ",31.10.2012,Sletting av heftelse,EUROPIPE II,,2454909,08.05.2013
EUROPIPE II,6642,"Solveig Gas Norway AS pantsetter sin 24.756 % deltakerandel i transportsystemtillatelsen til fordel for The Law Debenture Trust Corporation P.L.C. Første prioritet panteobligasjon pålydende NOK 30 000 000 000, skriver norske kroner trettimilliarder. Pantsetter har ikke rett til å overdra eller foreta ytterligere pantsettelser av pantsatte objekt uten skriftlig samtykke fra panthaver. Olje- og energidepartementet har i brev av 20.12.2011 og 17.10.2012 gitt samtykke i medhold av petroleumsloven § 6-2 første ledd.",31.10.2012,Heftelse,EUROPIPE II,,2454909,08.05.2013
EUROPIPE II,949,Transportsystemtillatelse 14 overført til nytt Petroleumsregister med endringer iht. OEDs oversikt.,06.08.1997,Ny tillatelse,EUROPIPE II,,2454909,08.05.2013
FRANPIPE,1810,Norfra har endret navn til Franpipe.,28.05.2002,Andre meldinger,FRANPIPE,,124202,08.05.2013
FRANPIPE,1813,A/S Norske Shell har overdratt sin 1.2945 % andel i tillatelsen til Norske Shell Pipelines AS.,28.05.2002,Endring i tillatelse,FRANPIPE,,124202,08.05.2013
FRANPIPE,1856,Neste Petroleum AS har endret navn til Fortum Petroleum AS.,02.09.2002,Andre meldinger,FRANPIPE,,124202,08.05.2013
FRANPIPE,1868,SDØE overført til Petoro AS.,09.10.2002,Endring i tillatelse,FRANPIPE,,124202,08.05.2013
FRANPIPE,2211,Tillatelsen er overdratt til interessentene i Gassled med virkning fra 01.01.2003.,15.12.2003,Andre meldinger,FRANPIPE,,124202,08.05.2013
FRANPIPE,2212,Gassco har overtatt operatøransvaret.,15.12.2003,Andre meldinger,FRANPIPE,,124202,08.05.2013
FRANPIPE,2219,Tillatelsen er forlenget til 31.12.2028.,16.12.2003,Endring i tillatelse,FRANPIPE,,124202,08.05.2013
FRANPIPE,5088,Deltakerandeler oppdatert i henhold til Gassled participants agreement pr.1.1.2009.,22.01.2010,Endring i tillatelse,FRANPIPE,,124202,08.05.2013
FRANPIPE,5112,"Norske Shell Pipelines AS overdrar sin 3,974 % deltakerandel til A/S Norske Shell med virkning fra 1.1.2010.",01.02.2010,Endring i tillatelse,FRANPIPE,,124202,08.05.2013
FRANPIPE,5145,"Mobil Development Norway AS overdrar sin 4,142 % deltakerandel i tillatelsen til ExxonMobil Exploration and Production Norway AS med virkning fra 1. januar 2009.",17.02.2010,Endring i tillatelse,FRANPIPE,,124202,08.05.2013
FRANPIPE,5397,Ref. godkjennelse i brev fra Olje- og energidepartemente datert 27.5.2010 ifm. overdragelse av Gjøa Gas Pipeline til Gassled samt endring av eierandeler i Gassled med virkning fra 1.6.2010.,18.06.2010,Endring i tillatelse,FRANPIPE,,124202,08.05.2013
FRANPIPE,5578,"Deltakerandel i Gassled er justert med virkning fra og med 1.1.2011, i henhold til godkjennelse i brev fra Olje- og energidepartementet datert 14.12.2010.",04.01.2011,Endring i tillatelse,FRANPIPE,,124202,08.05.2013
FRANPIPE,5798,"ExxonMobil Exploration and Production Norway AS overdrar sin 8,036 % deltakerandel i transportsystemtillatelsen til Njord Gas Infrastructure AS med virkning fra 1.1.2011.",16.06.2011,Endring i tillatelse,FRANPIPE,,124202,08.05.2013
FRANPIPE,5818,"Njord Gas Infrastructure AS pantsetter sin 8,036 % deltakerandel i transportsystemstillatelsen til fordel for Norsk Tillitsmann ASA. Første prioritet panteobligasjon pålydende NOK 10 000 000 000, skriver norske kroner timilliarder, EUR 1 500 000 000, skriver Euro enmilliardfemhundremillioner, GBP 1 000 000 000, skriver britiske pund enmilliard, USD 2 000 000 000, skriver  amerikanske dollar tomilliarder. . Pantsetter har ikke rett til å overdra eller foreta ytterligere pantsettelser av pantsatte objekt uten skriftlig samtykke fra panthaver. Olje- og energidepartementet har i brev av 1.2.2011 gitt samtykke i medhold av petroleumsloven § 6-2 første ledd.  ",16.06.2011,Heftelse,FRANPIPE,,124202,08.05.2013
FRANPIPE,6050,"A/S Norske Shell overdrar sin 5,006 % deltakerandel i transportsystemtillatelsen til Infragas Norge AS med virkning fra 1.1.2011.",28.12.2011,Endring i tillatelse,FRANPIPE,,124202,08.05.2013
FRANPIPE,6095,"Total E&P Norge AS overdrar sin 6,102 % deltakerandel i transportsystemtillatelsen til Silex Gas Norway AS med virkning fra 24.1.2012.",24.01.2012,Endring i tillatelse,FRANPIPE,,124202,08.05.2013
FRANPIPE,6119,"Statoil Petroleum AS overdrar en 23,480 % deltakerandel i transportsystemtillatelsen til Solveig Gas Norway AS med virkning fra 31.1.2012.",31.01.2012,Endring i tillatelse,FRANPIPE,,124202,08.05.2013
FRANPIPE,6139,"Solveig Gas Norway AS pantsetter sin 23,480 % deltakerandel i transportsystemstillatelsen til fordel for The Law Debenture Trust Corporation P.L.C. Første prioritet panteobligasjon pålydende NOK 30 000 000 000, skriver norske kroner trettimilliarder. Pantsetter har ikke rett til å overdra eller foreta ytterligere pantsettelser av pantsatte objekt uten skriftlig samtykke fra panthaver. Olje- og energidepartementet har i brev av 20.12.2011 gitt samtykke i medhold av petroleumsloven § 6-2 første ledd. ",31.01.2012,Heftelse,FRANPIPE,,124202,08.05.2013
FRANPIPE,6603,"Eni Norge AS overdrar sin 1,2760 % deltakerandel i transportsystemtillatelsen til Solveig Gas Norway AS med virkning fra 31.10.2012.",31.10.2012,Endring i tillatelse,FRANPIPE,08.05.2013,124202,08.05.2013
FRANPIPE,6623,"Pantobligasjon pålydende NOK 30 000 000 000, skriver norske kroner trettimilliarder datert 31.1.2012 (dok. nr. 6139) hvor Solveig Gas Norway AS pantsetter sin 23,480 % deltakerandel i transportsystemtillatelsen til fordel for The Law Debenture Trust Corporation P.L.C. er slettet. Samtykke fra panthaver foreligger.",31.10.2012,Sletting av heftelse,FRANPIPE,,124202,08.05.2013
FRANPIPE,6643,"Solveig Gas Norway AS pantsetter sin 24.756 % deltakerandel i transportsystemtillatelsen til fordel for The Law Debenture Trust Corporation P.L.C. Første prioritet panteobligasjon pålydende NOK 30 000 000 000, skriver norske kroner trettimilliarder. Pantsetter har ikke rett til å overdra eller foreta ytterligere pantsettelser av pantsatte objekt uten skriftlig samtykke fra panthaver. Olje- og energidepartementet har i brev av 20.12.2011 og 17.10.2012 gitt samtykke i medhold av petroleumsloven § 6-2 første ledd.",31.10.2012,Heftelse,FRANPIPE,,124202,08.05.2013
FRANPIPE,948,Transportsystemtillatelse 13 overført til nytt Petroleumsregister med endringer iht. OEDs oversikt.,06.08.1997,Ny tillatelse,FRANPIPE,,124202,08.05.2013
GJØA GAS PIPELINE,5393,Tillatelsen innført i Petroleumsregisteret.,18.06.2010,Ny tillatelse,GJØA GASSRØR,,4480765,08.05.2013
GJØA GAS PIPELINE,5394,Ref. godkjennelse i brev fra Olje- og energidepartemente datert 27.5.2010 ifm. overdragelse av Gjøa Gas Pipeline til Gassled samt endring av eierandeler i Gassled med virkning fra 1.6.2010.,18.06.2010,Endring i tillatelse,GJØA GASSRØR,,4480765,08.05.2013
GJØA GAS PIPELINE,5580,"Deltakerandel i Gassled er justert med virkning fra og med 1.1.2011, i henhold til godkjennelse i brev fra Olje- og energidepartementet datert 14.12.2010.",04.01.2011,Endring i tillatelse,GJØA GASSRØR,,4480765,08.05.2013
GJØA GAS PIPELINE,5801,"ExxonMobil Exploration and Production Norway AS overdrar sin 8,036 % deltakerandel i transportsystemtillatelsen til Njord Gas Infrastructure AS med virkning fra 1.1.2011.",16.06.2011,Endring i tillatelse,GJØA GASSRØR,,4480765,08.05.2013
GJØA GAS PIPELINE,5821,"Njord Gas Infrastructure AS pantsetter sin 8,036 % deltakerandel i transportsystemstillatelsen til fordel for Norsk Tillitsmann ASA. Første prioritet panteobligasjon pålydende NOK 10 000 000 000, skriver norske kroner timilliarder, EUR 1 500 000 000, skriver Euro enmilliardfemhundremillioner, GBP 1 000 000 000, skriver britiske pund enmilliard, USD 2 000 000 000, skriver  amerikanske dollar tomilliarder. . Pantsetter har ikke rett til å overdra eller foreta ytterligere pantsettelser av pantsatte objekt uten skriftlig samtykke fra panthaver. Olje- og energidepartementet har i brev av 1.2.2011 gitt samtykke i medhold av petroleumsloven § 6-2 første ledd.  ",16.06.2011,Heftelse,GJØA GASSRØR,,4480765,08.05.2013
GJØA GAS PIPELINE,6053,"A/S Norske Shell overdrar sin 5,006 % deltakerandel i transportsystemtillatelsen til Infragas Norge AS med virkning fra 1.1.2011.",28.12.2011,Endring i tillatelse,GJØA GASSRØR,,4480765,08.05.2013
GJØA GAS PIPELINE,6098,"Total E&P Norge AS overdrar sin 6,102 % deltakerandel i transportsystemtillatelsen til Silex Gas Norway AS med virkning fra 24.1.2012.",24.01.2012,Endring i tillatelse,GJØA GASSRØR,,4480765,08.05.2013
GJØA GAS PIPELINE,6122,"Statoil Petroleum AS overdrar en 23,480 % deltakerandel i transportsystemtillatelsen til Solveig Gas Norway AS med virkning fra 31.1.2012.",31.01.2012,Endring i tillatelse,GJØA GASSRØR,,4480765,08.05.2013
GJØA GAS PIPELINE,6142,"Solveig Gas Norway AS pantsetter sin 23,480 % deltakerandel i transportsystemstillatelsen til fordel for The Law Debenture Trust Corporation P.L.C. Første prioritet panteobligasjon pålydende NOK 30 000 000 000, skriver norske kroner trettimilliarder. Pantsetter har ikke rett til å overdra eller foreta ytterligere pantsettelser av pantsatte objekt uten skriftlig samtykke fra panthaver. Olje- og energidepartementet har i brev av 20.12.2011 gitt samtykke i medhold av petroleumsloven § 6-2 første ledd.  ",31.01.2012,Heftelse,GJØA GASSRØR,,4480765,08.05.2013
GJØA GAS PIPELINE,6606,"Eni Norge AS overdrar sin 1,2760 % deltakerandel i transportsystemtillatelsen til Solveig Gas Norway AS med virkning fra 31.10.2012.",31.10.2012,Endring i tillatelse,GJØA GASSRØR,08.05.2013,4480765,08.05.2013
GJØA GAS PIPELINE,6626,"Pantobligasjon pålydende NOK 30 000 000 000, skriver norske kroner trettimilliarder datert 31.1.2012 (dok. nr. 6142) hvor Solveig Gas Norway AS pantsetter sin 23,480 % deltakerandel i transportsystemtillatelsen til fordel for The Law Debenture Trust Corporation P.L.C. er slettet. Samtykke fra panthaver,foreligger.",31.10.2012,Sletting av heftelse,GJØA GASSRØR,,4480765,08.05.2013
GJØA GAS PIPELINE,6646,"Solveig Gas Norway AS pantsetter sin 24.756 % deltakerandel i transportsystemtillatelsen til fordel for The Law Debenture Trust Corporation P.L.C. Første prioritet panteobligasjon pålydende NOK 30 000 000 000, skriver norske kroner trettimilliarder. Pantsetter har ikke rett til å overdra eller foreta ytterligere pantsettelser av pantsatte objekt uten skriftlig samtykke fra panthaver. Olje- og energidepartementet har i brev av 20.12.2011 og 17.10.2012 gitt samtykke i medhold av petroleumsloven § 6-2 første ledd.",31.10.2012,Heftelse,GJØA GASSRØR,,4480765,08.05.2013
HALTENPIPE,1500,Den norske stats oljeselskap a.s har endret navn til Statoil ASA.,05.06.2001,Andre meldinger,HALTENPIPE,,124293,08.05.2013
HALTENPIPE,1501,SDØE andeler overført til Statoil ASA med 7.187515.,05.06.2001,Endring i tillatelse,HALTENPIPE,,124293,08.05.2013
HALTENPIPE,1855,Neste Petroleum AS har endret navn til Fortum Petroleum AS.,02.09.2002,Andre meldinger,HALTENPIPE,,124293,08.05.2013
HALTENPIPE,1869,SDØE overført til Petoro AS.,09.10.2002,Endring i tillatelse,HALTENPIPE,,124293,08.05.2013
HALTENPIPE,946,Transportsystemtillatelse 11 overført til nytt Petroleumsregister med endringer iht. OEDs oversikt.,06.08.1997,Ny tillatelse,HALTENPIPE,,124293,08.05.2013
HALTENPIPE,968,"Den norske stats oljeselskap a.s' andel er endret til 76,875% og Norske Conoco A/S' andel til 18,125%",01.10.1997,Endring i tillatelse,HALTENPIPE,,124293,08.05.2013
KOLLSNES GASSBEHANDLINGSANLEGG,5091,Tillatelsen innført i Petroleumsregisteret.,25.01.2010,Ny tillatelse,KOLLSNES GASSANLEGG,,124354,08.05.2013
KOLLSNES GASSBEHANDLINGSANLEGG,5092,Kollsnes Gassbehandlingsanlegg er inkludert i Gassled med virkning fra 13.1.2004 i henhold til brev fra Olje- og energidepartementet med samme dato.,25.01.2010,Endring i tillatelse,KOLLSNES GASSANLEGG,,124354,08.05.2013
KOLLSNES GASSBEHANDLINGSANLEGG,5093,Deltakerandeler oppdatert i henhold til Gassled participants agreement pr.1.1.2009.,25.01.2010,Endring i tillatelse,KOLLSNES GASSANLEGG,,124354,08.05.2013
KOLLSNES GASSBEHANDLINGSANLEGG,5122,"Norske Shell Pipelines AS overdrar sin 3,974 % deltakerandel til A/S Norske Shell med virkning fra 1.1.2010.",01.02.2010,Endring i tillatelse,KOLLSNES GASSANLEGG,,124354,08.05.2013
KOLLSNES GASSBEHANDLINGSANLEGG,5157,"Mobil Development Norway AS overdrar sin 4,142 % deltakerandel i tillatelsen til ExxonMobil Exploration and Production Norway AS med virkning fra 1. januar 2009.",17.02.2010,Endring i tillatelse,KOLLSNES GASSANLEGG,,124354,08.05.2013
KOLLSNES GASSBEHANDLINGSANLEGG,5400,Ref. godkjennelse i brev fra Olje- og energidepartemente datert 27.5.2010 ifm. overdragelse av Gjøa Gas Pipeline til Gassled samt endring av eierandeler i Gassled med virkning fra 1.6.2010.,18.06.2010,Endring i tillatelse,KOLLSNES GASSANLEGG,,124354,08.05.2013
KOLLSNES GASSBEHANDLINGSANLEGG,5581,"Deltakerandel i Gassled er justert med virkning fra og med 1.1.2011, i henhold til godkjennelse i brev fra Olje- og energidepartementet datert 14.12.2010.",04.01.2011,Endring i tillatelse,KOLLSNES GASSANLEGG,,124354,08.05.2013
KOLLSNES GASSBEHANDLINGSANLEGG,5802,"ExxonMobil Exploration and Production Norway AS overdrar sin 8,036 % deltakerandel i transportsystemtillatelsen til Njord Gas Infrastructure AS med virkning fra 1.1.2011.",16.06.2011,Endring i tillatelse,KOLLSNES GASSANLEGG,,124354,08.05.2013
KOLLSNES GASSBEHANDLINGSANLEGG,5822,"Njord Gas Infrastructure AS pantsetter sin 8,036 % deltakerandel i transportsystemstillatelsen til fordel for Norsk Tillitsmann ASA. Første prioritet panteobligasjon pålydende NOK 10 000 000 000, skriver norske kroner timilliarder, EUR 1 500 000 000, skriver Euro enmilliardfemhundremillioner, GBP 1 000 000 000, skriver britiske pund enmilliard, USD 2 000 000 000, skriver  amerikanske dollar tomilliarder. . Pantsetter har ikke rett til å overdra eller foreta ytterligere pantsettelser av pantsatte objekt uten skriftlig samtykke fra panthaver. Olje- og energidepartementet har i brev av 1.2.2011 gitt samtykke i medhold av petroleumsloven § 6-2 første ledd.  ",16.06.2011,Heftelse,KOLLSNES GASSANLEGG,,124354,08.05.2013
KOLLSNES GASSBEHANDLINGSANLEGG,6054,"A/S Norske Shell overdrar sin 5,006 % deltakerandel i transportsystemtillatelsen til Infragas Norge AS med virkning fra 1.1.2011.",28.12.2011,Endring i tillatelse,KOLLSNES GASSANLEGG,,124354,08.05.2013
KOLLSNES GASSBEHANDLINGSANLEGG,6099,"Total E&P Norge AS overdrar sin 6,102 % deltakerandel i transportsystemtillatelsen til Silex Gas Norway AS med virkning fra 24.1.2012.",24.01.2012,Endring i tillatelse,KOLLSNES GASSANLEGG,,124354,08.05.2013
KOLLSNES GASSBEHANDLINGSANLEGG,6123,"Statoil Petroleum AS overdrar en 23,480 % deltakerandel i transportsystemtillatelsen til Solveig Gas Norway AS med virkning fra 31.1.2012.",31.01.2012,Endring i tillatelse,KOLLSNES GASSANLEGG,,124354,08.05.2013
KOLLSNES GASSBEHANDLINGSANLEGG,6143,"Solveig Gas Norway AS pantsetter sin 23,480 % deltakerandel i transportsystemstillatelsen til fordel for The Law Debenture Trust Corporation P.L.C. Første prioritet panteobligasjon pålydende NOK 30 000 000 000, skriver norske kroner trettimilliarder. Pantsetter har ikke rett til å overdra eller foreta ytterligere pantsettelser av pantsatte objekt uten skriftlig samtykke fra panthaver. Olje- og energidepartementet har i brev av 20.12.2011 gitt samtykke i medhold av petroleumsloven § 6-2 første ledd.  ",31.01.2012,Heftelse,KOLLSNES GASSANLEGG,,124354,08.05.2013
KOLLSNES GASSBEHANDLINGSANLEGG,6607,"Eni Norge AS overdrar sin 1,2760 % deltakerandel i transportsystemtillatelsen til Solveig Gas Norway AS med virkning fra 31.10.2012.",31.10.2012,Endring i tillatelse,KOLLSNES GASSANLEGG,08.05.2013,124354,08.05.2013
KOLLSNES GASSBEHANDLINGSANLEGG,6627,"Pantobligasjon pålydende NOK 30 000 000 000, skriver norske kroner trettimilliarder datert 31.1.2012 (dok. nr. 6143) hvor Solveig Gas Norway AS pantsetter sin 23,480 % deltakerandel i transportsystemtillatelsen til fordel for The Law Debenture Trust Corporation P.L.C. er slettet. Samtykke fra panthaver  foreligger.",31.10.2012,Sletting av heftelse,KOLLSNES GASSANLEGG,,124354,08.05.2013
KOLLSNES GASSBEHANDLINGSANLEGG,6647,"Solveig Gas Norway AS pantsetter sin 24.756 % deltakerandel i transportsystemtillatelsen til fordel for The Law Debenture Trust Corporation P.L.C. Første prioritet panteobligasjon pålydende NOK 30 000 000 000, skriver norske kroner trettimilliarder. Pantsetter har ikke rett til å overdra eller foreta ytterligere pantsettelser av pantsatte objekt uten skriftlig samtykke fra panthaver. Olje- og energidepartementet har i brev av 20.12.2011 og 17.10.2012 gitt samtykke i medhold av petroleumsloven § 6-2 første ledd.",31.10.2012,Heftelse,KOLLSNES GASSANLEGG,,124354,08.05.2013
KVITEBJØRN GASSTRANSPORT SYSTEM,5084,Tillatelsen innført i Petroleums registeret.,22.01.2010,Ny tillatelse,KVITEBJØRN GASSRØR,,2417249,08.05.2013
KVITEBJØRN GASSTRANSPORT SYSTEM,5085,Kvitebjørn Gasstransport system er inkludert i Gassled med virkning fra 1. januar 2009 ihht brev fra Finansdepartementet datert 17.12.2008.,22.01.2010,Endring i tillatelse,KVITEBJØRN GASSRØR,,2417249,08.05.2013
KVITEBJØRN GASSTRANSPORT SYSTEM,5121,"Norske Shell Pipelines AS overdrar sin 3,974 % deltakerandel til A/S Norske Shell med virkning fra 1.1.2010.",01.02.2010,Endring i tillatelse,KVITEBJØRN GASSRØR,,2417249,08.05.2013
KVITEBJØRN GASSTRANSPORT SYSTEM,5156,"Mobil Development Norway AS overdrar sin 4,142 % deltakerandel i tillatelsen til ExxonMobil Exploration and Production Norway AS med virkning fra 1. januar 2009.",17.02.2010,Endring i tillatelse,KVITEBJØRN GASSRØR,,2417249,08.05.2013
KVITEBJØRN GASSTRANSPORT SYSTEM,5401,Ref. godkjennelse i brev fra Olje- og energidepartemente datert 27.5.2010 ifm. overdragelse av Gjøa Gas Pipeline til Gassled samt endring av eierandeler i Gassled med virkning fra 1.6.2010.,18.06.2010,Endring i tillatelse,KVITEBJØRN GASSRØR,,2417249,08.05.2013
KVITEBJØRN GASSTRANSPORT SYSTEM,5582,"Deltakerandel i Gassled er justert med virkning fra og med 1.1.2011, i henhold til godkjennelse i brev fra Olje- og energidepartementet datert 14.12.2010.",04.01.2011,Endring i tillatelse,KVITEBJØRN GASSRØR,,2417249,08.05.2013
KVITEBJØRN GASSTRANSPORT SYSTEM,5803,"ExxonMobil Exploration and Production Norway AS overdrar sin 8,036 % deltakerandel i transportsystemtillatelsen til Njord Gas Infrastructure AS med virkning fra 1.1.2011.",16.06.2011,Endring i tillatelse,KVITEBJØRN GASSRØR,,2417249,08.05.2013
KVITEBJØRN GASSTRANSPORT SYSTEM,5823,"Njord Gas Infrastructure AS pantsetter sin 8,036 % deltakerandel i transportsystemstillatelsen til fordel for Norsk Tillitsmann ASA. Første prioritet panteobligasjon pålydende NOK 10 000 000 000, skriver norske kroner timilliarder, EUR 1 500 000 000, skriver Euro enmilliardfemhundremillioner, GBP 1 000 000 000, skriver britiske pund enmilliard, USD 2 000 000 000, skriver  amerikanske dollar tomilliarder. . Pantsetter har ikke rett til å overdra eller foreta ytterligere pantsettelser av pantsatte objekt uten skriftlig samtykke fra panthaver. Olje- og energidepartementet har i brev av 1.2.2011 gitt samtykke i medhold av petroleumsloven § 6-2 første ledd.  ",16.06.2011,Heftelse,KVITEBJØRN GASSRØR,,2417249,08.05.2013
KVITEBJØRN GASSTRANSPORT SYSTEM,6055,"A/S Norske Shell overdrar sin 5,006 % deltakerandel i transportsystemtillatelsen til Infragas Norge AS med virkning fra 1.1.2011.",28.12.2011,Endring i tillatelse,KVITEBJØRN GASSRØR,,2417249,08.05.2013
KVITEBJØRN GASSTRANSPORT SYSTEM,6100,"Total E&P Norge AS overdrar sin 6,102 % deltakerandel i transportsystemtillatelsen til Silex Gas Norway AS med virkning fra 24.1.2012.",24.01.2012,Endring i tillatelse,KVITEBJØRN GASSRØR,,2417249,08.05.2013
KVITEBJØRN GASSTRANSPORT SYSTEM,6124,"Statoil Petroleum AS overdrar en 23,480 % deltakerandel i transportsystemtillatelsen til Solveig Gas Norway AS med virkning fra 31.1.2012.",31.01.2012,Endring i tillatelse,KVITEBJØRN GASSRØR,,2417249,08.05.2013
KVITEBJØRN GASSTRANSPORT SYSTEM,6144,"Solveig Gas Norway AS pantsetter sin 23,480 % deltakerandel i transportsystemstillatelsen til fordel for The Law Debenture Trust Corporation P.L.C. Første prioritet panteobligasjon pålydende NOK 30 000 000 000, skriver norske kroner trettimilliarder. Pantsetter har ikke rett til å overdra eller foreta ytterligere pantsettelser av pantsatte objekt uten skriftlig samtykke fra panthaver. Olje- og energidepartementet har i brev av 20.12.2011 gitt samtykke i medhold av petroleumsloven § 6-2 første ledd.  ",31.01.2012,Heftelse,KVITEBJØRN GASSRØR,,2417249,08.05.2013
KVITEBJØRN GASSTRANSPORT SYSTEM,6608,"Eni Norge AS overdrar sin 1,2760 % deltakerandel i transportsystemtillatelsen til Solveig Gas Norway AS med virkning fra 31.10.2012.",31.10.2012,Endring i tillatelse,KVITEBJØRN GASSRØR,08.05.2013,2417249,08.05.2013
KVITEBJØRN GASSTRANSPORT SYSTEM,6628,"Kvitebjørn gasstransport systemPantobligasjon pålydende NOK 30 000 000 000, skriver norske kroner trettimilliarder datert 31.1.2012 (dok. nr. 6144) hvor Solveig Gas Norway AS pantsetter sin 23,480 % deltakerandel i transportsystemtillatelsen til fordel for The Law Debenture Trust Corporation P.L.C. er slettet. Samtykke fra panthaver foreligger. ",31.10.2012,Sletting av heftelse,KVITEBJØRN GASSRØR,08.05.2013,2417249,08.05.2013
KVITEBJØRN GASSTRANSPORT SYSTEM,6648,"Solveig Gas Norway AS pantsetter sin 24.756 % deltakerandel i transportsystemtillatelsen til fordel for The Law Debenture Trust Corporation P.L.C. Første prioritet panteobligasjon pålydende NOK 30 000 000 000, skriver norske kroner trettimilliarder. Pantsetter har ikke rett til å overdra eller foreta ytterligere pantsettelser av pantsatte objekt uten skriftlig samtykke fra panthaver. Olje- og energidepartementet har i brev av 20.12.2011 og 17.10.2012 gitt samtykke i medhold av petroleumsloven § 6-2 første ledd.",31.10.2012,Heftelse,KVITEBJØRN GASSRØR,,2417249,08.05.2013
KVITEBJØRN OLJETRANSPORT SYSTEM,2671,Tillatelsen er registrert i petroleumsregisteret.,02.08.2005,Ny tillatelse,KVITEBJØRN OLJERØR,,917586,08.05.2013
KVITEBJØRN OLJETRANSPORT SYSTEM,2672,Statoil ASA har overdratt en 6.45% andel i tillatelsen til Enterprise Oil Norge AS.,02.08.2005,Endring i tillatelse,KVITEBJØRN OLJERØR,,917586,08.05.2013
KVITEBJØRN OLJETRANSPORT SYSTEM,5784,"Tillatelsen er innført i petroleumsregisteret på grunnlag av St.prp.nr. 53 (1999-2000), Inst.S.nr. 224 (1999-2000) og Stortingsvedtak 416. ",13.05.2011,Andre meldinger,KVITEBJØRN OLJERØR,,917586,08.05.2013
KVITEBJØRN OLJETRANSPORT SYSTEM,5785,"Dok nr. 2671 er feil registrert, erstattes av Dok. nr.: 5784.",13.05.2011,Andre meldinger,KVITEBJØRN OLJERØR,,917586,08.05.2013
KVITEBJØRN OLJETRANSPORT SYSTEM,5786,Fusjonen mellom Statoil ASA og Norsk Hydro ASA¿s olje og gass virksomhet ble gjennomført  1. oktober 2007. Statoil ASA skiftet som følge av fusjonen navn til StatoilHydro ASA. Hydros andeler var registrert på Norsk Hydro Produksjon AS og ble i forbindelse med fusjonen fisjonert og alle andeler overført til det utfisjonerte selskapet som fikk navnet StatoilHydro Petroleum AS og som overtok som rettighetshaver etter Norsk Hydro Produksjon AS. StatoilHydro Petroleum endret 2.11.2009 navn til Statoil Petroleum AS.,13.05.2011,Andre meldinger,KVITEBJØRN OLJERØR,,917586,08.05.2013
KVITEBJØRN OLJETRANSPORT SYSTEM,6377,Statoil Petroleum AS overdrar en 19 % deltakerandel i transportsystemtillatelsen til Centrica Resources (Norge) AS med virkning fra 30.4.2012.,04.05.2012,Endring i tillatelse,KVITEBJØRN OLJERØR,,917586,08.05.2013
GASSBEHANDLINGSANLEGGENE PÅ KÅRSTØ,2187,Tillatelsen er registrert i petroleumsregisteret.,04.11.2003,Ny tillatelse,KÅRSTØ GASSANLEGG,,3471786,08.05.2013
GASSBEHANDLINGSANLEGGENE PÅ KÅRSTØ,5105,Deltakerandel oppdatert i henhold til Gassled Participants Agreement pr. 1.1.2009,26.01.2010,Endring i tillatelse,KÅRSTØ GASSANLEGG,,3471786,08.05.2013
GASSBEHANDLINGSANLEGGENE PÅ KÅRSTØ,5123,"Norske Shell Pipelines AS overdrar sin 3,974 % deltakerandel til A/S Norske Shell med virkning fra 1.1.2010.",01.02.2010,Endring i tillatelse,KÅRSTØ GASSANLEGG,,3471786,08.05.2013
GASSBEHANDLINGSANLEGGENE PÅ KÅRSTØ,5158,"Mobil Development Norway AS overdrar sin 4,142 % deltakerandel i tillatelsen til ExxonMobil Exploration and Production Norway AS med virkning fra 1. januar 2009.",17.02.2010,Endring i tillatelse,KÅRSTØ GASSANLEGG,,3471786,08.05.2013
GASSBEHANDLINGSANLEGGENE PÅ KÅRSTØ,5399,Ref. godkjennelse i brev fra Olje- og energidepartemente datert 27.5.2010 ifm. overdragelse av Gjøa Gas Pipeline til Gassled samt endring av eierandeler i Gassled med virkning fra 1.6.2010.,18.06.2010,Endring i tillatelse,KÅRSTØ GASSANLEGG,,3471786,08.05.2013
GASSBEHANDLINGSANLEGGENE PÅ KÅRSTØ,5579,"Deltakerandel i Gassled er justert med virkning fra og med 1.1.2011, i henhold til godkjennelse i brev fra Olje- og energidepartementet datert 14.12.2010.",04.01.2011,Endring i tillatelse,KÅRSTØ GASSANLEGG,,3471786,08.05.2013
GASSBEHANDLINGSANLEGGENE PÅ KÅRSTØ,5800,"ExxonMobil Exploration and Production Norway AS overdrar sin 8,036 % deltakerandel i transportsystemtillatelsen til Njord Gas Infrastructure AS med virkning fra 1.1.2011.",16.06.2011,Endring i tillatelse,KÅRSTØ GASSANLEGG,,3471786,08.05.2013
GASSBEHANDLINGSANLEGGENE PÅ KÅRSTØ,5820,"Njord Gas Infrastructure AS pantsetter sin 8,036 % deltakerandel i transportsystemstillatelsen til fordel for Norsk Tillitsmann ASA. Første prioritet panteobligasjon pålydende NOK 10 000 000 000, skriver norske kroner timilliarder, EUR 1 500 000 000, skriver Euro enmilliardfemhundremillioner, GBP 1 000 000 000, skriver britiske pund enmilliard, USD 2 000 000 000, skriver  amerikanske dollar tomilliarder. . Pantsetter har ikke rett til å overdra eller foreta ytterligere pantsettelser av pantsatte objekt uten skriftlig samtykke fra panthaver. Olje- og energidepartementet har i brev av 1.2.2011 gitt samtykke i medhold av petroleumsloven § 6-2 første ledd.  ",16.06.2011,Heftelse,KÅRSTØ GASSANLEGG,,3471786,08.05.2013
GASSBEHANDLINGSANLEGGENE PÅ KÅRSTØ,6052,"A/S Norske Shell overdrar sin 5,006 % deltakerandel i transportsystemtillatelsen til Infragas Norge AS med virkning fra 1.1.2011.",28.12.2011,Endring i tillatelse,KÅRSTØ GASSANLEGG,,3471786,08.05.2013
GASSBEHANDLINGSANLEGGENE PÅ KÅRSTØ,6097,"Total E&P Norge AS overdrar sin 6,102 % deltakerandel i transportsystemtillatelsen til Silex Gas Norway AS med virkning fra 24.1.2012.",24.01.2012,Endring i tillatelse,KÅRSTØ GASSANLEGG,,3471786,08.05.2013
GASSBEHANDLINGSANLEGGENE PÅ KÅRSTØ,6121,"Statoil Petroleum AS overdrar en 23,480 % deltakerandel i transportsystemtillatelsen til Solveig Gas Norway AS med virkning fra 31.1.2012.",31.01.2012,Endring i tillatelse,KÅRSTØ GASSANLEGG,,3471786,08.05.2013
GASSBEHANDLINGSANLEGGENE PÅ KÅRSTØ,6141,"Solveig Gas Norway AS pantsetter sin 23,480 % deltakerandel i transportsystemstillatelsen til fordel for The Law Debenture Trust Corporation P.L.C. Første prioritet panteobligasjon pålydende NOK 30 000 000 000, skriver norske kroner trettimilliarder. Pantsetter har ikke rett til å overdra eller foreta ytterligere pantsettelser av pantsatte objekt uten skriftlig samtykke fra panthaver. Olje- og energidepartementet har i brev av 20.12.2011 gitt samtykke i medhold av petroleumsloven § 6-2 første ledd.  ",31.01.2012,Heftelse,KÅRSTØ GASSANLEGG,,3471786,08.05.2013
GASSBEHANDLINGSANLEGGENE PÅ KÅRSTØ,6605,"Eni Norge AS overdrar sin 1,2760 % deltakerandel i transportsystemtillatelsen til Solveig Gas Norway AS med virkning fra 31.10.2012.",31.10.2012,Endring i tillatelse,KÅRSTØ GASSANLEGG,08.05.2013,3471786,08.05.2013
GASSBEHANDLINGSANLEGGENE PÅ KÅRSTØ,6625,"Pantobligasjon pålydende NOK 30 000 000 000, skriver norske kroner trettimilliarder datert 31.1.2012 (dok. nr. 6141) hvor Solveig Gas Norway AS pantsetter sin 23,480 % deltakerandel i transportsystemtillatelsen til fordel for The Law Debenture Trust Corporation P.L.C. er slettet. Samtykke fra panthaver foreligger.",31.10.2012,Sletting av heftelse,KÅRSTØ GASSANLEGG,,3471786,08.05.2013
GASSBEHANDLINGSANLEGGENE PÅ KÅRSTØ,6645,"Solveig Gas Norway AS pantsetter sin 24.756 % deltakerandel i transportsystemtillatelsen til fordel for The Law Debenture Trust Corporation P.L.C. Første prioritet panteobligasjon pålydende NOK 30 000 000 000, skriver norske kroner trettimilliarder. Pantsetter har ikke rett til å overdra eller foreta ytterligere pantsettelser av pantsatte objekt uten skriftlig samtykke fra panthaver. Olje- og energidepartementet har i brev av 20.12.2011 og 17.10.2012 gitt samtykke i medhold av petroleumsloven § 6-2 første ledd.",31.10.2012,Heftelse,KÅRSTØ GASSANLEGG,,3471786,08.05.2013
LANGELED,5082,Tillatelsen innført i Petroleumsregisteret.,22.01.2010,Ny tillatelse,LANGELED,,2450169,08.05.2013
LANGELED,5083,Langeled er inkludert i Gassled fra 1.9.2006 i henhold til overføringsavtale mellom Gassled og den norske stat 31.8.2006.,22.01.2010,Endring i tillatelse,LANGELED,,2450169,08.05.2013
LANGELED,5119,"Norske Shell Pipelines AS overdrar sin 3,974 % deltakerandel til A/S Norske Shell med virkning fra 1.1.2010.",01.02.2010,Endring i tillatelse,LANGELED,,2450169,08.05.2013
LANGELED,5154,"Mobil Development Norway AS overdrar sin 4,142 % deltakerandel i tillatelsen til ExxonMobil Exploration and Production Norway AS med virkning fra 1. januar 2009.",17.02.2010,Endring i tillatelse,LANGELED,,2450169,08.05.2013
LANGELED,5402,Ref. godkjennelse i brev fra Olje- og energidepartemente datert 27.5.2010 ifm. overdragelse av Gjøa Gas Pipeline til Gassled samt endring av eierandeler i Gassled med virkning fra 1.6.2010.,18.06.2010,Endring i tillatelse,LANGELED,,2450169,08.05.2013
LANGELED,5583,"Deltakerandel i Gassled er justert med virkning fra og med 1.1.2011, i henhold til godkjennelse i brev fra Olje- og energidepartementet datert 14.12.2010.",04.01.2011,Endring i tillatelse,LANGELED,,2450169,08.05.2013
LANGELED,5804,"ExxonMobil Exploration and Production Norway AS overdrar sin 8,036 % deltakerandel i transportsystemtillatelsen til Njord Gas Infrastructure AS med virkning fra 1.1.2011.",16.06.2011,Endring i tillatelse,LANGELED,,2450169,08.05.2013
LANGELED,5824,"Njord Gas Infrastructure AS pantsetter sin 8,036 % deltakerandel i transportsystemstillatelsen til fordel for Norsk Tillitsmann ASA. Første prioritet panteobligasjon pålydende NOK 10 000 000 000, skriver norske kroner timilliarder, EUR 1 500 000 000, skriver Euro enmilliardfemhundremillioner, GBP 1 000 000 000, skriver britiske pund enmilliard, USD 2 000 000 000, skriver  amerikanske dollar tomilliarder. . Pantsetter har ikke rett til å overdra eller foreta ytterligere pantsettelser av pantsatte objekt uten skriftlig samtykke fra panthaver. Olje- og energidepartementet har i brev av 1.2.2011 gitt samtykke i medhold av petroleumsloven § 6-2 første ledd.  ",16.06.2011,Heftelse,LANGELED,,2450169,08.05.2013
LANGELED,6056,"A/S Norske Shell overdrar sin 5,006 % deltakerandel i transportsystemtillatelsen til Infragas Norge AS med virkning fra 1.1.2011.",28.12.2011,Endring i tillatelse,LANGELED,,2450169,08.05.2013
LANGELED,6101,"Total E&P Norge AS overdrar sin 6,102 % deltakerandel i transportsystemtillatelsen til Silex Gas Norway AS med virkning fra 24.1.2012.",24.01.2012,Endring i tillatelse,LANGELED,,2450169,08.05.2013
LANGELED,6125,"Statoil Petroleum AS overdrar en 23,480 % deltakerandel i transportsystemtillatelsen til Solveig Gas Norway AS med virkning fra 31.1.2012.",31.01.2012,Endring i tillatelse,LANGELED,,2450169,08.05.2013
LANGELED,6145,"Solveig Gas Norway AS pantsetter sin 23,480 % deltakerandel i transportsystemstillatelsen til fordel for The Law Debenture Trust Corporation P.L.C. Første prioritet panteobligasjon pålydende NOK 30 000 000 000, skriver norske kroner trettimilliarder. Pantsetter har ikke rett til å overdra eller foreta ytterligere pantsettelser av pantsatte objekt uten skriftlig samtykke fra panthaver. Olje- og energidepartementet har i brev av 20.12.2011 gitt samtykke i medhold av petroleumsloven § 6-2 første ledd.  ",31.01.2012,Heftelse,LANGELED,,2450169,08.05.2013
LANGELED,6609,"Eni Norge AS overdrar sin 1,2760 % deltakerandel i transportsystemtillatelsen til Solveig Gas Norway AS med virkning fra 31.10.2012.",31.10.2012,Endring i tillatelse,LANGELED,08.05.2013,2450169,08.05.2013
LANGELED,6629,"Pantobligasjon pålydende NOK 30 000 000 000, skriver norske kroner trettimilliarder datert 31.1.2012 (dok. nr. 6145) hvor Solveig Gas Norway AS pantsetter sin 23,480 % deltakerandel i transportsystemtillatelsen til fordel for The Law Debenture Trust Corporation P.L.C. er slettet. Samtykke fra panthaver foreligger.",31.10.2012,Sletting av heftelse,LANGELED,,2450169,08.05.2013
LANGELED,6649,"Solveig Gas Norway AS pantsetter sin 24.756 % deltakerandel i transportsystemtillatelsen til fordel for The Law Debenture Trust Corporation P.L.C. Første prioritet panteobligasjon pålydende NOK 30 000 000 000, skriver norske kroner trettimilliarder. Pantsetter har ikke rett til å overdra eller foreta ytterligere pantsettelser av pantsatte objekt uten skriftlig samtykke fra panthaver. Olje- og energidepartementet har i brev av 20.12.2011 og 17.10.2012 gitt samtykke i medhold av petroleumsloven § 6-2 første ledd.",31.10.2012,Heftelse,LANGELED,,2450169,08.05.2013
NORNE GASSTRANSPORTSYSTEM,2666,Tillatelsen er registrert i petroleumsregisteret.,14.07.2005,Ny tillatelse,NORNE GASSTRANSPORT,,1035984,08.05.2013
NORNE GASSTRANSPORTSYSTEM,2667,Enterprise Oil Norge AS har overdratt sin 6% andel i tillatelsen til Statoil ASA,14.07.2005,Endring i tillatelse,NORNE GASSTRANSPORT,,1035984,08.05.2013
NORNE GASSTRANSPORTSYSTEM,5103,"Tillatelsen er inkludert i Gassled med virkning fra 1.1.2009, i henhold til brev fra Finansdepartementet datert 17.12.2008.",26.01.2010,Endring i tillatelse,NORNE GASSTRANSPORT,,1035984,08.05.2013
NORNE GASSTRANSPORTSYSTEM,5104,Deltakerandeler oppdatert i henhold til Gassled participants agreement pr.1.1.2009.,26.01.2010,Endring i tillatelse,NORNE GASSTRANSPORT,,1035984,08.05.2013
NORNE GASSTRANSPORTSYSTEM,5120,"Norske Shell Pipelines AS overdrar sin 3,974 % deltakerandel til A/S Norske Shell med virkning fra 1.1.2010.",01.02.2010,Endring i tillatelse,NORNE GASSTRANSPORT,,1035984,08.05.2013
NORNE GASSTRANSPORTSYSTEM,5155,"Mobil Development Norway AS overdrar sin 4,142 % deltakerandel i tillatelsen til ExxonMobil Exploration and Production Norway AS med virkning fra 1. januar 2009.",17.02.2010,Endring i tillatelse,NORNE GASSTRANSPORT,,1035984,08.05.2013
NORNE GASSTRANSPORTSYSTEM,5403,Ref. godkjennelse i brev fra Olje- og energidepartemente datert 27.5.2010 ifm. overdragelse av Gjøa Gas Pipeline til Gassled samt endring av eierandeler i Gassled med virkning fra 1.6.2010.,18.06.2010,Endring i tillatelse,NORNE GASSTRANSPORT,,1035984,08.05.2013
NORNE GASSTRANSPORTSYSTEM,5584,"Deltakerandel i Gassled er justert med virkning fra og med 1.1.2011, i henhold til godkjennelse i brev fra Olje- og energidepartementet datert 14.12.2010.",04.01.2011,Endring i tillatelse,NORNE GASSTRANSPORT,,1035984,08.05.2013
NORNE GASSTRANSPORTSYSTEM,5805,"ExxonMobil Exploration and Production Norway AS overdrar sin 8,036 % deltakerandel i transportsystemtillatelsen til Njord Gas Infrastructure AS med virkning fra 1.1.2011.",16.06.2011,Endring i tillatelse,NORNE GASSTRANSPORT,,1035984,08.05.2013
NORNE GASSTRANSPORTSYSTEM,5825,"Njord Gas Infrastructure AS pantsetter sin 8,036 % deltakerandel i transportsystemstillatelsen til fordel for Norsk Tillitsmann ASA. Første prioritet panteobligasjon pålydende NOK 10 000 000 000, skriver norske kroner timilliarder, EUR 1 500 000 000, skriver Euro enmilliardfemhundremillioner, GBP 1 000 000 000, skriver britiske pund enmilliard, USD 2 000 000 000, skriver  amerikanske dollar tomilliarder. . Pantsetter har ikke rett til å overdra eller foreta ytterligere pantsettelser av pantsatte objekt uten skriftlig samtykke fra panthaver. Olje- og energidepartementet har i brev av 1.2.2011 gitt samtykke i medhold av petroleumsloven § 6-2 første ledd.  ",16.06.2011,Heftelse,NORNE GASSTRANSPORT,,1035984,08.05.2013
NORNE GASSTRANSPORTSYSTEM,6057,"A/S Norske Shell overdrar sin 5,006 % deltakerandel i transportsystemtillatelsen til Infragas Norge AS med virkning fra 1.1.2011.",28.12.2011,Endring i tillatelse,NORNE GASSTRANSPORT,,1035984,08.05.2013
NORNE GASSTRANSPORTSYSTEM,6102,"Total E&P Norge AS overdrar sin 6,102 % deltakerandel i transportsystemtillatelsen til Silex Gas Norway AS med virkning fra 24.1.2012.",24.01.2012,Endring i tillatelse,NORNE GASSTRANSPORT,,1035984,08.05.2013
NORNE GASSTRANSPORTSYSTEM,6126,"Statoil Petroleum AS overdrar en 23,480 % deltakerandel i transportsystemtillatelsen til Solveig Gas Norway AS med virkning fra 31.1.2012.",31.01.2012,Endring i tillatelse,NORNE GASSTRANSPORT,,1035984,08.05.2013
NORNE GASSTRANSPORTSYSTEM,6146,"Solveig Gas Norway AS pantsetter sin 23,480 % deltakerandel i transportsystemstillatelsen til fordel for The Law Debenture Trust Corporation P.L.C. Første prioritet panteobligasjon pålydende NOK 30 000 000 000, skriver norske kroner trettimilliarder. Pantsetter har ikke rett til å overdra eller foreta ytterligere pantsettelser av pantsatte objekt uten skriftlig samtykke fra panthaver. Olje- og energidepartementet har i brev av 20.12.2011 gitt samtykke i medhold av petroleumsloven § 6-2 første ledd.  ",31.01.2012,Heftelse,NORNE GASSTRANSPORT,,1035984,08.05.2013
NORNE GASSTRANSPORTSYSTEM,6610,"Eni Norge AS overdrar sin 1,2760 % deltakerandel i transportsystemtillatelsen til Solveig Gas Norway AS med virkning fra 31.10.2012.",31.10.2012,Endring i tillatelse,NORNE GASSTRANSPORT,08.05.2013,1035984,08.05.2013
NORNE GASSTRANSPORTSYSTEM,6630,"Pantobligasjon pålydende NOK 30 000 000 000, skriver norske kroner trettimilliarder datert 31.1.2012 (dok. nr. 6146) hvor Solveig Gas Norway AS pantsetter sin 23,480 % deltakerandel i transportsystemtillatelsen til fordel for The Law Debenture Trust Corporation P.L.C. er slettet. Samtykke fra panthaver foreligger. ",31.10.2012,Sletting av heftelse,NORNE GASSTRANSPORT,,1035984,08.05.2013
NORNE GASSTRANSPORTSYSTEM,6650,"Solveig Gas Norway AS pantsetter sin 24.756 % deltakerandel i transportsystemtillatelsen til fordel for The Law Debenture Trust Corporation P.L.C. Første prioritet panteobligasjon pålydende NOK 30 000 000 000, skriver norske kroner trettimilliarder. Pantsetter har ikke rett til å overdra eller foreta ytterligere pantsettelser av pantsatte objekt uten skriftlig samtykke fra panthaver. Olje- og energidepartementet har i brev av 20.12.2011 og 17.10.2012 gitt samtykke i medhold av petroleumsloven § 6-2 første ledd.",31.10.2012,Heftelse,NORNE GASSTRANSPORT,,1035984,08.05.2013
NORPIPE GASSRØR,5346,Tillatelsen innført i Petroleumsregisteret.,24.03.2010,Ny tillatelse,NORPIPE GASSLEDNING,,124165,08.05.2013
NORPIPE GASSRØR,5347,Deltakerandel oppdater i henhold til Gassled Participant Agreement pr. 1.1.2009.,24.03.2010,Endring i tillatelse,NORPIPE GASSLEDNING,,124165,08.05.2013
NORPIPE GASSRØR,5348,"Mobil Development Norway A/S overdrar sin 4,142 % deltaker andel i tillatelsen til ExxonMobil Exploration and Production Norway AS med virkning fra 1. januar 2009.",24.03.2010,Endring i tillatelse,NORPIPE GASSLEDNING,,124165,08.05.2013
NORPIPE GASSRØR,5349,"Norske Shell Pipelines AS overdrar sin 3,974 % deltakerandel i tillatelsen til A/S Norske Shell med virkning fra 1. januar 2010.",24.03.2010,Endring i tillatelse,NORPIPE GASSLEDNING,,124165,08.05.2013
NORPIPE GASSRØR,5404,Ref. godkjennelse i brev fra Olje- og energidepartemente datert 27.5.2010 ifm. overdragelse av Gjøa Gas Pipeline til Gassled samt endring av eierandeler i Gassled med virkning fra 1.6.2010.,18.06.2010,Endring i tillatelse,NORPIPE GASSLEDNING,,124165,08.05.2013
NORPIPE GASSRØR,5585,"Deltakerandel i Gassled er justert med virkning fra og med 1.1.2011, i henhold til godkjennelse i brev fra Olje- og energidepartementet datert 14.12.2010.",04.01.2011,Endring i tillatelse,NORPIPE GASSLEDNING,,124165,08.05.2013
NORPIPE GASSRØR,5806,"ExxonMobil Exploration and Production Norway AS overdrar sin 8,036 % deltakerandel i transportsystemtillatelsen til Njord Gas Infrastructure AS med virkning fra 1.1.2011.",16.06.2011,Endring i tillatelse,NORPIPE GASSLEDNING,,124165,08.05.2013
NORPIPE GASSRØR,5826,"Njord Gas Infrastructure AS pantsetter sin 8,036 % deltakerandel i transportsystemstillatelsen til fordel for Norsk Tillitsmann ASA. Første prioritet panteobligasjon pålydende NOK 10 000 000 000, skriver norske kroner timilliarder, EUR 1 500 000 000, skriver Euro enmilliardfemhundremillioner, GBP 1 000 000 000, skriver britiske pund enmilliard, USD 2 000 000 000, skriver  amerikanske dollar tomilliarder. . Pantsetter har ikke rett til å overdra eller foreta ytterligere pantsettelser av pantsatte objekt uten skriftlig samtykke fra panthaver. Olje- og energidepartementet har i brev av 1.2.2011 gitt samtykke i medhold av petroleumsloven § 6-2 første ledd.  ",16.06.2011,Heftelse,NORPIPE GASSLEDNING,,124165,08.05.2013
NORPIPE GASSRØR,6058,"A/S Norske Shell overdrar sin 5,006 % deltakerandel i transportsystemtillatelsen til Infragas Norge AS med virkning fra 1.1.2011.",28.12.2011,Endring i tillatelse,NORPIPE GASSLEDNING,,124165,08.05.2013
NORPIPE GASSRØR,6103,"Total E&P Norge AS overdrar sin 6,102 % deltakerandel i transportsystemtillatelsen til Silex Gas Norway AS med virkning fra 24.1.2012.",24.01.2012,Endring i tillatelse,NORPIPE GASSLEDNING,,124165,08.05.2013
NORPIPE GASSRØR,6127,"Statoil Petroleum AS overdrar en 23,480 % deltakerandel i transportsystemtillatelsen til Solveig Gas Norway AS med virkning fra 31.1.2012.",31.01.2012,Endring i tillatelse,NORPIPE GASSLEDNING,,124165,08.05.2013
NORPIPE GASSRØR,6147,"Solveig Gas Norway AS pantsetter sin 23,480 % deltakerandel i transportsystemstillatelsen til fordel for The Law Debenture Trust Corporation P.L.C. Første prioritet panteobligasjon pålydende NOK 30 000 000 000, skriver norske kroner trettimilliarder. Pantsetter har ikke rett til å overdra eller foreta ytterligere pantsettelser av pantsatte objekt uten skriftlig samtykke fra panthaver. Olje- og energidepartementet har i brev av 20.12.2011 gitt samtykke i medhold av petroleumsloven § 6-2 første ledd.  ",31.01.2012,Heftelse,NORPIPE GASSLEDNING,,124165,08.05.2013
NORPIPE GASSRØR,6611,"Eni Norge AS overdrar sin 1,2760 % deltakerandel i transportsystemtillatelsen til Solveig Gas Norway AS med virkning fra 31.10.2012.",31.10.2012,Endring i tillatelse,NORPIPE GASSLEDNING,08.05.2013,124165,08.05.2013
NORPIPE GASSRØR,6631,"Pantobligasjon pålydende NOK 30 000 000 000, skriver norske kroner trettimilliarder datert 31.1.2012 (dok. nr. 6147) hvor Solveig Gas Norway AS pantsetter sin 23,480 % deltakerandel i transportsystemtillatelsen til fordel for The Law Debenture Trust Corporation P.L.C. er slettet. Samtykke fra panthaver foreligger. ",31.10.2012,Sletting av heftelse,NORPIPE GASSLEDNING,,124165,08.05.2013
NORPIPE GASSRØR,6651,"Solveig Gas Norway AS pantsetter sin 24.756 % deltakerandel i transportsystemtillatelsen til fordel for The Law Debenture Trust Corporation P.L.C. Første prioritet panteobligasjon pålydende NOK 30 000 000 000, skriver norske kroner trettimilliarder. Pantsetter har ikke rett til å overdra eller foreta ytterligere pantsettelser av pantsatte objekt uten skriftlig samtykke fra panthaver. Olje- og energidepartementet har i brev av 20.12.2011 og 17.10.2012 gitt samtykke i medhold av petroleumsloven § 6-2 første ledd.",31.10.2012,Heftelse,NORPIPE GASSLEDNING,,124165,08.05.2013
NORPIPE OIL AS,0347,"Pantsettelse av Cofranord's andel i Norpipe A/S.Panthaver Sparebanken Nord-Norge.Pantobligasjon stor USD 12,800,000 + 10%.",01.11.1989,Heftelse,NORPIPE OLJELEDNING,08.05.2013,124133,08.05.2013
NORPIPE OIL AS,936,Transportsystemtillatelse 1 overført til nytt Petroleumsregister med endringer iht. OEDs oversikt.,25.07.1997,Ny tillatelse,NORPIPE OLJELEDNING,,124133,08.05.2013
OSEBERG GASSTRANSPORT,2185,Tillatelsen er registrert i petroleumsregisteret.,04.11.2003,Ny tillatelse,OSEBERG GASSTRANSPORT,,124170,08.05.2013
OSEBERG GASSTRANSPORT,5102,Deltakerandeler oppdatert i henhold til Gassled participants agreement pr.1.1.2009.,25.01.2010,Endring i tillatelse,OSEBERG GASSTRANSPORT,,124170,08.05.2013
OSEBERG GASSTRANSPORT,5113,"Norske Shell Pipelines AS overdrar sin 3,974 % deltakerandel til A/S Norske Shell med virkning fra 1.1.2010.",01.02.2010,Endring i tillatelse,OSEBERG GASSTRANSPORT,,124170,08.05.2013
OSEBERG GASSTRANSPORT,5146,"Mobil Development Norway AS overdrar sin 4,142 % deltakerandel i tillatelsen til ExxonMobil Exploration and Production Norway AS med virkning fra 1. januar 2009.",17.02.2010,Endring i tillatelse,OSEBERG GASSTRANSPORT,,124170,08.05.2013
OSEBERG GASSTRANSPORT,5405,Ref. godkjennelse i brev fra Olje- og energidepartemente datert 27.5.2010 ifm. overdragelse av Gjøa Gas Pipeline til Gassled samt endring av eierandeler i Gassled med virkning fra 1.6.2010.,18.06.2010,Endring i tillatelse,OSEBERG GASSTRANSPORT,,124170,08.05.2013
OSEBERG GASSTRANSPORT,5586,"Deltakerandel i Gassled er justert med virkning fra og med 1.1.2011, i henhold til godkjennelse i brev fra Olje- og energidepartementet datert 14.12.2010.",04.01.2011,Endring i tillatelse,OSEBERG GASSTRANSPORT,,124170,08.05.2013
OSEBERG GASSTRANSPORT,5807,"ExxonMobil Exploration and Production Norway AS overdrar sin 8,036 % deltakerandel i transportsystemtillatelsen til Njord Gas Infrastructure AS med virkning fra 1.1.2011.",16.06.2011,Endring i tillatelse,OSEBERG GASSTRANSPORT,,124170,08.05.2013
OSEBERG GASSTRANSPORT,5827,"Njord Gas Infrastructure AS pantsetter sin 8,036 % deltakerandel i transportsystemstillatelsen til fordel for Norsk Tillitsmann ASA. Første prioritet panteobligasjon pålydende NOK 10 000 000 000, skriver norske kroner timilliarder, EUR 1 500 000 000, skriver Euro enmilliardfemhundremillioner, GBP 1 000 000 000, skriver britiske pund enmilliard, USD 2 000 000 000, skriver  amerikanske dollar tomilliarder. . Pantsetter har ikke rett til å overdra eller foreta ytterligere pantsettelser av pantsatte objekt uten skriftlig samtykke fra panthaver. Olje- og energidepartementet har i brev av 1.2.2011 gitt samtykke i medhold av petroleumsloven § 6-2 første ledd.  ",16.06.2011,Heftelse,OSEBERG GASSTRANSPORT,,124170,08.05.2013
OSEBERG GASSTRANSPORT,6059,"A/S Norske Shell overdrar sin 5,006 % deltakerandel i transportsystemtillatelsen til Infragas Norge AS med virkning fra 1.1.2011.",28.12.2011,Endring i tillatelse,OSEBERG GASSTRANSPORT,,124170,08.05.2013
OSEBERG GASSTRANSPORT,6104,"Total E&P Norge AS overdrar sin 6,102 % deltakerandel i transportsystemtillatelsen til Silex Gas Norway AS med virkning fra 24.1.2012.",24.01.2012,Endring i tillatelse,OSEBERG GASSTRANSPORT,,124170,08.05.2013
OSEBERG GASSTRANSPORT,6128,"Statoil Petroleum AS overdrar en 23,480 % deltakerandel i transportsystemtillatelsen til Solveig Gas Norway AS med virkning fra 31.1.2012.",31.01.2012,Endring i tillatelse,OSEBERG GASSTRANSPORT,,124170,08.05.2013
OSEBERG GASSTRANSPORT,6148,"Solveig Gas Norway AS pantsetter sin 23,480 % deltakerandel i transportsystemstillatelsen til fordel for The Law Debenture Trust Corporation P.L.C. Første prioritet panteobligasjon pålydende NOK 30 000 000 000, skriver norske kroner trettimilliarder. Pantsetter har ikke rett til å overdra eller foreta ytterligere pantsettelser av pantsatte objekt uten skriftlig samtykke fra panthaver. Olje- og energidepartementet har i brev av 20.12.2011 gitt samtykke i medhold av petroleumsloven § 6-2 første ledd.  ",31.01.2012,Heftelse,OSEBERG GASSTRANSPORT,,124170,08.05.2013
OSEBERG GASSTRANSPORT,6612,"Eni Norge AS overdrar sin 1,2760 % deltakerandel i transportsystemtillatelsen til Solveig Gas Norway AS med virkning fra 31.10.2012.",31.10.2012,Endring i tillatelse,OSEBERG GASSTRANSPORT,08.05.2013,124170,08.05.2013
OSEBERG GASSTRANSPORT,6632,"Pantobligasjon pålydende NOK 30 000 000 000, skriver norske kroner trettimilliarder datert 31.1.2012 (dok. nr. 6148) hvor Solveig Gas Norway AS pantsetter sin 23,480 % deltakerandel i transportsystemtillatelsen til fordel for The Law Debenture Trust Corporation P.L.C. er slettet. Samtykke fra panthaver foreligger. ",31.10.2012,Sletting av heftelse,OSEBERG GASSTRANSPORT,,124170,08.05.2013
OSEBERG GASSTRANSPORT,6652,"Solveig Gas Norway AS pantsetter sin 24.756 % deltakerandel i transportsystemtillatelsen til fordel for The Law Debenture Trust Corporation P.L.C. Første prioritet panteobligasjon pålydende NOK 30 000 000 000, skriver norske kroner trettimilliarder. Pantsetter har ikke rett til å overdra eller foreta ytterligere pantsettelser av pantsatte objekt uten skriftlig samtykke fra panthaver. Olje- og energidepartementet har i brev av 20.12.2011 og 17.10.2012 gitt samtykke i medhold av petroleumsloven § 6-2 første ledd.",31.10.2012,Heftelse,OSEBERG GASSTRANSPORT,,124170,08.05.2013
OSEBERG TRANSPORT SYSTEM (OTS),1870,SDØE overført til Petoro AS.,09.10.2002,Endring i tillatelse,OSEBERG TRANSPORTSYSTEM,,124301,08.05.2013
OSEBERG TRANSPORT SYSTEM (OTS),6695,Saga Petroleum AS er innfusjonert i Norsk Hydro Produksjon AS med virkning fra 15.12.1999.,11.12.2012,Andre meldinger,OSEBERG TRANSPORTSYSTEM,,124301,08.05.2013
OSEBERG TRANSPORT SYSTEM (OTS),6696,Norsk Hydro Produksjon AS overfører alle deltakerandeler i transportsystemtillatelsen til Norsk Hydro Petroleum AS som følge av fisjon med virkning fra 21.4.2007.,11.12.2012,Andre meldinger,OSEBERG TRANSPORTSYSTEM,,124301,08.05.2013
OSEBERG TRANSPORT SYSTEM (OTS),6697,Norsk Hydro Petroleum AS har endret navn til StatoilHydro Petroleum AS med virkning fra 1.10.2007.,11.12.2012,Andre meldinger,OSEBERG TRANSPORTSYSTEM,,124301,08.05.2013
OSEBERG TRANSPORT SYSTEM (OTS),6698,Elf Petroleum Norge AS har endret navn til TotalFinaElf Exploration Norge AS med virkning fra 11.7.2000.,11.12.2012,Andre meldinger,OSEBERG TRANSPORTSYSTEM,,124301,08.05.2013
OSEBERG TRANSPORT SYSTEM (OTS),6699,TotalFinaElf Exploration Norge AS har fusjonert med Total Norge AS med virkning fra 20.9.2001.,11.12.2012,Andre meldinger,OSEBERG TRANSPORTSYSTEM,,124301,08.05.2013
OSEBERG TRANSPORT SYSTEM (OTS),6700,"Petoro AS overdrar en 2,4 % deltakerandel i transportsystemtillatelsen til Norske Conoco A/S med virkning fra 1.10.2002.",11.12.2012,Endring i tillatelse,OSEBERG TRANSPORTSYSTEM,,124301,08.05.2013
OSEBERG TRANSPORT SYSTEM (OTS),6701,Norske Conoco A/S endrer navn til Norske ConocoPhillips AS med virkning fra 22.3.2003.,11.12.2012,Andre meldinger,OSEBERG TRANSPORTSYSTEM,,124301,08.05.2013
OSEBERG TRANSPORT SYSTEM (OTS),6702,TotalFinaElf Exploration Norge AS har endret navn til Total E&P Norge AS med virkning fra 6.5.2003.,11.12.2012,Andre meldinger,OSEBERG TRANSPORTSYSTEM,,124301,08.05.2013
OSEBERG TRANSPORT SYSTEM (OTS),6703,"Norske ConocoPhillips AS har besluttet å innfusjonere, overtagende selskap er ConocoPhillips Skandinavia AS med virkning fra 25.9.2007",11.12.2012,Andre meldinger,OSEBERG TRANSPORTSYSTEM,,124301,08.05.2013
OSEBERG TRANSPORT SYSTEM (OTS),6704,StatoilHydro Petroleum AS har endret navn til Statoil Petroleum med virkning fra 2.11.2009.,11.12.2012,Andre meldinger,OSEBERG TRANSPORTSYSTEM,,124301,08.05.2013
OSEBERG TRANSPORT SYSTEM (OTS),6705,"Mobil Development Norway AS har overdratt sin 4,3272 % deltakerandel i transportsystemtillatelsen til ExxonMobil Exploration and Production Norway AS med virkning fra 1.1.2008.",11.12.2012,Endring i tillatelse,OSEBERG TRANSPORTSYSTEM,,124301,08.05.2013
OSEBERG TRANSPORT SYSTEM (OTS),6706,"ExxonMobil Exploration and Production Norway AS overdrar sin 4,33 % deltakerandel i transportsystemtillatelsen til Total E&P Norge AS med virkning fra 1.1.2012.",11.12.2012,Endring i tillatelse,OSEBERG TRANSPORTSYSTEM,,124301,08.05.2013
OSEBERG TRANSPORT SYSTEM (OTS),942,Transportsystemtillatelse 7 overført til nytt Petroleumsregister med endringer iht. OEDs oversikt.,06.08.1997,Ny tillatelse,OSEBERG TRANSPORTSYSTEM,,124301,08.05.2013
SLEIPNER ØST KONDENSAT,945,Transportsystemtillatelse 10 overført til nytt Petroleumsregister med endringer iht. OEDs oversikt.,06.08.1997,Ny tillatelse,SLEIPNER KONDENSATRØR,,124340,08.05.2013
STATPIPE,1811,A/S Norske Shell har overdratt sin 5 % andel i tillatelsen til Norske Shell Pipelines AS.,28.05.2002,Endring i tillatelse,STATPIPE,,123940,08.05.2013
STATPIPE,2205,Tillatelsen er overdratt til interessentene i Gassled med virkning fra 01.01.2003.,15.12.2003,Andre meldinger,STATPIPE,,123940,08.05.2013
STATPIPE,2206,Gassco har overtatt operatøransvaret.,15.12.2003,Andre meldinger,STATPIPE,,123940,08.05.2013
STATPIPE,2216,Tillatelsen er forlenget til 31.12.2028.,16.12.2003,Endring i tillatelse,STATPIPE,,123940,08.05.2013
STATPIPE,5099,Deltakerandeler oppdatert i henhold til Gassled participants agreement pr.1.1.2009.,25.01.2010,Endring i tillatelse,STATPIPE,,123940,08.05.2013
STATPIPE,5114,"Norske Shell Pipelines AS overdrar sin 3,974 % deltakerandel til A/S Norske Shell med virkning fra 1.1.2010.",01.02.2010,Endring i tillatelse,STATPIPE,,123940,08.05.2013
STATPIPE,5147,"Mobil Development Norway AS overdrar sin 4,142 % deltakerandel i tillatelsen til ExxonMobil Exploration and Production Norway AS med virkning fra 1. januar 2009.",17.02.2010,Endring i tillatelse,STATPIPE,,123940,08.05.2013
STATPIPE,5406,Ref. godkjennelse i brev fra Olje- og energidepartemente datert 27.5.2010 ifm. overdragelse av Gjøa Gas Pipeline til Gassled samt endring av eierandeler i Gassled med virkning fra 1.6.2010.,18.06.2010,Endring i tillatelse,STATPIPE,,123940,08.05.2013
STATPIPE,5587,"Deltakerandel i Gassled er justert med virkning fra og med 1.1.2011, i henhold til godkjennelse i brev fra Olje- og energidepartementet datert 14.12.2010.",04.01.2011,Endring i tillatelse,STATPIPE,,123940,08.05.2013
STATPIPE,5808,"ExxonMobil Exploration and Production Norway AS overdrar sin 8,036 % deltakerandel i transportsystemtillatelsen til Njord Gas Infrastructure AS med virkning fra 1.1.2011.",16.06.2011,Endring i tillatelse,STATPIPE,,123940,08.05.2013
STATPIPE,5828,"Njord Gas Infrastructure AS pantsetter sin 8,036 % deltakerandel i transportsystemstillatelsen til fordel for Norsk Tillitsmann ASA. Første prioritet panteobligasjon pålydende NOK 10 000 000 000, skriver norske kroner timilliarder, EUR 1 500 000 000, skriver Euro enmilliardfemhundremillioner, GBP 1 000 000 000, skriver britiske pund enmilliard, USD 2 000 000 000, skriver  amerikanske dollar tomilliarder. . Pantsetter har ikke rett til å overdra eller foreta ytterligere pantsettelser av pantsatte objekt uten skriftlig samtykke fra panthaver. Olje- og energidepartementet har i brev av 1.2.2011 gitt samtykke i medhold av petroleumsloven § 6-2 første ledd.  ",16.06.2011,Heftelse,STATPIPE,,123940,08.05.2013
STATPIPE,6060,"A/S Norske Shell overdrar sin 5,006 % deltakerandel i transportsystemtillatelsen til Infragas Norge AS med virkning fra 1.1.2011.",28.12.2011,Endring i tillatelse,STATPIPE,,123940,08.05.2013
STATPIPE,6105,"Total E&P Norge AS overdrar sin 6,102 % deltakerandel i transportsystemtillatelsen til Silex Gas Norway AS med virkning fra 24.1.2012.",24.01.2012,Endring i tillatelse,STATPIPE,,123940,08.05.2013
STATPIPE,6129,"Statoil Petroleum AS overdrar en 23,480 % deltakerandel i transportsystemtillatelsen til Solveig Gas Norway AS med virkning fra 31.1.2012.",31.01.2012,Endring i tillatelse,STATPIPE,,123940,08.05.2013
STATPIPE,6149,"Solveig Gas Norway AS pantsetter sin 23,480 % deltakerandel i transportsystemstillatelsen til fordel for The Law Debenture Trust Corporation P.L.C. Første prioritet panteobligasjon pålydende NOK 30 000 000 000, skriver norske kroner trettimilliarder. Pantsetter har ikke rett til å overdra eller foreta ytterligere pantsettelser av pantsatte objekt uten skriftlig samtykke fra panthaver. Olje- og energidepartementet har i brev av 20.12.2011 gitt samtykke i medhold av petroleumsloven § 6-2 første ledd.  ",31.01.2012,Heftelse,STATPIPE,,123940,08.05.2013
STATPIPE,6613,"Eni Norge AS overdrar sin 1,2760 % deltakerandel i transportsystemtillatelsen til Solveig Gas Norway AS med virkning fra 31.10.2012.",31.10.2012,Endring i tillatelse,STATPIPE,08.05.2013,123940,08.05.2013
STATPIPE,6633,"Pantobligasjon pålydende NOK 30 000 000 000, skriver norske kroner trettimilliarder datert 31.1.2012 (dok. nr. 6149) hvor Solveig Gas Norway AS pantsetter sin 23,480 % deltakerandel i transportsystemtillatelsen til fordel for The Law Debenture Trust Corporation P.L.C. er slettet. Samtykke fra panthaver foreligger.",31.10.2012,Sletting av heftelse,STATPIPE,,123940,08.05.2013
STATPIPE,6653,"Solveig Gas Norway AS pantsetter sin 24.756 % deltakerandel i transportsystemtillatelsen til fordel for The Law Debenture Trust Corporation P.L.C. Første prioritet panteobligasjon pålydende NOK 30 000 000 000, skriver norske kroner trettimilliarder. Pantsetter har ikke rett til å overdra eller foreta ytterligere pantsettelser av pantsatte objekt uten skriftlig samtykke fra panthaver. Olje- og energidepartementet har i brev av 20.12.2011 og 17.10.2012 gitt samtykke i medhold av petroleumsloven § 6-2 første ledd.",31.10.2012,Heftelse,STATPIPE,,123940,08.05.2013
STATPIPE,940,Transportsystemtillatelse 5 overført til nytt Petroleumsregister med endringer iht. OEDs oversikt.,06.08.1997,Ny tillatelse,STATPIPE,,123940,08.05.2013
TAMPEN LINK,5080,Tillatelsen innført i Petroleumsregisteret.,22.01.2010,Ny tillatelse,TAMPEN LINK,,3113815,08.05.2013
TAMPEN LINK,5081,Tampen Link er inkludert i Gassled fra 30.8.2007 i henhold til overføringsavtale mellom Gassled og den norske stat samme dag.,22.01.2010,Endring i tillatelse,TAMPEN LINK,,3113815,08.05.2013
TAMPEN LINK,5115,"Norske Shell Pipelines AS overdrar sin 3,974 % deltakerandel til A/S Norske Shell med virkning fra 1.1.2010.",01.02.2010,Endring i tillatelse,TAMPEN LINK,,3113815,08.05.2013
TAMPEN LINK,5148,"Mobil Development Norway AS overdrar sin 4,142 % deltakerandel i tillatelsen til ExxonMobil Exploration and Production Norway AS med virkning fra 1. januar 2009.",17.02.2010,Endring i tillatelse,TAMPEN LINK,,3113815,08.05.2013
TAMPEN LINK,5407,Ref. godkjennelse i brev fra Olje- og energidepartemente datert 27.5.2010 ifm. overdragelse av Gjøa Gas Pipeline til Gassled samt endring av eierandeler i Gassled med virkning fra 1.6.2010.,18.06.2010,Endring i tillatelse,TAMPEN LINK,,3113815,08.05.2013
TAMPEN LINK,5588,"Deltakerandel i Gassled er justert med virkning fra og med 1.1.2011, i henhold til godkjennelse i brev fra Olje- og energidepartementet datert 14.12.2010.",04.01.2011,Endring i tillatelse,TAMPEN LINK,,3113815,08.05.2013
TAMPEN LINK,5809,"ExxonMobil Exploration and Production Norway AS overdrar sin 8,036 % deltakerandel i transportsystemtillatelsen til Njord Gas Infrastructure AS med virkning fra 1.1.2011.",16.06.2011,Endring i tillatelse,TAMPEN LINK,,3113815,08.05.2013
TAMPEN LINK,5829,"Njord Gas Infrastructure AS pantsetter sin 8,036 % deltakerandel i transportsystemstillatelsen til fordel for Norsk Tillitsmann ASA. Første prioritet panteobligasjon pålydende NOK 10 000 000 000, skriver norske kroner timilliarder, EUR 1 500 000 000, skriver Euro enmilliardfemhundremillioner, GBP 1 000 000 000, skriver britiske pund enmilliard, USD 2 000 000 000, skriver  amerikanske dollar tomilliarder. . Pantsetter har ikke rett til å overdra eller foreta ytterligere pantsettelser av pantsatte objekt uten skriftlig samtykke fra panthaver. Olje- og energidepartementet har i brev av 1.2.2011 gitt samtykke i medhold av petroleumsloven § 6-2 første ledd.  ",16.06.2011,Heftelse,TAMPEN LINK,,3113815,08.05.2013
TAMPEN LINK,6061,"A/S Norske Shell overdrar sin 5,006 % deltakerandel i transportsystemtillatelsen til Infragas Norge AS med virkning fra 1.1.2011.",28.12.2011,Endring i tillatelse,TAMPEN LINK,,3113815,08.05.2013
TAMPEN LINK,6106,"Total E&P Norge AS overdrar sin 6,102 % deltakerandel i transportsystemtillatelsen til Silex Gas Norway AS med virkning fra 24.1.2012.",24.01.2012,Endring i tillatelse,TAMPEN LINK,,3113815,08.05.2013
TAMPEN LINK,6130,"Statoil Petroleum AS overdrar en 23,480 % deltakerandel i transportsystemtillatelsen til Solveig Gas Norway AS med virkning fra 31.1.2012.",31.01.2012,Endring i tillatelse,TAMPEN LINK,,3113815,08.05.2013
TAMPEN LINK,6150,"Solveig Gas Norway AS pantsetter sin 23,480 % deltakerandel i transportsystemstillatelsen til fordel for The Law Debenture Trust Corporation P.L.C. Første prioritet panteobligasjon pålydende NOK 30 000 000 000, skriver norske kroner trettimilliarder. Pantsetter har ikke rett til å overdra eller foreta ytterligere pantsettelser av pantsatte objekt uten skriftlig samtykke fra panthaver. Olje- og energidepartementet har i brev av 20.12.2011 gitt samtykke i medhold av petroleumsloven § 6-2 første ledd.  ",31.01.2012,Heftelse,TAMPEN LINK,,3113815,08.05.2013
TAMPEN LINK,6614,"Eni Norge AS overdrar sin 1,2760 % deltakerandel i transportsystemtillatelsen til Solveig Gas Norway AS med virkning fra 31.10.2012.",31.10.2012,Endring i tillatelse,TAMPEN LINK,08.05.2013,3113815,08.05.2013
TAMPEN LINK,6634,"Pantobligasjon pålydende NOK 30 000 000 000, skriver norske kroner trettimilliarder datert 31.1.2012 (dok. nr. 6150) hvor Solveig Gas Norway AS pantsetter sin 23,480 % deltakerandel i transportsystemtillatelsen til fordel for The Law Debenture Trust Corporation P.L.C. er slettet. Samtykke fra panthaver foreligger.",31.10.2012,Sletting av heftelse,TAMPEN LINK,,3113815,08.05.2013
TAMPEN LINK,6654,"Solveig Gas Norway AS pantsetter sin 24.756 % deltakerandel i transportsystemtillatelsen til fordel for The Law Debenture Trust Corporation P.L.C. Første prioritet panteobligasjon pålydende NOK 30 000 000 000, skriver norske kroner trettimilliarder. Pantsetter har ikke rett til å overdra eller foreta ytterligere pantsettelser av pantsatte objekt uten skriftlig samtykke fra panthaver. Olje- og energidepartementet har i brev av 20.12.2011 og 17.10.2012 gitt samtykke i medhold av petroleumsloven § 6-2 første ledd.",31.10.2012,Heftelse,TAMPEN LINK,,3113815,08.05.2013
ULA,941,Transportsystemtillatelse 6 overført til nytt Petroleumsregister med endringer iht. OEDs oversikt.,06.08.1997,Ny tillatelse,ULA OLJETRANSPORT,,124285,08.05.2013
VESTERLED,2186,Tillatelsen er registrert i petroleumsregisteret.,04.11.2003,Ny tillatelse,VESTERLED,,124280,08.05.2013
VESTERLED,5100,Deltakerandeler oppdatert i henhold til Gassled participants agreement pr.1.1.2009.,25.01.2010,Endring i tillatelse,VESTERLED,,124280,08.05.2013
VESTERLED,5116,"Norske Shell Pipelines AS overdrar sin 3,974 % deltakerandel til A/S Norske Shell med virkning fra 1.1.2010.",01.02.2010,Endring i tillatelse,VESTERLED,,124280,08.05.2013
VESTERLED,5149,"Mobil Development Norway AS overdrar sin 4,142 % deltakerandel i tillatelsen til ExxonMobil Exploration and Production Norway AS med virkning fra 1. januar 2009.",17.02.2010,Endring i tillatelse,VESTERLED,,124280,08.05.2013
VESTERLED,5408,Ref. godkjennelse i brev fra Olje- og energidepartemente datert 27.5.2010 ifm. overdragelse av Gjøa Gas Pipeline til Gassled samt endring av eierandeler i Gassled med virkning fra 1.6.2010.,18.06.2010,Endring i tillatelse,VESTERLED,,124280,08.05.2013
VESTERLED,5589,"Deltakerandel i Gassled er justert med virkning fra og med 1.1.2011, i henhold til godkjennelse i brev fra Olje- og energidepartementet datert 14.12.2010.",04.01.2011,Endring i tillatelse,VESTERLED,,124280,08.05.2013
VESTERLED,5810,"ExxonMobil Exploration and Production Norway AS overdrar sin 8,036 % deltakerandel i transportsystemtillatelsen til Njord Gas Infrastructure AS med virkning fra 1.1.2011.",16.06.2011,Endring i tillatelse,VESTERLED,,124280,08.05.2013
VESTERLED,5830,"Njord Gas Infrastructure AS pantsetter sin 8,036 % deltakerandel i transportsystemstillatelsen til fordel for Norsk Tillitsmann ASA. Første prioritet panteobligasjon pålydende NOK 10 000 000 000, skriver norske kroner timilliarder, EUR 1 500 000 000, skriver Euro enmilliardfemhundremillioner, GBP 1 000 000 000, skriver britiske pund enmilliard, USD 2 000 000 000, skriver  amerikanske dollar tomilliarder. . Pantsetter har ikke rett til å overdra eller foreta ytterligere pantsettelser av pantsatte objekt uten skriftlig samtykke fra panthaver. Olje- og energidepartementet har i brev av 1.2.2011 gitt samtykke i medhold av petroleumsloven § 6-2 første ledd.  ",16.06.2011,Heftelse,VESTERLED,,124280,08.05.2013
VESTERLED,6062,"A/S Norske Shell overdrar sin 5,006 % deltakerandel i transportsystemtillatelsen til Infragas Norge AS med virkning fra 1.1.2011.",28.12.2011,Endring i tillatelse,VESTERLED,,124280,08.05.2013
VESTERLED,6107,"Total E&P Norge AS overdrar sin 6,102 % deltakerandel i transportsystemtillatelsen til Silex Gas Norway AS med virkning fra 24.1.2012.",24.01.2012,Endring i tillatelse,VESTERLED,,124280,08.05.2013
VESTERLED,6131,"Statoil Petroleum AS overdrar en 23,480 % deltakerandel i transportsystemtillatelsen til Solveig Gas Norway AS med virkning fra 31.1.2012.",31.01.2012,Endring i tillatelse,VESTERLED,,124280,08.05.2013
VESTERLED,6151,"Solveig Gas Norway AS pantsetter sin 23,480 % deltakerandel i transportsystemstillatelsen til fordel for The Law Debenture Trust Corporation P.L.C. Første prioritet panteobligasjon pålydende NOK 30 000 000 000, skriver norske kroner trettimilliarder. Pantsetter har ikke rett til å overdra eller foreta ytterligere pantsettelser av pantsatte objekt uten skriftlig samtykke fra panthaver. Olje- og energidepartementet har i brev av 20.12.2011 gitt samtykke i medhold av petroleumsloven § 6-2 første ledd.  ",31.01.2012,Heftelse,VESTERLED,,124280,08.05.2013
VESTERLED,6615,"Eni Norge AS overdrar sin 1,2760 % deltakerandel i transportsystemtillatelsen til Solveig Gas Norway AS med virkning fra 31.10.2012.",31.10.2012,Endring i tillatelse,VESTERLED,08.05.2013,124280,08.05.2013
VESTERLED,6635,"Pantobligasjon pålydende NOK 30 000 000 000, skriver norske kroner trettimilliarder datert 31.1.2012 (dok. nr. 6151) hvor Solveig Gas Norway AS pantsetter sin 23,480 % deltakerandel i transportsystemtillatelsen til fordel for The Law Debenture Trust Corporation P.L.C. er slettet. Samtykke fra panthaver foreligger. ",31.10.2012,Sletting av heftelse,VESTERLED,,124280,08.05.2013
VESTERLED,6655,"Solveig Gas Norway AS pantsetter sin 24.756 % deltakerandel i transportsystemtillatelsen til fordel for The Law Debenture Trust Corporation P.L.C. Første prioritet panteobligasjon pålydende NOK 30 000 000 000, skriver norske kroner trettimilliarder. Pantsetter har ikke rett til å overdra eller foreta ytterligere pantsettelser av pantsatte objekt uten skriftlig samtykke fra panthaver. Olje- og energidepartementet har i brev av 20.12.2011 og 17.10.2012 gitt samtykke i medhold av petroleumsloven § 6-2 første ledd.",31.10.2012,Heftelse,VESTERLED,,124280,08.05.2013
ZEEPIPE,1812,A/S Norske Shell har overdratt sin 7 % andel i tillatelsen til Norske Shell Pipelines AS.,28.05.2002,Endring i tillatelse,ZEEPIPE,,124227,08.05.2013
ZEEPIPE,1871,SDØE overført til Petoro AS.,09.10.2002,Endring i tillatelse,ZEEPIPE,,124227,08.05.2013
ZEEPIPE,2207,Tillatelsen er overdratt til interessentene i Gassled med virkning fra 01.01.2003.,15.12.2003,Andre meldinger,ZEEPIPE,,124227,08.05.2013
ZEEPIPE,2208,Gassco har overtatt operatøransvaret.,15.12.2003,Andre meldinger,ZEEPIPE,,124227,08.05.2013
ZEEPIPE,2217,Tillatelsen er forlenget til 31.12.2028.,16.12.2003,Endring i tillatelse,ZEEPIPE,,124227,08.05.2013
ZEEPIPE,5094,Deltakerandeler oppdatert i henhold til Gassled participants agreement pr.1.1.2009.,25.01.2010,Endring i tillatelse,ZEEPIPE,,124227,08.05.2013
ZEEPIPE,5117,"Norske Shell Pipelines AS overdrar sin 3,974 % deltakerandel til A/S Norske Shell med virkning fra 1.1.2010.",01.02.2010,Endring i tillatelse,ZEEPIPE,,124227,08.05.2013
ZEEPIPE,5150,"Mobil Development Norway AS overdrar sin 4,142 % deltakerandel i tillatelsen til ExxonMobil Exploration and Production Norway AS med virkning fra 1. januar 2009.",17.02.2010,Endring i tillatelse,ZEEPIPE,,124227,08.05.2013
ZEEPIPE,5409,Ref. godkjennelse i brev fra Olje- og energidepartemente datert 27.5.2010 ifm. overdragelse av Gjøa Gas Pipeline til Gassled samt endring av eierandeler i Gassled med virkning fra 1.6.2010.,18.06.2010,Endring i tillatelse,ZEEPIPE,,124227,08.05.2013
ZEEPIPE,5590,"Deltakerandel i Gassled er justert med virkning fra og med 1.1.2011, i henhold til godkjennelse i brev fra Olje- og energidepartementet datert 14.12.2010.",04.01.2011,Endring i tillatelse,ZEEPIPE,,124227,08.05.2013
ZEEPIPE,5811,"ExxonMobil Exploration and Production Norway AS overdrar sin 8,036 % deltakerandel i transportsystemtillatelsen til Njord Gas Infrastructure AS med virkning fra 1.1.2011.",16.06.2011,Endring i tillatelse,ZEEPIPE,,124227,08.05.2013
ZEEPIPE,5831,"Njord Gas Infrastructure AS pantsetter sin 8,036 % deltakerandel i transportsystemstillatelsen til fordel for Norsk Tillitsmann ASA. Første prioritet panteobligasjon pålydende NOK 10 000 000 000, skriver norske kroner timilliarder, EUR 1 500 000 000, skriver Euro enmilliardfemhundremillioner, GBP 1 000 000 000, skriver britiske pund enmilliard, USD 2 000 000 000, skriver  amerikanske dollar tomilliarder. . Pantsetter har ikke rett til å overdra eller foreta ytterligere pantsettelser av pantsatte objekt uten skriftlig samtykke fra panthaver. Olje- og energidepartementet har i brev av 1.2.2011 gitt samtykke i medhold av petroleumsloven § 6-2 første ledd.  ",16.06.2011,Heftelse,ZEEPIPE,,124227,08.05.2013
ZEEPIPE,6063,"A/S Norske Shell overdrar sin 5,006 % deltakerandel i transportsystemtillatelsen til Infragas Norge AS med virkning fra 1.1.2011.",28.12.2011,Endring i tillatelse,ZEEPIPE,,124227,08.05.2013
ZEEPIPE,6108,"Total E&P Norge AS overdrar sin 6,102 % deltakerandel i transportsystemtillatelsen til Silex Gas Norway AS med virkning fra 24.1.2012.",24.01.2012,Endring i tillatelse,ZEEPIPE,,124227,08.05.2013
ZEEPIPE,6132,"Statoil Petroleum AS overdrar en 23,480 % deltakerandel i transportsystemtillatelsen til Solveig Gas Norway AS med virkning fra 31.1.2012.",31.01.2012,Endring i tillatelse,ZEEPIPE,,124227,08.05.2013
ZEEPIPE,6152,"Solveig Gas Norway AS pantsetter sin 23,480 % deltakerandel i transportsystemstillatelsen til fordel for The Law Debenture Trust Corporation P.L.C. Første prioritet panteobligasjon pålydende NOK 30 000 000 000, skriver norske kroner trettimilliarder. Pantsetter har ikke rett til å overdra eller foreta ytterligere pantsettelser av pantsatte objekt uten skriftlig samtykke fra panthaver. Olje- og energidepartementet har i brev av 20.12.2011 gitt samtykke i medhold av petroleumsloven § 6-2 første ledd.  ",31.01.2012,Heftelse,ZEEPIPE,,124227,08.05.2013
ZEEPIPE,6616,"Eni Norge AS overdrar sin 1,2760 % deltakerandel i transportsystemtillatelsen til Solveig Gas Norway AS med virkning fra 31.10.2012.",31.10.2012,Endring i tillatelse,ZEEPIPE,08.05.2013,124227,08.05.2013
ZEEPIPE,6636,"Pantobligasjon pålydende NOK 30 000 000 000, skriver norske kroner trettimilliarder datert 31.1.2012 (dok. nr. 6152) hvor Solveig Gas Norway AS pantsetter sin 23,480 % deltakerandel i transportsystemtillatelsen til fordel for The Law Debenture Trust Corporation P.L.C. er slettet. Samtykke fra panthaver foreligger. ",31.10.2012,Sletting av heftelse,ZEEPIPE,,124227,08.05.2013
ZEEPIPE,6656,"Solveig Gas Norway AS pantsetter sin 24.756 % deltakerandel i transportsystemtillatelsen til fordel for The Law Debenture Trust Corporation P.L.C. Første prioritet panteobligasjon pålydende NOK 30 000 000 000, skriver norske kroner trettimilliarder. Pantsetter har ikke rett til å overdra eller foreta ytterligere pantsettelser av pantsatte objekt uten skriftlig samtykke fra panthaver. Olje- og energidepartementet har i brev av 20.12.2011 og 17.10.2012 gitt samtykke i medhold av petroleumsloven § 6-2 første ledd.",31.10.2012,Heftelse,ZEEPIPE,,124227,08.05.2013
ZEEPIPE,943,Transportsystemtillatelse 8 overført til nytt Petroleumsregister med endringer iht. OEDs oversikt.,06.08.1997,Ny tillatelse,ZEEPIPE,,124227,08.05.2013
ZEEPIPE FASE II-A,2181,Tillatelsen er registrert i petroleumsregisteret.,03.11.2003,Ny tillatelse,ZEEPIPE IIA,,124244,08.05.2013
ZEEPIPE FASE II-A,5095,Deltakerandeler oppdatert i henhold til Gassled participants agreement pr.1.1.2009.,25.01.2010,Endring i tillatelse,ZEEPIPE IIA,,124244,08.05.2013
ZEEPIPE FASE II-A,5124,"Norske Shell Pipelines AS overdrar sin 3,974 % deltakerandel til A/S Norske Shell med virkning fra 1.1.2010.",01.02.2010,Endring i tillatelse,ZEEPIPE IIA,,124244,08.05.2013
ZEEPIPE FASE II-A,5151,"Mobil Development Norway AS overdrar sin 4,142 % deltakerandel i tillatelsen til ExxonMobil Exploration and Production Norway AS med virkning fra 1. januar 2009.",17.02.2010,Endring i tillatelse,ZEEPIPE IIA,,124244,08.05.2013
ZEEPIPE FASE II-A,5410,Ref. godkjennelse i brev fra Olje- og energidepartemente datert 27.5.2010 ifm. overdragelse av Gjøa Gas Pipeline til Gassled samt endring av eierandeler i Gassled med virkning fra 1.6.2010.,18.06.2010,Endring i tillatelse,ZEEPIPE IIA,,124244,08.05.2013
ZEEPIPE FASE II-A,5591,"Deltakerandel i Gassled er justert med virkning fra og med 1.1.2011, i henhold til godkjennelse i brev fra Olje- og energidepartementet datert 14.12.2010.",04.01.2011,Endring i tillatelse,ZEEPIPE IIA,,124244,08.05.2013
ZEEPIPE FASE II-A,5812,"ExxonMobil Exploration and Production Norway AS overdrar sin 8,036 % deltakerandel i transportsystemtillatelsen til Njord Gas Infrastructure AS med virkning fra 1.1.2011.",16.06.2011,Endring i tillatelse,ZEEPIPE IIA,,124244,08.05.2013
ZEEPIPE FASE II-A,5832,"Njord Gas Infrastructure AS pantsetter sin 8,036 % deltakerandel i transportsystemstillatelsen til fordel for Norsk Tillitsmann ASA. Første prioritet panteobligasjon pålydende NOK 10 000 000 000, skriver norske kroner timilliarder, EUR 1 500 000 000, skriver Euro enmilliardfemhundremillioner, GBP 1 000 000 000, skriver britiske pund enmilliard, USD 2 000 000 000, skriver  amerikanske dollar tomilliarder. . Pantsetter har ikke rett til å overdra eller foreta ytterligere pantsettelser av pantsatte objekt uten skriftlig samtykke fra panthaver. Olje- og energidepartementet har i brev av 1.2.2011 gitt samtykke i medhold av petroleumsloven § 6-2 første ledd.  ",16.06.2011,Heftelse,ZEEPIPE IIA,,124244,08.05.2013
ZEEPIPE FASE II-A,6064,"A/S Norske Shell overdrar sin 5,006 % deltakerandel i transportsystemtillatelsen til Infragas Norge AS med virkning fra 1.1.2011.",28.12.2011,Endring i tillatelse,ZEEPIPE IIA,,124244,08.05.2013
ZEEPIPE FASE II-A,6109,"Total E&P Norge AS overdrar sin 6,102 % deltakerandel i transportsystemtillatelsen til Silex Gas Norway AS med virkning fra 24.1.2012.",24.01.2012,Endring i tillatelse,ZEEPIPE IIA,,124244,08.05.2013
ZEEPIPE FASE II-A,6133,"Statoil Petroleum AS overdrar en 23,480 % deltakerandel i transportsystemtillatelsen til Solveig Gas Norway AS med virkning fra 31.1.2012.",31.01.2012,Endring i tillatelse,ZEEPIPE IIA,,124244,08.05.2013
ZEEPIPE FASE II-A,6153,"Solveig Gas Norway AS pantsetter sin 23,480 % deltakerandel i transportsystemstillatelsen til fordel for The Law Debenture Trust Corporation P.L.C. Første prioritet panteobligasjon pålydende NOK 30 000 000 000, skriver norske kroner trettimilliarder. Pantsetter har ikke rett til å overdra eller foreta ytterligere pantsettelser av pantsatte objekt uten skriftlig samtykke fra panthaver. Olje- og energidepartementet har i brev av 20.12.2011 gitt samtykke i medhold av petroleumsloven § 6-2 første ledd.  ",31.01.2012,Heftelse,ZEEPIPE IIA,,124244,08.05.2013
ZEEPIPE FASE II-A,6617,"Eni Norge AS overdrar sin 1,2760 % deltakerandel i transportsystemtillatelsen til Solveig Gas Norway AS med virkning fra 31.10.2012.",31.10.2012,Endring i tillatelse,ZEEPIPE IIA,08.05.2013,124244,08.05.2013
ZEEPIPE FASE II-A,6637,"Pantobligasjon pålydende NOK 30 000 000 000, skriver norske kroner trettimilliarder datert 31.1.2012 (dok. nr. 6153) hvor Solveig Gas Norway AS pantsetter sin 23,480 % deltakerandel i transportsystemtillatelsen til fordel for The Law Debenture Trust Corporation P.L.C. er slettet. Samtykke fra panthaver foreligger. ",31.10.2012,Sletting av heftelse,ZEEPIPE IIA,,124244,08.05.2013
ZEEPIPE FASE II-A,6657,"Solveig Gas Norway AS pantsetter sin 24.756 % deltakerandel i transportsystemtillatelsen til fordel for The Law Debenture Trust Corporation P.L.C. Første prioritet panteobligasjon pålydende NOK 30 000 000 000, skriver norske kroner trettimilliarder. Pantsetter har ikke rett til å overdra eller foreta ytterligere pantsettelser av pantsatte objekt uten skriftlig samtykke fra panthaver. Olje- og energidepartementet har i brev av 20.12.2011 og 17.10.2012 gitt samtykke i medhold av petroleumsloven § 6-2 første ledd.",31.10.2012,Heftelse,ZEEPIPE IIA,,124244,08.05.2013
ZEEPIPE FASE II-B,2182,Tillatelsen er registrert i petroleumsregisteret.,03.11.2003,Ny tillatelse,ZEEPIPE IIB,,124253,08.05.2013
ZEEPIPE FASE II-B,5096,Deltakerandeler oppdatert i henhold til Gassled participants agreement pr.1.1.2009.,25.01.2010,Endring i tillatelse,ZEEPIPE IIB,,124253,08.05.2013
ZEEPIPE FASE II-B,5125,"Norske Shell Pipelines AS overdrar sin 3,974 % deltakerandel til A/S Norske Shell med virkning fra 1.1.2010.",01.02.2010,Endring i tillatelse,ZEEPIPE IIB,,124253,08.05.2013
ZEEPIPE FASE II-B,5152,"Mobil Development Norway AS overdrar sin 4,142 % deltakerandel i tillatelsen til ExxonMobil Exploration and Production Norway AS med virkning fra 1. januar 2009.",17.02.2010,Endring i tillatelse,ZEEPIPE IIB,,124253,08.05.2013
ZEEPIPE FASE II-B,5411,Ref. godkjennelse i brev fra Olje- og energidepartemente datert 27.5.2010 ifm. overdragelse av Gjøa Gas Pipeline til Gassled samt endring av eierandeler i Gassled med virkning fra 1.6.2010.,18.06.2010,Endring i tillatelse,ZEEPIPE IIB,,124253,08.05.2013
ZEEPIPE FASE II-B,5592,"Deltakerandel i Gassled er justert med virkning fra og med 1.1.2011, i henhold til godkjennelse i brev fra Olje- og energidepartementet datert 14.12.2010.",04.01.2011,Endring i tillatelse,ZEEPIPE IIB,,124253,08.05.2013
ZEEPIPE FASE II-B,5813,"ExxonMobil Exploration and Production Norway AS overdrar sin 8,036 % deltakerandel i transportsystemtillatelsen til Njord Gas Infrastructure AS med virkning fra 1.1.2011.",16.06.2011,Endring i tillatelse,ZEEPIPE IIB,,124253,08.05.2013
ZEEPIPE FASE II-B,5833,"Njord Gas Infrastructure AS pantsetter sin 8,036 % deltakerandel i transportsystemstillatelsen til fordel for Norsk Tillitsmann ASA. Første prioritet panteobligasjon pålydende NOK 10 000 000 000, skriver norske kroner timilliarder, EUR 1 500 000 000, skriver Euro enmilliardfemhundremillioner, GBP 1 000 000 000, skriver britiske pund enmilliard, USD 2 000 000 000, skriver  amerikanske dollar tomilliarder. . Pantsetter har ikke rett til å overdra eller foreta ytterligere pantsettelser av pantsatte objekt uten skriftlig samtykke fra panthaver. Olje- og energidepartementet har i brev av 1.2.2011 gitt samtykke i medhold av petroleumsloven § 6-2 første ledd.  ",16.06.2011,Heftelse,ZEEPIPE IIB,,124253,08.05.2013
ZEEPIPE FASE II-B,6065,"A/S Norske Shell overdrar sin 5,006 % deltakerandel i transportsystemtillatelsen til Infragas Norge AS med virkning fra 1.1.2011.",28.12.2011,Endring i tillatelse,ZEEPIPE IIB,,124253,08.05.2013
ZEEPIPE FASE II-B,6110,"Total E&P Norge AS overdrar sin 6,102 % deltakerandel i transportsystemtillatelsen til Silex Gas Norway AS med virkning fra 24.1.2012.",24.01.2012,Endring i tillatelse,ZEEPIPE IIB,,124253,08.05.2013
ZEEPIPE FASE II-B,6134,"Statoil Petroleum AS overdrar en 23,480 % deltakerandel i transportsystemtillatelsen til Solveig Gas Norway AS med virkning fra 31.1.2012.",31.01.2012,Endring i tillatelse,ZEEPIPE IIB,,124253,08.05.2013
ZEEPIPE FASE II-B,6154,"Solveig Gas Norway AS pantsetter sin 23,480 % deltakerandel i transportsystemstillatelsen til fordel for The Law Debenture Trust Corporation P.L.C. Første prioritet panteobligasjon pålydende NOK 30 000 000 000, skriver norske kroner trettimilliarder. Pantsetter har ikke rett til å overdra eller foreta ytterligere pantsettelser av pantsatte objekt uten skriftlig samtykke fra panthaver. Olje- og energidepartementet har i brev av 20.12.2011 gitt samtykke i medhold av petroleumsloven § 6-2 første ledd.  ",31.01.2012,Heftelse,ZEEPIPE IIB,,124253,08.05.2013
ZEEPIPE FASE II-B,6618,"Eni Norge AS overdrar sin 1,2760 % deltakerandel i transportsystemtillatelsen til Solveig Gas Norway AS med virkning fra 31.10.2012.",31.10.2012,Endring i tillatelse,ZEEPIPE IIB,08.05.2013,124253,08.05.2013
ZEEPIPE FASE II-B,6638,"Pantobligasjon pålydende NOK 30 000 000 000, skriver norske kroner trettimilliarder datert 31.1.2012 (dok. nr. 6154) hvor Solveig Gas Norway AS pantsetter sin 23,480 % deltakerandel i transportsystemtillatelsen til fordel for The Law Debenture Trust Corporation P.L.C. er slettet. Samtykke fra panthaver foreligger.",31.10.2012,Sletting av heftelse,ZEEPIPE IIB,,124253,08.05.2013
ZEEPIPE FASE II-B,6658,"Solveig Gas Norway AS pantsetter sin 24.756 % deltakerandel i transportsystemtillatelsen til fordel for The Law Debenture Trust Corporation P.L.C. Første prioritet panteobligasjon pålydende NOK 30 000 000 000, skriver norske kroner trettimilliarder. Pantsetter har ikke rett til å overdra eller foreta ytterligere pantsettelser av pantsatte objekt uten skriftlig samtykke fra panthaver. Olje- og energidepartementet har i brev av 20.12.2011 og 17.10.2012 gitt samtykke i medhold av petroleumsloven § 6-2 første ledd.",31.10.2012,Heftelse,ZEEPIPE IIB,,124253,08.05.2013
ÅSGARD TRANSPORT,2183,Tillatelsen er registrert i petroleumsregisteret.,03.11.2003,Ny tillatelse,ÅSGARD TRANSPORT,,124211,08.05.2013
ÅSGARD TRANSPORT,5101,Deltakerandeler oppdatert i henhold til Gassled participants agreement pr.1.1.2009.,25.01.2010,Endring i tillatelse,ÅSGARD TRANSPORT,,124211,08.05.2013
ÅSGARD TRANSPORT,5118,"Norske Shell Pipelines AS overdrar sin 3,974 % deltakerandel til A/S Norske Shell med virkning fra 1.1.2010.",01.02.2010,Endring i tillatelse,ÅSGARD TRANSPORT,,124211,08.05.2013
ÅSGARD TRANSPORT,5153,"Mobil Development Norway AS overdrar sin 4,142 % deltakerandel i tillatelsen til ExxonMobil Exploration and Production Norway AS med virkning fra 1. januar 2009.",17.02.2010,Endring i tillatelse,ÅSGARD TRANSPORT,,124211,08.05.2013
ÅSGARD TRANSPORT,5413,Ref. godkjennelse i brev fra Olje- og energidepartemente datert 27.5.2010 ifm. overdragelse av Gjøa Gas Pipeline til Gassled samt endring av eierandeler i Gassled med virkning fra 1.6.2010.,18.06.2010,Endring i tillatelse,ÅSGARD TRANSPORT,,124211,08.05.2013
ÅSGARD TRANSPORT,5593,"Deltakerandel i Gassled er justert med virkning fra og med 1.1.2011, i henhold til godkjennelse i brev fra Olje- og energidepartementet datert 14.12.2010.",04.01.2011,Endring i tillatelse,ÅSGARD TRANSPORT,,124211,08.05.2013
ÅSGARD TRANSPORT,5815,"ExxonMobil Exploration and Production Norway AS overdrar sin 8,036 % deltakerandel i transportsystemtillatelsen til Njord Gas Infrastructure AS med virkning fra 1.1.2011.",16.06.2011,Endring i tillatelse,ÅSGARD TRANSPORT,,124211,08.05.2013
ÅSGARD TRANSPORT,5835,"Njord Gas Infrastructure AS pantsetter sin 8,036 % deltakerandel i transportsystemstillatelsen til fordel for Norsk Tillitsmann ASA. Første prioritet panteobligasjon pålydende NOK 10 000 000 000, skriver norske kroner timilliarder, EUR 1 500 000 000, skriver Euro enmilliardfemhundremillioner, GBP 1 000 000 000, skriver britiske pund enmilliard, USD 2 000 000 000, skriver  amerikanske dollar tomilliarder. . Pantsetter har ikke rett til å overdra eller foreta ytterligere pantsettelser av pantsatte objekt uten skriftlig samtykke fra panthaver. Olje- og energidepartementet har i brev av 1.2.2011 gitt samtykke i medhold av petroleumsloven § 6-2 første ledd.  ",16.06.2011,Heftelse,ÅSGARD TRANSPORT,,124211,08.05.2013
ÅSGARD TRANSPORT,6067,"A/S Norske Shell overdrar sin 5,006 % deltakerandel i transportsystemtillatelsen til Infragas Norge AS med virkning fra 1.1.2011.",28.12.2011,Endring i tillatelse,ÅSGARD TRANSPORT,,124211,08.05.2013
ÅSGARD TRANSPORT,6112,"Total E&P Norge AS overdrar sin 6,102 % deltakerandel i transportsystemtillatelsen til Silex Gas Norway AS med virkning fra 24.1.2012.",24.01.2012,Endring i tillatelse,ÅSGARD TRANSPORT,,124211,08.05.2013
ÅSGARD TRANSPORT,6136,"Statoil Petroleum AS overdrar en 23,480 % deltakerandel i transportsystemtillatelsen til Solveig Gas Norway AS med virkning fra 31.1.2012.",31.01.2012,Endring i tillatelse,ÅSGARD TRANSPORT,,124211,08.05.2013
ÅSGARD TRANSPORT,6156,"Solveig Gas Norway AS pantsetter sin 23,480 % deltakerandel i transportsystemstillatelsen til fordel for The Law Debenture Trust Corporation P.L.C. Første prioritet panteobligasjon pålydende NOK 30 000 000 000, skriver norske kroner trettimilliarder. Pantsetter har ikke rett til å overdra eller foreta ytterligere pantsettelser av pantsatte objekt uten skriftlig samtykke fra panthaver. Olje- og energidepartementet har i brev av 20.12.2011 gitt samtykke i medhold av petroleumsloven § 6-2 første ledd.  ",31.01.2012,Heftelse,ÅSGARD TRANSPORT,,124211,08.05.2013
ÅSGARD TRANSPORT,6620,"Eni Norge AS overdrar sin 1,2760 % deltakerandel i transportsystemtillatelsen til Solveig Gas Norway AS med virkning fra 31.10.2012.",31.10.2012,Endring i tillatelse,ÅSGARD TRANSPORT,08.05.2013,124211,08.05.2013
ÅSGARD TRANSPORT,6640,"Pantobligasjon pålydende NOK 30 000 000 000, skriver norske kroner trettimilliarder datert 31.1.2012 (dok. nr. 6156) hvor Solveig Gas Norway AS pantsetter sin 23,480 % deltakerandel i transportsystemtillatelsen til fordel for The Law Debenture Trust Corporation P.L.C. er slettet. Samtykke fra panthaver foreligger. ",31.10.2012,Sletting av heftelse,ÅSGARD TRANSPORT,,124211,08.05.2013
ÅSGARD TRANSPORT,6660,"Solveig Gas Norway AS pantsetter sin 24.756 % deltakerandel i transportsystemtillatelsen til fordel for The Law Debenture Trust Corporation P.L.C. Første prioritet panteobligasjon pålydende NOK 30 000 000 000, skriver norske kroner trettimilliarder. Pantsetter har ikke rett til å overdra eller foreta ytterligere pantsettelser av pantsatte objekt uten skriftlig samtykke fra panthaver. Olje- og energidepartementet har i brev av 20.12.2011 og 17.10.2012 gitt samtykke i medhold av petroleumsloven § 6-2 første ledd.",31.10.2012,Heftelse,ÅSGARD TRANSPORT,,124211,08.05.2013

