baaName,baaKind,baaDateApproved,baaDateValidFrom,baaDateValidTo,baaFactPageUrl,baaFactMapUrl,baaNpdidBsnsArrArea,baaDateUpdated,baaDateUpdatedMax,dateSyncNPD
BLANE UNIT,UNITIZED,2005-07-01,2005-07-01,9999-12-31,http://factpages.npd.no/FactPages/default.aspx?nav1=bsns_arr_area&nav2=PageView|All&nav3=3437667,http://www.npd.no/FactMapSearch?NPDID_business_area=3437667,3437667,9999-12-31,9999-12-31,2013-05-08
BRAGE UNIT,UNITIZED,1993-12-27,1993-12-27,9999-12-31,http://factpages.npd.no/FactPages/default.aspx?nav1=bsns_arr_area&nav2=PageView|All&nav3=40432,http://www.npd.no/FactMapSearch?NPDID_business_area=40432,40432,9999-12-31,2013-02-20,2013-05-08
ENOCH UNIT,UNITIZED,2005-07-01,2005-07-01,9999-12-31,http://factpages.npd.no/FactPages/default.aspx?nav1=bsns_arr_area&nav2=PageView|All&nav3=3437805,http://www.npd.no/FactMapSearch?NPDID_business_area=3437805,3437805,9999-12-31,2012-09-15,2013-05-08
FRIGG UNIT,UNITIZED,1977-12-12,1977-12-12,9999-12-31,http://factpages.npd.no/FactPages/default.aspx?nav1=bsns_arr_area&nav2=PageView|All&nav3=45634,http://www.npd.no/FactMapSearch?NPDID_business_area=45634,45634,9999-12-31,9999-12-31,2013-05-08
FRØY UNIT,UNITIZED,1992-08-19,1992-08-19,2002-12-31,http://factpages.npd.no/FactPages/default.aspx?nav1=bsns_arr_area&nav2=PageView|All&nav3=41175,NULL,41175,9999-12-31,9999-12-31,2013-05-08
GIMLE UNIT,UNITIZED,2006-10-16,2006-06-22,9999-12-31,http://factpages.npd.no/FactPages/default.aspx?nav1=bsns_arr_area&nav2=PageView|All&nav3=4007192,http://www.npd.no/FactMapSearch?NPDID_business_area=4007192,4007192,9999-12-31,9999-12-31,2013-05-08
GRANE SLIDING SCALE,SLIDING SCALE,1995-01-13,1995-01-01,2000-04-13,http://factpages.npd.no/FactPages/default.aspx?nav1=bsns_arr_area&nav2=PageView|All&nav3=40885,NULL,40885,9999-12-31,9999-12-31,2013-05-08
GRANE UNIT,UNITIZED,2000-04-13,2000-04-13,9999-12-31,http://factpages.npd.no/FactPages/default.aspx?nav1=bsns_arr_area&nav2=PageView|All&nav3=1031365,http://www.npd.no/FactMapSearch?NPDID_business_area=1031365,1031365,9999-12-31,9999-12-31,2013-05-08
HALTENBANKEN VEST UNIT,UNITIZED,2001-12-18,2001-12-18,9999-12-31,http://factpages.npd.no/FactPages/default.aspx?nav1=bsns_arr_area&nav2=PageView|All&nav3=1854695,http://www.npd.no/FactMapSearch?NPDID_business_area=1854695,1854695,9999-12-31,9999-12-31,2013-05-08
HEIDRUN UNIT,UNITIZED,1991-12-13,1991-11-27,9999-12-31,http://factpages.npd.no/FactPages/default.aspx?nav1=bsns_arr_area&nav2=PageView|All&nav3=40490,http://www.npd.no/FactMapSearch?NPDID_business_area=40490,40490,9999-12-31,9999-12-31,2013-05-08
HEIMDAL UNIT,PARCELL,1975-04-11,1975-05-02,2003-10-12,http://factpages.npd.no/FactPages/default.aspx?nav1=bsns_arr_area&nav2=PageView|All&nav3=41470,NULL,41470,9999-12-31,9999-12-31,2013-05-08
HULDRA UNIT,UNITIZED,1998-09-01,1997-12-05,9999-12-31,http://factpages.npd.no/FactPages/default.aspx?nav1=bsns_arr_area&nav2=PageView|All&nav3=41189,http://www.npd.no/FactMapSearch?NPDID_business_area=41189,41189,9999-12-31,9999-12-31,2013-05-08
JETTE UNIT,UNITIZED,2012-02-27,2012-01-05,9999-12-31,http://factpages.npd.no/FactPages/default.aspx?nav1=bsns_arr_area&nav2=PageView|All&nav3=21077388,http://www.npd.no/FactMapSearch?NPDID_business_area=21077388,21077388,9999-12-31,2012-11-13,2013-05-08
JOTUN UNIT,UNITIZED,1997-12-23,1998-01-01,9999-12-31,http://factpages.npd.no/FactPages/default.aspx?nav1=bsns_arr_area&nav2=PageView|All&nav3=40655,http://www.npd.no/FactMapSearch?NPDID_business_area=40655,40655,9999-12-31,9999-12-31,2013-05-08
MARTIN LINGE UNIT,UNITIZED,2005-12-19,2005-09-07,9999-12-31,http://factpages.npd.no/FactPages/default.aspx?nav1=bsns_arr_area&nav2=PageView|All&nav3=3812119,http://www.npd.no/FactMapSearch?NPDID_business_area=3812119,3812119,2012-06-15,2012-06-15,2013-05-08
MIKKEL UNIT,UNITIZED,2001-06-06,2001-06-06,9999-12-31,http://factpages.npd.no/FactPages/default.aspx?nav1=bsns_arr_area&nav2=PageView|All&nav3=1629477,http://www.npd.no/FactMapSearch?NPDID_business_area=1629477,1629477,9999-12-31,2012-12-01,2013-05-08
MURCHISON UNIT,UNITIZED,1980-12-09,1979-04-01,9999-12-31,http://factpages.npd.no/FactPages/default.aspx?nav1=bsns_arr_area&nav2=PageView|All&nav3=42302,http://www.npd.no/FactMapSearch?NPDID_business_area=42302,42302,9999-12-31,9999-12-31,2013-05-08
NJORD UNIT,UNITIZED,1995-03-27,1995-02-23,9999-12-31,http://factpages.npd.no/FactPages/default.aspx?nav1=bsns_arr_area&nav2=PageView|All&nav3=40585,http://www.npd.no/FactMapSearch?NPDID_business_area=40585,40585,9999-12-31,9999-12-31,2013-05-08
NORDØST FRIGG UNIT,UNITIZED,1980-11-25,1980-07-01,1995-12-31,http://factpages.npd.no/FactPages/default.aspx?nav1=bsns_arr_area&nav2=PageView|All&nav3=42225,NULL,42225,9999-12-31,9999-12-31,2013-05-08
NORNE INSIDE,SLIDING SCALE,1995-03-09,1995-03-09,9999-12-31,http://factpages.npd.no/FactPages/default.aspx?nav1=bsns_arr_area&nav2=PageView|All&nav3=40672,http://www.npd.no/FactMapSearch?NPDID_business_area=40672,40672,9999-12-31,9999-12-31,2013-05-08
ORMEN LANGE UNIT,UNITIZED,2004-04-02,2003-12-03,9999-12-31,http://factpages.npd.no/FactPages/default.aspx?nav1=bsns_arr_area&nav2=PageView|All&nav3=2588637,http://www.npd.no/FactMapSearch?NPDID_business_area=2588637,2588637,9999-12-31,9999-12-31,2013-05-08
OSEBERG AREA UNIT,UNITIZED,2004-09-14,2004-06-16,9999-12-31,http://factpages.npd.no/FactPages/default.aspx?nav1=bsns_arr_area&nav2=PageView|All&nav3=3500071,http://www.npd.no/FactMapSearch?NPDID_business_area=3500071,3500071,9999-12-31,2012-12-06,2013-05-08
OSEBERG SØR UNIT,UNITIZED,1997-06-30,1996-12-20,2004-06-16,http://factpages.npd.no/FactPages/default.aspx?nav1=bsns_arr_area&nav2=PageView|All&nav3=40638,NULL,40638,9999-12-31,9999-12-31,2013-05-08
OSEBERG UNIT,UNITIZED,1987-08-10,1985-03-28,2004-06-16,http://factpages.npd.no/FactPages/default.aspx?nav1=bsns_arr_area&nav2=PageView|All&nav3=41040,NULL,41040,9999-12-31,9999-12-31,2013-05-08
RINGHORNE ØST UNIT,UNITIZED,2005-11-25,2005-11-17,9999-12-31,http://factpages.npd.no/FactPages/default.aspx?nav1=bsns_arr_area&nav2=PageView|All&nav3=3505593,http://www.npd.no/FactMapSearch?NPDID_business_area=3505593,3505593,9999-12-31,9999-12-31,2013-05-08
SA-A,SEISMIC AREA,1997-05-30,1997-05-30,2002-04-30,http://factpages.npd.no/FactPages/default.aspx?nav1=bsns_arr_area&nav2=PageView|All&nav3=1630961,NULL,1630961,9999-12-31,9999-12-31,2013-05-08
SA-C,SEISMIC AREA,1997-05-30,1997-05-30,2010-05-30,http://factpages.npd.no/FactPages/default.aspx?nav1=bsns_arr_area&nav2=PageView|All&nav3=1631138,NULL,1631138,9999-12-31,9999-12-31,2013-05-08
SA-F,SEISMIC AREA,1997-05-30,1997-05-30,2008-09-10,http://factpages.npd.no/FactPages/default.aspx?nav1=bsns_arr_area&nav2=PageView|All&nav3=1631341,NULL,1631341,9999-12-31,9999-12-31,2013-05-08
SA-G,SEISMIC AREA,1997-05-30,1997-05-30,2007-05-15,http://factpages.npd.no/FactPages/default.aspx?nav1=bsns_arr_area&nav2=PageView|All&nav3=1631599,NULL,1631599,9999-12-31,9999-12-31,2013-05-08
SA-SB,SEISMIC AREA,2001-04-27,2001-04-27,2006-12-22,http://factpages.npd.no/FactPages/default.aspx?nav1=bsns_arr_area&nav2=PageView|All&nav3=1631767,NULL,1631767,9999-12-31,9999-12-31,2013-05-08
SKARV UNIT,UNITIZED,2007-12-20,2007-06-28,9999-12-31,http://factpages.npd.no/FactPages/default.aspx?nav1=bsns_arr_area&nav2=PageView|All&nav3=4468539,http://www.npd.no/FactMapSearch?NPDID_business_area=4468539,4468539,9999-12-31,9999-12-31,2013-05-08
SLEIPNER VEST UNIT,UNITIZED,1994-01-20,1994-07-01,9999-12-31,http://factpages.npd.no/FactPages/default.aspx?nav1=bsns_arr_area&nav2=PageView|All&nav3=40848,http://www.npd.no/FactMapSearch?NPDID_business_area=40848,40848,9999-12-31,9999-12-31,2013-05-08
SLEIPNER ØST UNIT,PARCELL,1992-12-23,1993-01-15,9999-12-31,http://factpages.npd.no/FactPages/default.aspx?nav1=bsns_arr_area&nav2=PageView|All&nav3=41211,http://www.npd.no/FactMapSearch?NPDID_business_area=41211,41211,9999-12-31,9999-12-31,2013-05-08
SNORRE UNIT,UNITIZED,1988-05-30,1988-05-11,9999-12-31,http://factpages.npd.no/FactPages/default.aspx?nav1=bsns_arr_area&nav2=PageView|All&nav3=40906,http://www.npd.no/FactMapSearch?NPDID_business_area=40906,40906,9999-12-31,2012-12-06,2013-05-08
SNØHVIT UNIT,UNITIZED,2000-07-21,2000-07-21,9999-12-31,http://factpages.npd.no/FactPages/default.aspx?nav1=bsns_arr_area&nav2=PageView|All&nav3=1333943,http://www.npd.no/FactMapSearch?NPDID_business_area=1333943,1333943,9999-12-31,9999-12-31,2013-05-08
STATFJORD UNIT,UNITIZED,1980-12-09,1979-06-01,9999-12-31,http://factpages.npd.no/FactPages/default.aspx?nav1=bsns_arr_area&nav2=PageView|All&nav3=41686,http://www.npd.no/FactMapSearch?NPDID_business_area=41686,41686,9999-12-31,9999-12-31,2013-05-08
STATFJORD ØST UNIT,UNITIZED,1991-11-19,1991-06-26,9999-12-31,http://factpages.npd.no/FactPages/default.aspx?nav1=bsns_arr_area&nav2=PageView|All&nav3=41233,http://www.npd.no/FactMapSearch?NPDID_business_area=41233,41233,9999-12-31,2012-12-06,2013-05-08
SYGNA UNIT,UNITIZED,1999-07-05,1998-12-16,9999-12-31,http://factpages.npd.no/FactPages/default.aspx?nav1=bsns_arr_area&nav2=PageView|All&nav3=96205,http://www.npd.no/FactMapSearch?NPDID_business_area=96205,96205,9999-12-31,2012-12-06,2013-05-08
TAMBAR ØST UNIT,UNITIZED,2009-02-04,2006-01-01,9999-12-31,http://factpages.npd.no/FactPages/default.aspx?nav1=bsns_arr_area&nav2=PageView|All&nav3=4999504,http://www.npd.no/FactMapSearch?NPDID_business_area=4999504,4999504,9999-12-31,9999-12-31,2013-05-08
TOMMELITEN UNIT,PARCELL,1986-06-12,1986-06-12,9999-12-31,http://factpages.npd.no/FactPages/default.aspx?nav1=bsns_arr_area&nav2=PageView|All&nav3=41411,http://www.npd.no/FactMapSearch?NPDID_business_area=41411,41411,9999-12-31,9999-12-31,2013-05-08
TOR UNIT,UNITIZED,1976-01-01,1975-12-10,9999-12-31,http://factpages.npd.no/FactPages/default.aspx?nav1=bsns_arr_area&nav2=PageView|All&nav3=45891,http://www.npd.no/FactMapSearch?NPDID_business_area=45891,45891,9999-12-31,9999-12-31,2013-05-08
TROLL UNIT,UNITIZED,1986-12-24,1987-01-01,9999-12-31,http://factpages.npd.no/FactPages/default.aspx?nav1=bsns_arr_area&nav2=PageView|All&nav3=41105,http://www.npd.no/FactMapSearch?NPDID_business_area=41105,41105,9999-12-31,9999-12-31,2013-05-08
TYRIHANS UNIT,UNITIZED,2006-02-20,2005-06-23,9999-12-31,http://factpages.npd.no/FactPages/default.aspx?nav1=bsns_arr_area&nav2=PageView|All&nav3=3488806,http://www.npd.no/FactMapSearch?NPDID_business_area=3488806,3488806,9999-12-31,2012-06-08,2013-05-08
VALEMON UNIT,UNITIZED,2011-06-23,2010-09-27,9999-12-31,http://factpages.npd.no/FactPages/default.aspx?nav1=bsns_arr_area&nav2=PageView|All&nav3=18403644,http://www.npd.no/FactMapSearch?NPDID_business_area=18403644,18403644,9999-12-31,9999-12-31,2013-05-08
VALHALL UNIT,UNITIZED,1983-01-01,1982-09-28,9999-12-31,http://factpages.npd.no/FactPages/default.aspx?nav1=bsns_arr_area&nav2=PageView|All&nav3=41657,http://www.npd.no/FactMapSearch?NPDID_business_area=41657,41657,9999-12-31,9999-12-31,2013-05-08
VEGA UNIT,UNITIZED,2011-06-16,2011-03-01,9999-12-31,http://factpages.npd.no/FactPages/default.aspx?nav1=bsns_arr_area&nav2=PageView|All&nav3=20459640,http://www.npd.no/FactMapSearch?NPDID_business_area=20459640,20459640,9999-12-31,9999-12-31,2013-05-08
VISUND INSIDE,SLIDING SCALE,1994-12-19,1995-01-01,9999-12-31,http://factpages.npd.no/FactPages/default.aspx?nav1=bsns_arr_area&nav2=PageView|All&nav3=40726,http://www.npd.no/FactMapSearch?NPDID_business_area=40726,40726,9999-12-31,9999-12-31,2013-05-08
ØST FRIGG UNIT,UNITIZED,1987-09-24,1987-12-01,2000-12-31,http://factpages.npd.no/FactPages/default.aspx?nav1=bsns_arr_area&nav2=PageView|All&nav3=41313,NULL,41313,9999-12-31,9999-12-31,2013-05-08
ÅSGARD UNIT,UNITIZED,1995-04-10,1995-01-01,9999-12-31,http://factpages.npd.no/FactPages/default.aspx?nav1=bsns_arr_area&nav2=PageView|All&nav3=40564,http://www.npd.no/FactMapSearch?NPDID_business_area=40564,40564,9999-12-31,9999-12-31,2013-05-08
