cmpLongName,cmpOrgNumberBrReg,cmpGroup,cmpShortName,cmpNpdidCompany,cmpLicenceOperCurrent,cmpLicenceOperFormer,cmpLicenceLicenseeCurrent,cmpLicenceLicenseeFormer,dateSyncNPD
4Sea Energy AS,891083092,NULL,4SEA ENERGY AS,4504118,N,N,N,Y,2013-05-08
A/S Norske Shell,914807077,NULL,SHELL NORGE,562,Y,Y,Y,Y,2013-05-08
ACECA Limited,NULL,NULL,GEOLOGICA UK,2748537,N,N,N,N,2013-05-08
Acergy M.S. Limited,NULL,NULL,ACERGY M S LIMITED,4394060,N,N,N,N,2013-05-08
Acorn Oil & Gas Limited,NULL,NULL,ACORN OIL,2455861,N,N,N,N,2013-05-08
Acre Oil Ltd,NULL,NULL,ACRE,3499776,N,N,N,N,2013-05-08
Agora Oil & Gas AS,994434403,NULL,AGORA OIL & GAS,18386322,N,N,N,Y,2013-05-08
Aker Drilling ASA,982000564,NULL,AKER DRILLING ASA,5107894,N,N,N,N,2013-05-08
Aker Energy AS,980485625,NULL,AKER ENERGY,1624465,N,N,N,Y,2013-05-08
Aker Exploration AS,989563343,NULL,AKER EXPLORATION AS,4460425,N,Y,N,Y,2013-05-08
Aker Exploration ASA,989795848,NULL,AKER EXPLORATION ASA,4062981,N,N,N,N,2013-05-08
Aker Geo ASA,975898679,NULL,AKER GEO,1030386,N,N,N,N,2013-05-08
Aker Geo Seismic AS,980059839,NULL,AKER GEO SEISMIC,1030397,N,N,N,N,2013-05-08
Aker Maritime ASA,959942013,NULL,AKER MARITIME,1340895,N,N,N,N,2013-05-08
ALFRED WEGENER INSTITUT FUR POLAR UND MEERESFORSHNUG,NULL,NULL,AWI,2670,N,N,N,N,2013-05-08
Altinex Oil AS,987008644,NULL,ALTINEX OIL,2835200,N,N,N,Y,2013-05-08
Altinex Oil Norway AS,987008644,NULL,ALTINEX OIL NORWAY,4446230,N,N,N,Y,2013-05-08
Amarok A.S,NULL,NULL,AMAROK AS,21333519,N,N,N,N,2013-05-08
Amax Petroleum Norge  A/S,NULL,NULL,AMAX NORGE,56,N,N,N,Y,2013-05-08
Amerada Hess Norge AS,930459321,NULL,AMERADA,67,N,Y,N,Y,2013-05-08
Amoco Norway AS,923254080,NULL,AMOCO N,89,N,Y,N,Y,2013-05-08
Amoco Norway Oil Company,927533081,NULL,AMOCO,78,N,Y,N,Y,2013-05-08
Amoseas,NULL,NULL,AMOSEAS,100,N,Y,N,N,2013-05-08
Applied Petroleum Technology AS,NULL,NULL,APT,1035863,N,N,N,N,2013-05-08
Aquitaine Norge A/S,NULL,NULL,AQUITAINE,111,N,N,N,Y,2013-05-08
Aquitaine UK,NULL,NULL,AQUITAINE UK,45674,N,N,N,N,2013-05-08
Aran Energy Exploration Ltd,NULL,NULL,ARAN ENERGY,3499798,N,N,N,N,2013-05-08
Arcade Drilling A/S,958933487,NULL,ARCADE DRILLING,2399869,N,N,N,N,2013-05-08
Arco Norge A/S,NULL,NULL,ARCO,122,N,N,N,Y,2013-05-08
Arethusa (Off-Shore) Ltd.,NULL,NULL,ARETHUSA,2783026,N,N,N,N,2013-05-08
Artic Morneste Gas Ras Vedka,NULL,NULL,ARTIC,2359225,N,N,N,N,2013-05-08
AS Brøvigtank,930328537,NULL,BRØVIGTANK,2786190,N,N,N,N,2013-05-08
AS Geoconsult,923142312,NULL,GEOCONSULT,1342045,N,N,N,N,2013-05-08
AS Uglands Rederi,922495858,NULL,UGLANDS REDERI,40103,N,N,N,Y,2013-05-08
Atlantic Petroleum Norge AS,996460088,NULL,ATLANTIC PETROLEUM NORGE,22513163,N,N,Y,N,2013-05-08
Auxirap Norge A/S,NULL,NULL,AUXIRAP,133,N,N,N,Y,2013-05-08
Awilco AS,930728209,NULL,AWILCO AS,3471807,N,N,N,N,2013-05-08
Baltic AS,879207142,NULL,BALTIC AS,2786204,N,N,N,N,2013-05-08
Bayerngas Norge AS,989490168,NULL,BAYERNGAS NORGE,4444493,Y,N,Y,Y,2013-05-08
Bayerngas Produksjon Norge AS,987469781,NULL,BAYERNGAS PRODUKSJON NORGE,5461974,N,N,N,Y,2013-05-08
BEDFORD INTERACTIVE PROCESSING SERVICES LTD,NULL,NULL,BIPS,41431,N,N,N,N,2013-05-08
Bergen Oilfield Services AS,987514957,NULL,BERGEN OILFIELD SERVICES AS,4966174,N,N,N,N,2013-05-08
BG Energy Holdings Limited,NULL,NULL,BG GROUP,2455889,N,N,N,N,2013-05-08
BG International Limited,NULL,NULL,BG INTERNATIONAL,2490117,N,Y,N,Y,2013-05-08
BG Norge AS,986615806,NULL,BG NORGE,2747354,Y,Y,Y,Y,2013-05-08
BG Norge Limited,986592288,NULL,BG NORGE LIMITED,2845830,N,N,N,N,2013-05-08
Blandfor Shipping Co. LTD,NULL,NULL,BLANDFOR,2359237,N,N,N,N,2013-05-08
Bow Valley Exploration Norge A/S,NULL,NULL,BOW VALLEY,144,N,N,N,Y,2013-05-08
Bow Valley Petroleum (UK) Limited,NULL,NULL,BOW VALLEY UK,3437741,N,N,N,N,2013-05-08
BP Amoco Norge AS,981355210,NULL,BP AMOCO,982372,N,Y,N,Y,2013-05-08
BP Norge AS,981355210,NULL,BP NORGE,2052695,Y,Y,Y,Y,2013-05-08
BP Norway Limited  U.A.,NULL,NULL,BP NORWAY LIMITED U.A.,3986518,N,N,N,N,2013-05-08
BP Petroleum Dev. of Norway AS,912118479,NULL,BPAS,155,N,Y,N,Y,2013-05-08
BP Petroleum Development Ltd,NULL,NULL,BP LTD,42067,N,N,N,N,2013-05-08
Bridge Energy AS,988682039,NULL,BRIDGE ENERGY AS,4062933,N,Y,N,Y,2013-05-08
Bridge Energy Norge AS,988682039,NULL,BRIDGE ENERGY NORGE AS,18178215,Y,Y,Y,Y,2013-05-08
British Gas,NULL,NULL,BRITISH GAS,21333508,N,N,N,N,2013-05-08
BRITISH INSTITUTES REFLECTION PROFILING SYNDICATE,NULL,NULL,BIRPS,2862,N,N,N,N,2013-05-08
BRITISH NATIONAL OIL CORPORATION,NULL,NULL,BRITISH OIL,41719,N,N,N,N,2013-05-08
BRITOIL,NULL,NULL,BNOC,2825,N,N,N,N,2013-05-08
Britoil Norge A/S,935040728,NULL,BRITOIL NORGE,166,N,N,N,Y,2013-05-08
Britoil Public Limited Company,077750,NULL,BRITOIL PUBLIC LIMITED,3988120,N,N,N,N,2013-05-08
Bruker Daltonik GmbH,NULL,NULL,BRUKER DALTONIK,5081918,N,N,N,N,2013-05-08
Brøvig Shipping AS,940380669,NULL,BRØVIG SHIPPING,2455315,N,N,N,N,2013-05-08
BUNDESANSTALT FUR GEOWISSENSHAFTEN UND ROHSTOFFE,NULL,NULL,BGR,2706,N,N,N,N,2013-05-08
Calecore Limited,998805406,NULL,CALECORE LIMITED,23269050,N,N,N,N,2013-05-08
California Asiatic Oil co of Norway,NULL,NULL,CALIFORNIA ASIATIC,177,N,N,N,Y,2013-05-08
Canamens Energy AS,989893890,NULL,CANAMENS ENERGY,4504130,N,N,N,N,2013-05-08
Canyon Offshore Limited,NULL,NULL,CANYON OFFSHORE,23268480,N,N,N,N,2013-05-08
Cap Gemini Ernst & Young,943574537,NULL,CGEY,2473177,N,N,N,N,2013-05-08
Capricorn Norge AS,994434403,NULL,CAPRICORN NORGE AS,23297570,N,N,Y,N,2013-05-08
Centrica Energi,989726242,NULL,CENTRICA ENERGY,4970694,N,N,N,N,2013-05-08
Centrica Resources (Norge) AS,990089655,NULL,CENTRICA RESOURCES NORGE AS,4238233,Y,Y,Y,Y,2013-05-08
Centrica Resources Limited,NULL,NULL,CENTRICA RESOURCES,3000873,N,N,N,N,2013-05-08
CEPM,NULL,NULL,CEPM,21333641,N,N,N,N,2013-05-08
CGG NORGE A/S,939289925,NULL,CGG NORGE,2527,N,N,N,N,2013-05-08
CGG Veritas Services (UK) Limited,NULL,NULL,CGG VERITAS SERVICES (UK),102092,N,N,N,N,2013-05-08
CGG Veritas Services SA,NULL,NULL,CGG VERITAS SERVICES SA,18085981,N,N,N,N,2013-05-08
CGGVeritas (Norway) AS,987264020,NULL,CGGVERITAS SERVICES,4966961,N,N,N,N,2013-05-08
Chevron Norge AS,930322784,NULL,CHEVRON NORGE,3488906,Y,Y,Y,Y,2013-05-08
Chevron North Sea Limited,01546623,NULL,CHEVRON NORTH SEA,3988131,N,N,N,N,2013-05-08
Chevron Petroleum Company of Norway,NULL,NULL,CHEVRON,188,N,N,N,Y,2013-05-08
Chevron Texaco Norge AS,930322784,NULL,CHEVRONTEXACO,2154473,N,Y,N,Y,2013-05-08
Chevron Texaco UK Ltd.,NULL,NULL,CHEVRON TEXACO UK,2748096,N,N,N,N,2013-05-08
Chevron UK Ltd.,NULL,NULL,CHEVRON UK,42078,N,N,N,N,2013-05-08
China Offshore Oil Southern Drilling Company,NULL,NULL,CHINA OFFSHORE,2449882,N,N,N,N,2013-05-08
CHIRON AS,NULL,NULL,CHIRON AS,916376,N,N,N,N,2013-05-08
CNR International (Norway) AS,986597840,NULL,CNR NORWAY,2845980,N,Y,N,Y,2013-05-08
CNR International (UK) Limited,NULL,NULL,CNR,2385943,N,Y,N,Y,2013-05-08
Coe Metcalf Shipping LTD.,NULL,NULL,METCALF,2359249,N,N,N,N,2013-05-08
Cofranord A/S,NULL,NULL,COFRANORD,199,N,N,N,Y,2013-05-08
Concedo ASA,988217867,NULL,CONCEDO ASA,4460794,N,N,Y,Y,2013-05-08
CONOCO (UK) LTD,NULL,NULL,CONOCO UK,42056,N,N,N,N,2013-05-08
Conoco North Sea Inc.,NULL,NULL,CONOCO NORTH,41730,N,N,N,N,2013-05-08
Conoco Norway Inc.,934527410,NULL,CONOCO,210,N,Y,N,Y,2013-05-08
Conoco Petroleum Norge AS,918401423,NULL,CONOCO PETROLEUM,232,N,N,N,Y,2013-05-08
ConocoPhillips (U.K.) Limited.,00524868,NULL,CONOCOPHILLIPS UK,2748185,N,N,N,N,2013-05-08
ConocoPhillips (U.K.) Theta Limited,NULL,NULL,CONOCOPHILLIPS THETA,2943991,N,N,N,N,2013-05-08
ConocoPhillips Norge,948138646,NULL,CONOCOPHILLIPS NORGE,2144081,N,Y,N,Y,2013-05-08
ConocoPhillips Skandinavia AS,918110127,NULL,CONOCOPHILLIPS SKANDINAVIA,2410696,Y,Y,Y,Y,2013-05-08
Continantal Geophysical,NULL,NULL,CONTINENTAL,21333843,N,N,N,N,2013-05-08
Coparex Norge A/S,NULL,NULL,COPAREX NORGE,243,N,N,N,Y,2013-05-08
Core Energy AS,995915995,NULL,CORE ENERGY AS,20460080,N,N,Y,Y,2013-05-08
COSL Drilling Europe AS,987861894,NULL,COSL DRILLING EUROPE,5125369,N,N,N,N,2013-05-08
Dalmoneftegeofizika,NULL,NULL,DMNG,21333865,N,N,N,N,2013-05-08
Dana Petroleum (BVUK) Limited,03337437,NULL,DANA PETROLEUM GB,20415896,N,N,N,N,2013-05-08
Dana Petroleum (E & P) Limited,NULL,NULL,DANA,3437824,N,N,N,N,2013-05-08
Dana Petroleum Norway AS,987863749,NULL,DANA PETROLEUM NORWAY,4526555,Y,Y,Y,Y,2013-05-08
Dana Petroleum Norway ASA,987863749,NULL,DANA PETROLEUM,4510514,N,N,N,Y,2013-05-08
Deminex Nord A/S,860008122,NULL,DEMINEX NORD,265,N,N,N,Y,2013-05-08
Deminex Norge AS,926620207,NULL,DEMINEX,254,N,Y,N,Y,2013-05-08
Den norske stats oljeselskap a.s,923609016,NULL,STATOIL,749,N,Y,N,Y,2013-05-08
Det Norske Oljeselskap AS,953935996,NULL,DNO AS,1340609,N,Y,N,Y,2013-05-08
Det norske oljeselskap AS,989563343,NULL,DET NORSKE AS,17342915,N,Y,N,Y,2013-05-08
Det norske oljeselskap ASA,989795848,NULL,DET NORSKE,17342870,Y,Y,Y,Y,2013-05-08
Det norske oljeselskap ASA (old),987904275,NULL,DET NORSKE (OLD),4539989,N,Y,N,Y,2013-05-08
Det Norske Oljeselskap ASA (old),953935996,NULL,DNO ASA (OLD),4468177,N,Y,N,Y,2013-05-08
Det Norske Veritas,NULL,NULL,DET NORSKE VERITAS,21333541,N,N,N,N,2013-05-08
Deutsches GeoForschungsZentrum GFZ,NULL,NULL,DEUTSCHES GEOFORSCHUNGS,5081874,N,N,N,N,2013-05-08
Diamond Offshore Drilling LTD.,NULL,NULL,DIAMOND OFFSHORE,2258713,N,N,N,N,2013-05-08
Digicon Geophysical LTD,NULL,NULL,DIGICON,21333596,N,N,N,N,2013-05-08
Digital Exploration Limited,NULL,NULL,DIGITAL,21333777,N,N,N,N,2013-05-08
DINOSYSTEMS,NULL,NULL,DINOSYSTEMS,46897,N,N,N,N,2013-05-08
Discover Petroleum AS,987581883,NULL,DISCOVER PETROLEUM,3500333,N,Y,N,Y,2013-05-08
DNO Olje A/S,857521412,NULL,DNO OLJE,276,N,N,N,Y,2013-05-08
DOF Management AS,979999682,NULL,DOF MANAGEMENT,5781675,N,N,N,N,2013-05-08
Dolphin AS,920473210,NULL,DOLPHIN AS,2398052,N,N,N,N,2013-05-08
Dolphin Geophysical AS,996330958,NULL,DOLPHIN GEOPHYSICAL AS,22794540,N,N,N,N,2013-05-08
DONG E&P Norge AS,931713671,NULL,DONG E&P NORGE,4070011,Y,Y,Y,Y,2013-05-08
DONG Etterforskning og Produktion AS,981276922,NULL,DONG,1441164,N,N,N,Y,2013-05-08
DONG Norge AS,931713671,NULL,DONG NORGE,1853083,N,Y,N,Y,2013-05-08
DOPAS Norge AS,983598188,NULL,DOPAS,2133811,N,N,N,Y,2013-05-08
DSND Shipping AS,977111145,NULL,DSND SHIPPING AS,2449305,N,N,N,N,2013-05-08
Dyas UK Limited,NULL,NULL,DYAS,3437812,N,N,N,N,2013-05-08
E&P Holding AS,991531556,NULL,E&P HOLDING AS,20109546,N,N,N,Y,2013-05-08
E.ON E&P Norge AS,985740909,NULL,E.ON E&P NORGE AS,21631209,Y,Y,Y,Y,2013-05-08
E.ON Ruhrgas Norge AS,985740909,NULL,E.ON RUHRGAS NO,2840522,N,Y,N,Y,2013-05-08
Edison International Norway Branch,991193030,NULL,EDISON INTERNATIONAL NORWAY BRANCH,17237180,Y,N,Y,Y,2013-05-08
Edison International Spa,NULL,NULL,EDISON INTERNATIONAL,4062871,N,N,N,Y,2013-05-08
EIDESVIK SHIPPING AS,977098092,NULL,EIDESVIK SHIPPING,3362279,N,N,N,N,2013-05-08
Electromagnetic Geoservices ASA,984195486,NULL,EMGS,2472909,N,N,N,N,2013-05-08
Elf Aquitaine Norge A/S,NULL,NULL,ELFAQUIT,331,N,Y,N,Y,2013-05-08
Elf Exploration UK Ltd,NULL,NULL,ELF EXPLORATION LTD,45736,N,N,N,N,2013-05-08
Elf Norge A/S,NULL,NULL,ELF N,287,N,Y,N,Y,2013-05-08
ELF Oil UK,NULL,NULL,ELF OIL,45685,N,N,N,N,2013-05-08
Elf Petroleum Norge AS,927066440,NULL,ELF NORGE,298,N,Y,N,Y,2013-05-08
Elf Rep Norge A/S,NULL,NULL,ELF REP,309,N,N,N,Y,2013-05-08
Elf Rex Norge AS,927064596,NULL,ELF REX,320,N,N,N,Y,2013-05-08
Emergy Exploration AS,996460088,NULL,EMERGY EXPLORATION,21333629,N,N,N,Y,2013-05-08
Endeavour Energy (UK) Limited,05030838,NULL,ENDEAVOUR ENERGY UK,4462359,N,N,N,N,2013-05-08
Endeavour Energy Norge AS,934651758,NULL,ENDEAVOUR ENERGY NORGE,3113213,N,Y,N,Y,2013-05-08
Endeavour Energy Norge AS (OLD),987043091,NULL,ENDEAVOUR ENERGY (OLD),2835148,N,N,N,N,2013-05-08
Endeavour International Corporation,NULL,NULL,ENDEAVOUR INTERNATIONAL,2835136,N,N,N,N,2013-05-08
Endeavour Norge AS,987043091,NULL,ENDEAVOUR NORGE,3113202,N,N,N,N,2013-05-08
Ener Petroleum ASA,987863749,NULL,ENER PETROLEUM,3482290,N,N,N,Y,2013-05-08
Energy Equipment Resource Inc,NULL,NULL,ENERGY EQUIPMENT,2782981,N,N,N,N,2013-05-08
Eni Norge AS,919160675,NULL,ENI NORGE,2388594,Y,Y,Y,Y,2013-05-08
Eni UK Limited,NULL,NULL,ENI UK LIMITED,3437697,N,N,N,N,2013-05-08
Eni ULX Limited,NULL,NULL,ENI ULX LIMITED,3437708,N,N,N,N,2013-05-08
EnQuest Norge AS,998709326,NULL,ENQUEST NORGE AS,22223200,N,N,N,N,2013-05-08
Ensign Geophysics LTD,NULL,NULL,ENSIGN,21333821,N,N,N,N,2013-05-08
Enterprise Oil Norge AS,929559428,NULL,ENTERPRISE NORGE,1853786,N,Y,Y,Y,2013-05-08
Enterprise Oil Norwegian AS,929559428,NULL,ENTERPRISE,342,N,Y,N,Y,2013-05-08
Envision AS,986052631,NULL,ENVISION AS,4070871,N,N,N,N,2013-05-08
Esso Exploration and Production Norway A/S,914048990,NULL,ESSO,353,N,Y,N,Y,2013-05-08
ESSO MOBIL,NULL,NULL,ESSO MOBIL,1032882,N,N,N,N,2013-05-08
Eurafrep Norge A/S,NULL,NULL,EURAFREP,364,N,N,N,Y,2013-05-08
Excel Expro Norge AS,990554382,NULL,EXCEL EXPRO NORGE,4511634,N,N,N,N,2013-05-08
Explora Petroleum AS,997295684,NULL,EXPLORA PETROLEUM AS,22223266,N,N,Y,N,2013-05-08
Exploration Consultants Ltd.,NULL,NULL,EXPLORATION CONSULTANTS,2258724,N,N,N,N,2013-05-08
Exxon Mobil Corporation,977534933,NULL,EXXON MOBIL,2069880,N,N,N,N,2013-05-08
ExxonMobil Exploration & Production Norway AS,914048990,NULL,EXXON MO,2835212,Y,Y,Y,Y,2013-05-08
ExxonMobil Production Norway Inc.,924956917,NULL,EXXONMOBIL PROD,2943980,N,Y,N,N,2013-05-08
Fairfield Nodal,NULL,NULL,FAIRFIELD NODAL,20484280,N,N,N,N,2013-05-08
Faroe Petroleum (UK) Limited,04848017,NULL,FAROE PETROLEUM (UK),21614063,N,N,N,N,2013-05-08
Faroe Petroleum Norge AS,989399071,NULL,FAROE PETROLEUM NORGE AS,4062883,Y,Y,Y,Y,2013-05-08
Faroe Petroleum plc,NULL,NULL,FAROE PETROLEUM,3500295,N,N,N,N,2013-05-08
Farstad Shipping ASA,934021592,NULL,FARSTAD SHIPPING ASA,21675040,N,N,N,N,2013-05-08
Fina Exploration Norway SCA,971654163,NULL,FINA EXPLORATION,39395,N,N,N,N,2013-05-08
Fina Production Licenses AS,971505346,NULL,FINA PRODUCTION,386,N,Y,N,Y,2013-05-08
Floatel International AB,NULL,NULL,FLOATEL INTERNATIONAL AB,22426303,N,N,N,N,2013-05-08
Fluid Inclusion Technologies Inc,NULL,NULL,FIT,916387,N,N,N,N,2013-05-08
Fluxys SA,NULL,NULL,FLUXYS SA,17835071,N,N,N,N,2013-05-08
FORSKNINGSPARKEN,NULL,NULL,FORSKNINGSP,1630748,N,N,N,N,2013-05-08
Fortis Petroleum Norway AS,990554382,NULL,FORTIS PETROLEUM NORWAY,18386334,N,N,Y,Y,2013-05-08
Fortum Petroleum AS,918444734,NULL,FORTUM,102714,N,N,N,Y,2013-05-08
Front Exploration AS,987581883,NULL,FRONT EXPLORATION AS,18108745,N,Y,N,Y,2013-05-08
Fugro Geolab Nor AS,970990976,NULL,FUGRO GEOLAB NOR AS,18086025,N,N,N,N,2013-05-08
Fugro Geotechnics AS,985148627,NULL,FUGRO GEOTECHNICS AS,18061800,N,N,N,N,2013-05-08
Fugro Multi Client Services AS,953115700,NULL,FUGRO MULTI CLIENT SERVICES,5442354,N,N,N,N,2013-05-08
Fugro Survey AS,937107978,NULL,FUGRO SURVEY,2786215,N,N,N,N,2013-05-08
Fugro-Geoteam AS,979905483,NULL,FUGRO-GEOTEAM,2489925,N,N,N,N,2013-05-08
Gardline Geosurvey Ltd,986727825,NULL,GARDLINE GEOSURVEY,5443454,N,N,N,N,2013-05-08
GASSCO AS,983452841,NULL,GASSCO AS,1944954,N,N,N,N,2013-05-08
GASSNOVA SF,991627626,NULL,GASSNOVA SF,18082040,N,N,N,N,2013-05-08
Gaz de France Norge AS,983426417,NULL,GAZ DE FRANCE,1628733,N,Y,N,Y,2013-05-08
Gaz De France S.A.,975782913,NULL,GAZ DE FRANCE SA,17835046,N,N,N,N,2013-05-08
GDF SUEZ E&P Norge AS,983426417,NULL,GDF SUEZ E&P NORGE,5267845,Y,Y,Y,Y,2013-05-08
Geco Exploration,NULL,NULL,GECO EXPLORATION,2789,N,N,N,N,2013-05-08
Geco- Prakla,NULL,NULL,GECO-PRAKLA UK,2850,N,N,N,N,2013-05-08
Geco-Prakla,926396684,NULL,GECO PRAKLA,2813,N,N,N,N,2013-05-08
Genesis Petroleum Norway AS,890191622,NULL,GENESIS PETROLEUM NORWAY,4062957,N,N,N,Y,2013-05-08
GeoForschungsZentrum Potsdam,NULL,NULL,GEOFORSCHUNGS ZENTRUM,4446085,N,N,N,N,2013-05-08
Geologica AS,NULL,NULL,GEOLOGICA,916801,N,N,N,N,2013-05-08
Geophysical Company of Norway A/S,NULL,NULL,GECO,21333663,N,N,N,N,2013-05-08
GEOPHYSICAL SERVICES,NULL,NULL,GSI,2729,N,N,N,N,2013-05-08
Geosoft Inc.,NULL,NULL,GEOSOFT INC,4038585,N,N,N,N,2013-05-08
Geosource Petty-Ray Geophysical,NULL,NULL,PETTYRAY,21348280,N,N,N,N,2013-05-08
GEOTEAM AS,969059789,NULL,GEOTEAM,2754,N,N,N,N,2013-05-08
GEOTEAM EXPLORATION AS,NULL,NULL,GEOTEAM EXPLORATION,2838,N,N,N,N,2013-05-08
Geotrace Technologies Ltd,976227026,NULL,GEOTRACE TECHNOLOGIES,22492659,N,N,N,N,2013-05-08
GFZ,NULL,NULL,GFZ,21800940,N,N,N,N,2013-05-08
Global Geo Services ASA,980585522,NULL,GLOBAL GEO SERVICES,4070855,N,N,N,N,2013-05-08
Global SantaFe Corporation,NULL,NULL,GLOBAL SANTA FE,2449400,N,N,N,N,2013-05-08
Goel m/v Goel Egede,NULL,NULL,GOEL,21333744,N,N,N,N,2013-05-08
Golar-Nor Offshore,935427681,NULL,GOLAR-NOR OFFSHORE,2449518,N,N,N,N,2013-05-08
GULF (U.K.) OFFSHORE INVESTMENT LTD,NULL,NULL,GULF UK,41741,N,N,N,N,2013-05-08
GULF OIL CORPORATION,NULL,NULL,GULF OIL,41752,N,N,N,N,2013-05-08
GX Technology,NULL,NULL,GX TECHNOLOGY,4446214,N,N,N,N,2013-05-08
HALLIBURTON GEOPHYSICAL SERVICES,NULL,NULL,HGS,2718,N,N,N,N,2013-05-08
Hamilton Brothers Oil & Gas,NULL,NULL,HAMILTON,3499813,N,N,N,N,2013-05-08
HAMPSON-RUSSELL SOFTWARE SERVICES LTD.,NULL,NULL,HAMPSON-RUSSELL,3109,N,N,N,N,2013-05-08
Havila Shipping ASA,882811972,NULL,HAVILA SHIPPING,20404162,N,N,N,N,2013-05-08
Hess Norge AS,930459321,NULL,HESS NORGE AS,4038735,N,Y,Y,Y,2013-05-08
Hispanoil (Norway) A/S,NULL,NULL,HISPANOIL,408,N,N,N,Y,2013-05-08
Horizon Exploration LTD,NULL,NULL,HORIZON,21333574,N,N,N,N,2013-05-08
Idemitsu Oil Exploration (Norsk) a.s.,947569244,NULL,IDEMITSU OIL,3084,N,N,N,Y,2013-05-08
Idemitsu Petroleum Norge AS,953133210,NULL,IDEMITSU,441,Y,Y,Y,Y,2013-05-08
IHS ENERGY GROUP,NULL,NULL,IHS ENERGY,97570,N,N,N,N,2013-05-08
IKU PETROLEUMSFORSKNING SINTEF GRUPPEN,936882331,NULL,IKU,2539,N,N,N,N,2013-05-08
Industrial Perforadora de Campeche SA de CV,NULL,NULL,INDUSTRIAL PERFORADORA,2783002,N,N,N,N,2013-05-08
Infragas Norge AS,997229088,NULL,INFRAGAS NORGE AS,21139140,N,N,N,N,2013-05-08
Inov8 Energy AS,998477603,NULL,INOV8 ENERGY AS,23268820,N,N,N,N,2013-05-08
INSEIS AS,983167691,NULL,INSEIS AS,1632045,N,N,N,N,2013-05-08
INSTITUT FRANCAIS DU PETROLE,NULL,NULL,IFP,2659,N,N,N,N,2013-05-08
Integrated Geochemical Interpretation Ltd.,NULL,NULL,INTEGRATED GEOCHEMICAL,5774694,N,N,N,N,2013-05-08
ION Geophysical,NULL,NULL,ION GEOPHYSICAL,5490478,N,N,N,N,2013-05-08
Iron Mountain Norge AS,936879101,NULL,IRON MOUNTAIN NORGE AS,4227771,N,N,N,N,2013-05-08
Island Offshore III AS,982411394,NULL,ISLAND OFFSHORE,5125357,N,N,N,N,2013-05-08
Ithaca Energy (UK) Limited,NULL,NULL,ITHACA ENERGY,23269080,N,N,N,N,2013-05-08
Japan National Oil Corporation,NULL,NULL,JAPAN NATIONAL OIL CORPORATION,21333475,N,N,N,N,2013-05-08
JX Nippon Exploration and Production (UK) Limited,03288689,NULL,JX NIPPON,20415923,N,N,N,N,2013-05-08
K/S A/S Polaris Oil Consortium,NULL,NULL,POLARIS,683,N,N,N,Y,2013-05-08
K/S Farmand Survey,NULL,NULL,FARMAND,2259213,N,N,N,N,2013-05-08
K/S Femogtyvefire Norsk A/S,NULL,NULL,FEMOGTYVEFIRE,375,N,N,N,Y,2013-05-08
Kerr Mc-Gee North Sea (UK) Ltd,NULL,NULL,KERR MC-GEE,1024802,N,N,N,N,2013-05-08
Kerr-McGee Norway AS,983430783,NULL,KERR-MCGEE NORWAY,2051482,N,Y,N,Y,2013-05-08
KS PETROJARL 1 AS,935506360,NULL,PETROJARL,1629619,N,N,N,N,2013-05-08
Laboratory of the Goverment Chemist,NULL,NULL,LGC,916398,N,N,N,N,2013-05-08
LAMONT-DOHERTY GEOLOGICAL OBSERVATORY COLUMBIA UNIVERSITY,NULL,NULL,LAMONT,2885,N,N,N,N,2013-05-08
Landmark Graphics AS,971106514,NULL,LANDMARK GRAPHICS AS,4446203,N,N,N,N,2013-05-08
Lasmo Norge A/S,NULL,NULL,LASMO NORGE,452,N,N,N,Y,2013-05-08
Lime Petroleum Norway AS,998726441,NULL,LIME PETROLEUM NORWAY,23269093,N,N,N,N,2013-05-08
Lotos Exploration and Production Norge AS,991735194,NULL,LOTOS EXPLORATION,5064434,Y,Y,Y,Y,2013-05-08
LUKOIL Overseas North Shelf AS,998152550,NULL,LUKOIL OVERSEAS,22513176,N,N,N,N,2013-05-08
Lundin North Sea Limited,02483161,NULL,LUNDIN NORTH,3437835,N,N,N,N,2013-05-08
Lundin Norway AS,986209409,NULL,LUNDIN NORWAY,2767314,Y,Y,Y,Y,2013-05-08
Maersk Drilling Norge AS,952603957,NULL,MAERSK DRILLING NORGE AS,5095474,N,N,N,N,2013-05-08
Maersk Oil Exploration Norway AS,986478434,NULL,MAERSK OIL EXPLORATION NORWAY AS,3960933,N,Y,N,Y,2013-05-08
Maersk Oil Norway AS,986478434,NULL,MAERSK OIL NORWAY AS,4719674,Y,Y,Y,Y,2013-05-08
Maersk Oil Norway AS (old1),986478434,NULL,MAERSK OIL NORWAY (OLD1),2824954,N,N,N,Y,2013-05-08
Maersk Oil Norway AS (old2),983430783,NULL,MAERSK OIL NORWAY AS (OLD2),3960921,N,Y,N,Y,2013-05-08
Maersk Oil PL 018C Norway AS,983430783,NULL,MAERSK OIL PL 018C,4703832,N,Y,N,Y,2013-05-08
Maersk Olie og Gass  A/S,NULL,NULL,MÆRSK,2777,N,Y,N,Y,2013-05-08
Marathon Oil Norge AS,923702962,NULL,MARATHON OIL,20485291,Y,Y,Y,Y,2013-05-08
Marathon Petroleum Norge AS,923702962,NULL,MARATHON N,463,N,Y,N,Y,2013-05-08
Marine Arctic Geological Expedition,NULL,NULL,MARINE ARCTIC,4063012,N,N,N,N,2013-05-08
Maritim Management AS,988034371,NULL,MARITIM MANAGEMENT AS,5488225,N,N,N,N,2013-05-08
Master Survey,NULL,NULL,MASTER,21333788,N,N,N,N,2013-05-08
Merlin Geophysical LTD,NULL,NULL,MERLIN,21333607,N,N,N,N,2013-05-08
Mobil Development Norway AS,928008398,NULL,MOBIL N,474,N,Y,N,Y,2013-05-08
Mobil Exploration Norway INC,NULL,NULL,MOBIL EXPLORATION NORWAY INC,3986530,N,N,N,N,2013-05-08
Moc Exploration (U.K.) Limited,NULL,NULL,MOC EXPLORATION,3437719,N,N,N,N,2013-05-08
Moeco Oil & Gas Norge AS,998516048,NULL,MOECO OIL & GAS NORGE,22513143,N,N,N,N,2013-05-08
MultiClient Geophysical AS,991906509,NULL,MULTICLIENT GEOPHYSICAL,5480846,N,N,N,N,2013-05-08
Multiklient Invest AS,971171537,NULL,MULTIKLIENT INVEST,21139228,N,N,N,N,2013-05-08
Multiwave Geophysical Company ASA,980012204,NULL,MULTIWAVE GEOPHYSICAL,2417091,N,N,N,N,2013-05-08
Mærsk Contractors,NULL,NULL,MÆRSK CO,2472740,N,N,N,N,2013-05-08
Mærsk Contractors Norge AS,952603957,NULL,MÆRSK CONTRACTORS,2084537,N,N,N,N,2013-05-08
Neste Petroleum AS,918444734,NULL,NESTE,496,N,N,N,Y,2013-05-08
Nexen Exploration Norge AS,989050052,NULL,NEXEN EXPLORATION NORGE,4062831,N,Y,N,Y,2013-05-08
Nippon Oil Exploration and Production UKl Limited,03288689,NULL,NIPPON OIL,17237695,N,N,N,N,2013-05-08
Njord Gas Infrastructure AS,995152142,NULL,NJORD GAS INFRASTRUCTURE AS,20440816,N,N,N,N,2013-05-08
No operator,NULL,NULL,NO OPERATOR,507,N,Y,N,N,2013-05-08
Noble Drilling,NULL,NULL,NOBLE DRILLING,35198,N,N,N,N,2013-05-08
Noble Energy Limited,NULL,NULL,NOBLE ENERGY,3262354,N,N,N,Y,2013-05-08
Noble Energy Norge AS,990809712,NULL,NOBLE ENERGY NORGE,4393186,N,N,N,Y,2013-05-08
NOGEC,NULL,NULL,NOGEC,21333652,N,N,N,N,2013-05-08
Noil Energy ASA,953935996,NULL,NOIL ENERGY ASA,4539976,N,Y,N,Y,2013-05-08
NOPEC A/S,NULL,NULL,NOPEC,2551,N,N,N,N,2013-05-08
Noreco Norway AS,987008644,NULL,NORECO NORWAY AS,22223020,Y,N,Y,Y,2013-05-08
Norges Geologiske Undersøkelse,970188290,NULL,NORGES GEOLOGISKE UNDERSØKELSE,5506537,N,N,N,N,2013-05-08
NORGES TEKNISKE HØYSKOLE,NULL,NULL,NTH,2587,N,N,N,N,2013-05-08
Norminol AS,921261179,NULL,NORMINOL,529,N,N,N,Y,2013-05-08
Norpipe AS,924049685,NULL,NORPIPE AS,1025041,N,N,N,N,2013-05-08
Norpipe Oil AS,975871932,NULL,NORPIPE OIL,1025030,N,N,N,N,2013-05-08
Norsea Gas AS,918352074,NULL,NORSEA GAS,1025067,N,N,N,N,2013-05-08
Norshore AS,991241752,NULL,NORSHORE AS,22528907,N,N,N,N,2013-05-08
Norsk Agip  AS,919160675,NULL,AGIP,45,N,Y,N,Y,2013-05-08
Norsk Chevron AS,930322784,NULL,NORSK CHEVRON,40148,N,Y,N,Y,2013-05-08
Norsk Hydro Petroleum AS,990888213,NULL,HYDRO PETROLEUM,4524355,N,Y,N,Y,2013-05-08
Norsk Hydro Produksjon AS,930187240,NULL,HYDRO PRODUKSJON,430,N,Y,N,Y,2013-05-08
Norsk Occidental A/S,937380054,NULL,OXY,584,N,N,N,Y,2013-05-08
Norsk Polarinstitutt,NULL,NULL,NPI,2575,N,N,N,N,2013-05-08
Norske AEDC A/S,946680591,NULL,AEDC,34,N,N,Y,Y,2013-05-08
Norske Conoco A/S,921473052,NULL,CONOCO N,221,N,Y,N,Y,2013-05-08
Norske ConocoPhillips AS,921473052,NULL,NORSKE CONOCOPHILLIPS,2399056,N,Y,N,Y,2013-05-08
Norske Deminex AS,928656519,NULL,NORSKDEM,540,N,N,N,Y,2013-05-08
NORSKE GETTY EXPLORATION A/S,NULL,NULL,GETTY,2765,N,N,N,N,2013-05-08
Norske Hudbay A/S,NULL,NULL,HUDBAY,419,N,N,N,Y,2013-05-08
Norske Moeco A/S,946711063,NULL,MOECO,485,N,N,N,Y,2013-05-08
Norske Murphy Oil Company,NULL,NULL,NORSKE MURPHY,551,N,Y,N,Y,2013-05-08
Norske Ocean Exploration Company,NULL,NULL,OCEAN EXPLORATION,573,N,N,N,Y,2013-05-08
Norske RWE-DEA AS,928656519,NULL,NORSKE RWE-DEA,853394,N,N,N,Y,2013-05-08
Norske Shell Pipelines AS,980263959,NULL,SHELL PIPELINE,2066214,N,N,N,N,2013-05-08
North Atlantic Norway Ltd,996732851,NULL,NORTH ATLANTIC NORWAY,22507678,N,N,N,N,2013-05-08
North Energy AS,891797702,NULL,NORTH ENERGY AS,4706034,N,Y,N,Y,2013-05-08
North Energy ASA,891797702,NULL,NORTH ENERGY ASA,18082156,Y,Y,Y,Y,2013-05-08
Norwegian Energy Company AS,987989297,NULL,NORECO,3482246,N,Y,N,Y,2013-05-08
Norwegian Energy Company ASA,987989297,NULL,NORECO ASA,4530695,Y,Y,Y,Y,2013-05-08
NORWEGIAN EXPLORATION SERVICES,NULL,NULL,NOREX,2563,N,N,N,N,2013-05-08
Norwegian Geotecnical Institute,NULL,NULL,NGI,21333887,N,N,N,N,2013-05-08
Norwegian Gulf Exploration Company AS,930322784,NULL,GULF EXPLORATION,397,N,Y,N,Y,2013-05-08
Norwegian Oil Consortium A/S & Co,NULL,NULL,NORW. OIL,518,N,N,N,Y,2013-05-08
Norwegian Oil Exploration,988895121,NULL,NORWEGIAN OIL EXPLORATION,4510272,N,N,N,N,2013-05-08
Not allocated,NULL,NULL,UNALLOCATED,870,N,N,N,Y,2013-05-08
OCCIDENTAL,NULL,NULL,OCCIDENT,21140076,N,N,N,N,2013-05-08
OCCIDENTAL PETROLEUM UK LTD,NULL,NULL,OXY UK,2909,N,N,N,N,2013-05-08
Ocean Rig ASA,976769643,NULL,OCEAN RIG,2088270,N,N,N,N,2013-05-08
Octio Geophysical AS,990516332,NULL,OCTIO GEOPHYSICAL AS,5774895,N,N,N,N,2013-05-08
Odfjell Drilling AS,984356986,NULL,ODFJELL,2398064,N,N,N,N,2013-05-08
OER Oil AS,934651758,NULL,OER OIL,2258813,N,N,N,Y,2013-05-08
Offshore Engineering Resources AS,934651758,NULL,OER OFFSHORE ENGINEERING RESOURCES,2092065,N,N,N,N,2013-05-08
Offshore Hydrocarbon Mapping,NULL,NULL,OHM Ltd,2824940,N,N,N,N,2013-05-08
Oljedirektoratet,NULL,NULL,OD,2599,N,N,N,N,2013-05-08
Oljeindustriens Landsforening,956685818,NULL,OLF,2473155,N,N,N,N,2013-05-08
OMV (Norge) AS,988400025,NULL,OMV NORGE AS,4460594,Y,Y,Y,Y,2013-05-08
OMV Norge A/S,NULL,NULL,OMV,925,N,N,N,Y,2013-05-08
Oranje-Nassau Groep B.V.,NULL,NULL,ORANJE-NASSAU,2835003,N,N,N,N,2013-05-08
ORG Geophysical As,983824331,NULL,ORG GEOPHYSICAL,21687000,N,N,N,N,2013-05-08
Oryx (UK) Energy Company,NULL,NULL,ORYX UK,2897,N,N,N,N,2013-05-08
OSM Ship Management AS,911756080,NULL,OSM SHIP MANAGEMENT,3482047,N,N,N,N,2013-05-08
OTG Energy AS,990801428,NULL,OTG ENERGY AS,4504094,N,N,N,N,2013-05-08
PA Resources Norway AS,987469781,NULL,PA RESOURCES NORWAY AS,3986418,N,N,N,Y,2013-05-08
Paladin Expro Limited,NULL,NULL,PALADIN EXPRO,3437686,N,N,N,N,2013-05-08
Paladin Resources Norge AS,977026792,NULL,PALADIN,1577943,N,Y,N,Y,2013-05-08
Pan Ocean Oil Norge A/S,NULL,NULL,PAN OCEAN,595,N,N,N,Y,2013-05-08
P-Cable 3D Seismic AS,992657715,NULL,P-CABLE 3D SEISMIC AS,21668680,N,N,N,N,2013-05-08
Pelican AS,931713671,NULL,PELICAN,606,N,Y,N,Y,2013-05-08
Pennzoil Company Norge,NULL,NULL,PENNZOIL,617,N,N,N,Y,2013-05-08
Perforadora Central SA de CV,NULL,NULL,PERFORADORA,2450249,N,N,N,N,2013-05-08
Pertra AS,987904275,NULL,PERTRA AS,3425724,N,Y,N,Y,2013-05-08
Pertra AS (OLD),984131941,NULL,PERTRA AS (OLD),2069841,N,Y,N,Y,2013-05-08
Pertra ASA,987904275,NULL,PERTRA ASA,3964368,N,Y,N,Y,2013-05-08
Petoro AS,983382355,NULL,PETORO,1626839,N,N,Y,Y,2013-05-08
Petrobras Norge A/S,942904495,NULL,PETROBRAS,639,N,N,N,Y,2013-05-08
Petro-Canada Norge AS,989362100,NULL,PETRO-CANADA NORGE AS,3960945,N,Y,N,Y,2013-05-08
Petro-Canada Norge AS (old),977026792,NULL,PETRO-CANADA  (OLD),628,N,N,N,Y,2013-05-08
Petro-Canada UK Limited,NULL,NULL,PETRO-CANADA UK,3437846,N,Y,N,Y,2013-05-08
Petrofac Norge AS,990293937,NULL,PETROFAC NORGE,4062945,N,N,N,N,2013-05-08
Petrolia Norway AS,997015231,NULL,PETROLIA NORWAY AS,21593704,N,N,Y,Y,2013-05-08
Petromarker AS,888846832,NULL,PETROMARKER AS,4467515,N,N,N,N,2013-05-08
Petropar Norge A/S,NULL,NULL,PETROPAR,650,N,N,N,Y,2013-05-08
Petrosaga AS,NULL,NULL,PETROSAGA,661,N,N,N,Y,2013-05-08
Petroswede Norge A/S,NULL,NULL,PETROSWEDE,672,N,N,N,Y,2013-05-08
PGNiG Norway AS,991317155,NULL,PGNIG NORWAY,4505831,Y,N,Y,Y,2013-05-08
PGS Geophysical AS,960563085,NULL,PGS GEOPHYSICAL AS,5442366,N,N,N,N,2013-05-08
PGS NOPEC A/S,NULL,NULL,PGS NOPEC,2921,N,N,N,N,2013-05-08
PGS Petroleum AS,984131941,NULL,PGS PETROLEUM,2069526,N,N,N,Y,2013-05-08
PGS Production AS,939545832,NULL,PGS PRODUCTION,2060190,N,N,N,Y,2013-05-08
Phillips Petroleum Company Norway,948138646,NULL,PHILLIPS,694,N,Y,N,Y,2013-05-08
Phillips Petroleum Norsk AS,918110127,NULL,PPNORSK,705,N,Y,N,Y,2013-05-08
Polar Search AS,953047136,NULL,POLAR SEARCH,2786227,N,N,N,N,2013-05-08
Polar Ship Management AS,953047136,NULL,POLAR SHIP MANAGEMENT,2411138,N,N,N,N,2013-05-08
Polarcus AS,994063901,NULL,POLARCUS AS,17114862,N,N,N,N,2013-05-08
Polarcus Naila AS,995097893,NULL,POLARCUS NAILA AS,22812960,N,N,N,N,2013-05-08
Polarcus Norway AS,996798305,NULL,POLARCUS NORWAY AS,20485182,N,N,N,N,2013-05-08
Polarcus Seismic Limited,NULL,NULL,POLARCUS SEISMIC LIMITED,20472280,N,N,N,N,2013-05-08
Polskie Gornictwo Naftowe i Gazownictwo S.A.,NULL,NULL,POLSKIE GORNICTWO NAFTOWE,4394036,N,N,N,N,2013-05-08
Prakla-Seismos GMBH,NULL,NULL,PRAKLA,21333552,N,N,N,N,2013-05-08
Pre Stack Solution-Geo AS,981636740,NULL,PRE STACK SOLUTIONS-GEO,4213327,N,N,N,N,2013-05-08
Premier Oil Norge AS,887995222,NULL,PREMIER OIL NORGE,3482067,Y,Y,Y,Y,2013-05-08
Pride International Inc,NULL,NULL,PRIDE INTERNATIONAL,2449871,N,N,N,N,2013-05-08
Prosafe Offshore Limited,NULL,NULL,PROSAFE OFFSHORE LIMITED,2252705,N,N,N,N,2013-05-08
Puffin Oil & Gas Limitied,NULL,NULL,PUFFIN OIL & GAS LIMITED,4720014,N,N,N,N,2013-05-08
QUALITY POSITIONING SERVICES BV,NULL,NULL,QPS,34190,N,N,N,N,2013-05-08
R & R Geo Tech AS,NULL,NULL,GEOTECH,21333530,N,N,N,N,2013-05-08
R&B Falcon Drilling Inc,NULL,NULL,R&B FALCON DRILLING,2455372,N,N,N,N,2013-05-08
Racal Decca,NULL,NULL,RACAL,21333766,N,N,N,N,2013-05-08
Ranger Oil (UK) Ltd,NULL,NULL,RANGER UK,2742,N,N,N,N,2013-05-08
Renard Centre of Marine Geology,NULL,NULL,RENARD CENTRE OF MARINE GEOLOGY,21333486,N,N,N,N,2013-05-08
Repsol Exploracion S.A.,NULL,NULL,REPSOL,5072554,N,N,N,Y,2013-05-08
Repsol Exploration Norge AS,993787787,NULL,REPSOL EXPLORATION NORGE AS,17237506,Y,N,Y,Y,2013-05-08
Reservoir Exploration Technology ASA,984487819,NULL,RESERVOIR EXPLORATION,4070691,N,N,N,N,2013-05-08
Revus Energy AS,985224323,NULL,REVUS ENERGY,2455850,N,Y,N,Y,2013-05-08
Revus Energy ASA,985224323,NULL,REVUS ENERGY ASA,3431773,N,Y,N,Y,2013-05-08
RN Nordic Oil AS,998433223,NULL,ROSNEFT OIL COMPANY,22513131,N,N,N,N,2013-05-08
ROBERTSON RESEARCH INTERNATIONAL LIMITED,NULL,NULL,ROBERTSON,2694,N,N,N,N,2013-05-08
Roc Oil (GB) Limited,NULL,NULL,ROC OIL (GB) LIMITED,3437730,N,N,N,N,2013-05-08
Rocksource ASA,940376645,NULL,ROCKSOURCE ASA,4062921,N,Y,N,Y,2013-05-08
Rocksource Exploration Norway AS,998852722,NULL,ROCKSOURCE EXPLORATION NORWAY AS,22528729,Y,N,Y,Y,2013-05-08
Rowan Companies Inc,NULL,NULL,ROWAN COMPANIES INC,4240911,N,N,N,N,2013-05-08
Ruhrgas Norge AS,985740909,NULL,RUHRGAS NORGE,2489913,N,N,N,Y,2013-05-08
RWE Dea Norge AS,926620207,NULL,RWE-DEA NORGE,97557,Y,Y,Y,Y,2013-05-08
RWE-DEA Nord AS,860008122,NULL,RWE-DEA NORD,853513,N,N,N,N,2013-05-08
S&A Geophysical,NULL,NULL,S&A,21333711,N,N,N,N,2013-05-08
Saga Petroleum ASA,925111406,NULL,SAGA,716,N,Y,N,Y,2013-05-08
Sagex Petroleum Norge AS,988120545,NULL,SAGEX PETROLEUM NORGE,4504106,N,N,N,Y,2013-05-08
SAIPEM (UK) LTD,NULL,NULL,SAIPEM UK,40874,N,N,N,N,2013-05-08
Sartor Shipping AS,956150809,NULL,SARTOR SHIPPING AS,5481294,N,N,N,N,2013-05-08
Scandinavian Sun Oil A/S,NULL,NULL,SCANDINAVIAN SUN OIL,727,N,N,N,Y,2013-05-08
SDØE,NULL,NULL,SDØE,1623450,N,N,N,Y,2013-05-08
SeaBed Geophysical AS,978595510,NULL,SEABED,2088156,N,N,N,N,2013-05-08
Seabird Technologies AS,978595510,NULL,SEABIRD TECHNOLOGIES,20472500,N,N,N,N,2013-05-08
Seadrill Offshore AS,929350685,NULL,SEADRILL OFFSHORE,4070351,N,N,N,N,2013-05-08
SEALION SHIPPING LTD.,NULL,NULL,SEALINE,1629661,N,N,N,N,2013-05-08
Searcher Seismic,NULL,NULL,SEARCHER SEISMIC,20439960,N,N,N,N,2013-05-08
Searcher Seismic Pty Ltd,NULL,NULL,SEARCHER,20439980,N,N,N,N,2013-05-08
Seateam,NULL,NULL,SEATEAM,21333618,N,N,N,N,2013-05-08
Sedco Forex Schlumberger,NULL,NULL,SEDCO FOREX,2783014,N,N,N,N,2013-05-08
Sefel J. & Associates (UK) LTD,NULL,NULL,SEFEL,21333755,N,N,N,N,2013-05-08
Seiscom Delta Exploration INC,NULL,NULL,SEISCOM DELTA INC,21140087,N,N,N,N,2013-05-08
Seismic Exploration International S.A.,NULL,NULL,SEI,21333733,N,N,N,N,2013-05-08
Seismic Profilers,NULL,NULL,SEIPRO,21333585,N,N,N,N,2013-05-08
SEISMOGRAPHH SERVICE (ENGLAND) LTD,NULL,NULL,SSL,2801,N,N,N,N,2013-05-08
Serica Energy (UK) Ltd,NULL,NULL,SERICA ENERGY,4062969,N,N,N,Y,2013-05-08
Serica Energy Norge AS,991252606,NULL,SERICA ENERGY NORGE,4719815,N,N,N,Y,2013-05-08
Sevmorneftegeofizika,NULL,NULL,SEVMORNEFTEGEOFIZIKA,5481315,N,N,N,N,2013-05-08
Sevmorneftegeophysica,NULL,NULL,SEVMORN,21333832,N,N,N,N,2013-05-08
Sevoteam,NULL,NULL,SEVOTEAM,21333497,N,N,N,N,2013-05-08
Siem Offshore AS,990673586,NULL,SIEM OFFSHORE AS,18054440,N,N,N,N,2013-05-08
Silex Gas Norway AS,996739910,NULL,SILEX GAS NORWAY,21139663,N,N,N,N,2013-05-08
SIMON PETROLEUM TECHNOLOGY LTD,NULL,NULL,SIMON,2682,N,N,N,N,2013-05-08
SINTEF Petroleumsforskning AS,936882331,NULL,SINTEF,3965667,N,N,N,N,2013-05-08
Skagen44 AS,989795767,NULL,SKAGEN44 AS,4510260,N,N,Y,Y,2013-05-08
Skeie Energy AS,990809712,NULL,SKEIE ENERGY AS,23286115,N,N,Y,Y,2013-05-08
Skeie Energy AS (Old),991531556,NULL,SKEIE ENERGY AS (OLD),4511646,N,N,Y,Y,2013-05-08
Skeie Oil & Gas AS,990809712,NULL,SKEIE OIL & GAS AS,4998977,N,N,N,Y,2013-05-08
Smedvig Offshore AS,929350685,NULL,SMEDVIG,2359213,N,N,N,N,2013-05-08
Solstad Shipping AS,977228476,NULL,SOLSTAD SHIPPING,2449930,N,N,N,N,2013-05-08
Solveig Gas Norway AS,996888177,NULL,SOLVEIG GAS NORWAY,21139652,N,N,N,N,2013-05-08
Songa Offshore ASA,988124923,NULL,SONGA OFFSHORE ASA,4055931,N,N,N,N,2013-05-08
Sonics Exploration,NULL,NULL,SONICS,21333799,N,N,N,N,2013-05-08
Spec Partners Ltd,NULL,NULL,SPEC PARTNERS LTD,18086040,N,N,N,N,2013-05-08
Spectrum ASA,992470763,NULL,SPECTRUM ASA,21572016,N,N,N,N,2013-05-08
Spectrum Geophysical Services,NULL,NULL,SPECTRUM,21333722,N,N,N,N,2013-05-08
Spike Exploration AS,999250521,NULL,SPIKE EXPLORATION AS,23268831,N,N,N,N,2013-05-08
Spike Exploration Holding AS,998483476,NULL,SPIKE EXPLORATION HOLDING,23268842,N,N,N,N,2013-05-08
Spring Energy Exploration AS,991252606,NULL,SPRING ENERGY EXPLORATION,5446425,N,N,N,Y,2013-05-08
Spring Energy Norway AS,991870830,NULL,SPRING ENERGY NORWAY AS,5072514,N,Y,N,Y,2013-05-08
Statens Forurensningstilsyn,970935657,NULL,SFT,2473166,N,N,N,N,2013-05-08
Statex A.S. Laboratory,NULL,NULL,STATEX,21333700,N,N,N,N,2013-05-08
Statoil ASA,923609016,NULL,STATOIL ASA,17237803,N,N,N,N,2013-05-08
Statoil ASA (old),923609016,NULL,STATOIL ASA (OLD),1622484,N,Y,N,Y,2013-05-08
Statoil Petroleum AS,990888213,NULL,STATOIL PETROLEUM AS,17237817,Y,Y,Y,Y,2013-05-08
StatoilHydro ASA,923609016,NULL,STATOILHYDRO ASA,4511854,N,Y,N,Y,2013-05-08
StatoilHydro Petroleum AS,990888213,NULL,STATOILHYDRO PETROLEUM,4511658,N,Y,N,Y,2013-05-08
Stena Drilling Limited,NULL,NULL,STENA DRILLING,2399644,N,N,N,N,2013-05-08
STOE,NULL,NULL,STOE,1032937,N,N,N,N,2013-05-08
Stolt Offshore A/S,937403348,NULL,STOLT OFFSHORE,2411309,N,N,N,N,2013-05-08
Subsea 7 Norway Norsk avdeling av utenlandsk foretak,984366043,NULL,SUBSEA 7 NORWAY,21076900,N,N,N,N,2013-05-08
Sumitomo Corporation Europe Ltd,980729923,NULL,SUMITOMO,2845991,N,N,N,N,2013-05-08
Suncor Energy Norge AS,989362100,NULL,SUNCOR ENERGY NORGE,20426420,Y,Y,Y,Y,2013-05-08
Sunningdale Oil Norge A/S,NULL,NULL,SUNNINGDALE,760,N,N,N,Y,2013-05-08
Superior Oil Norge A/S,NULL,NULL,SUPERIOR NORGE,771,N,N,N,Y,2013-05-08
Svenska Petroleum Exploration AS,910229958,NULL,SVENSKA PETROLEUM,738,N,N,Y,Y,2013-05-08
SVERIGES GEOLOGISKE UNDERSØKNING,NULL,NULL,SGU,3097,N,N,N,N,2013-05-08
Svitzer LTD,NULL,NULL,SVITZER,21333876,N,N,N,N,2013-05-08
Syracuse Oils Norge A/S,NULL,NULL,SYRACUSE,782,N,Y,N,Y,2013-05-08
Talisman Energy (UK) Limited,00825828,NULL,TALISMAN ENERGY (UK),20415938,N,N,N,N,2013-05-08
Talisman Energy Norge AS,985706050,NULL,TALISMAN ENERGY,2425093,Y,Y,Y,Y,2013-05-08
Talisman Expro Limited,03518803,NULL,TALISMAN EXPRO,3987589,N,N,N,N,2013-05-08
Talisman LNS Limited,02483161,NULL,TALISMAN LNS,4462294,N,N,N,N,2013-05-08
Talisman North Sea Limited,01061863,NULL,TALISMAN NORTH SEA,4462398,N,N,N,N,2013-05-08
Talisman Petroleum Norge AS,997198336,NULL,TALISMAN PETROLEUM NORGE,21139184,N,N,N,Y,2013-05-08
Talisman Production Norge AS,984131941,NULL,TALISMAN PRODUCTION,3420565,N,Y,N,Y,2013-05-08
Talisman Resources Norge AS,977026792,NULL,TALISMAN RESOURCES,3987574,N,Y,N,Y,2013-05-08
TANANGER OFFSHORE AS,977241901,NULL,TANANGER OFFSHORE,1629334,N,N,N,N,2013-05-08
TAUBÅTKOMPANIET A/S,926265156,NULL,TAUBÅTKOMPANIEN,2129742,N,N,N,N,2013-05-08
Technip Norge AS,963052944,NULL,TECHNIP NORGE AS,4538894,N,N,N,N,2013-05-08
Technip Offshore UK Limited,NULL,NULL,TECHNIP OFFSHORE,4055814,N,N,N,N,2013-05-08
Teledyne Exploration International,NULL,NULL,TELEDYNE,21333810,N,N,N,N,2013-05-08
Tellus Petroleum AS,998449111,NULL,TELLUS PETROLEUM,23268853,N,N,N,N,2013-05-08
Tennaco Oil Norway A/S,NULL,NULL,TENNECO,793,N,N,N,Y,2013-05-08
Texaco Exploration Norway AS,910226010,NULL,TEXACO,804,N,N,N,Y,2013-05-08
Texaco Exploration Norway II A/S,924745193,NULL,TEXACO II,815,N,N,N,Y,2013-05-08
Texas Eastern Norwegian Inc.,NULL,NULL,TEXAS EASTERN,837,N,N,N,Y,2013-05-08
Texas Overseas Petroleum Company,NULL,NULL,TEXAS,826,N,N,N,Y,2013-05-08
TGS Nopec Geophysical Company  ASA,976695372,NULL,TGS NOPEC,123875,N,N,N,N,2013-05-08
Total E&P Norge AS,927066440,NULL,TOTAL E&P NORGE,2410708,Y,Y,Y,Y,2013-05-08
TOTAL E&P UK PLC,NULL,NULL,TOTAL E&P UK,2747820,N,N,N,N,2013-05-08
TOTAL FINA ELF,NULL,NULL,TOTAL FINA ELF,1032871,N,N,N,N,2013-05-08
Total Norge AS,923829822,NULL,TOTAL,848,N,Y,N,Y,2013-05-08
Total Oil Marine Ltd,NULL,NULL,TOTAL OIL,45696,N,N,N,N,2013-05-08
TotalFinaElf Exploration Norge AS,927066440,NULL,TOTALFINAELF,1340884,N,Y,N,Y,2013-05-08
Transocean Norway Drilling AS,982000564,NULL,TRANSOCEAN NORWAY DRILLING,21125820,N,N,N,N,2013-05-08
Transocean Offshore Europe Ltd,980865797,NULL,TRANSOCEAN OFFSHORE,2050195,N,N,N,N,2013-05-08
Tullow Norge AS,998549183,NULL,TULLOW NORGE,22513189,N,N,N,N,2013-05-08
Tullow Oil (Bream) Norge AS,991252606,NULL,TULLOW OIL (BREAM) NORGE,23173840,N,N,Y,N,2013-05-08
Tullow Oil Norge AS,991870830,NULL,TULLOW OIL NORGE,23173852,Y,N,Y,N,2013-05-08
Ugland Construction Company AS,929706870,NULL,UGLAND,859,N,N,N,Y,2013-05-08
Union Norge A/S,NULL,NULL,UNION OIL,881,N,Y,N,Y,2013-05-08
UNIVERSITETET I BERGEN,NULL,NULL,UiB,2611,N,N,N,N,2013-05-08
UNIVERSITETET I OSLO,NULL,NULL,UIO,2623,N,N,N,N,2013-05-08
Universitetet i Stavanger,971564679,NULL,UiS,5442414,N,N,N,N,2013-05-08
UNIVERSITETET I TROMSØ,NULL,NULL,UiT,2635,N,N,N,N,2013-05-08
Universitetet i Uppsala,NULL,NULL,UIU,21333854,N,N,N,N,2013-05-08
University of Glasgow,NULL,NULL,UNIVGLAS,916812,N,N,N,N,2013-05-08
Unocal Norge A/S,NULL,NULL,UNOCAL N,892,N,N,N,Y,2013-05-08
Valiant Petroleum Norge AS,988120545,NULL,VALIANT PETROLEUM NORGE,21104529,Y,N,Y,Y,2013-05-08
VERITAS DGC LTD,NULL,NULL,VERITAS DGC,102081,N,N,N,N,2013-05-08
Viking Offshore A/S,NULL,NULL,VIKING,3499787,N,N,N,N,2013-05-08
Vista Ship Management AS,976933540,NULL,VISTA SHIP MANAGEMENT AS,2819883,N,N,N,N,2013-05-08
VNG Norge (Operations) AS,934651758,NULL,VNG NORGE (OPERATIONS) AS,5497155,N,Y,N,Y,2013-05-08
VNG Norge AS,934651758,NULL,VNG NORGE AS,17237193,Y,Y,Y,Y,2013-05-08
VNG Norge AS (old),990072833,NULL,VNG NORGE AS (OLD),4062895,N,N,N,Y,2013-05-08
Volstad Shipping AS,986357157,NULL,VOLSTAD SHIPPING AS,4966195,N,N,N,N,2013-05-08
Volvo Petroleum Norge A/S,929241576,NULL,VOLVO NORGE,903,N,N,N,Y,2013-05-08
W. L. Gore & Associates Scandinavia AB,985650632,NULL,GORE & ASSOCIATES SCANDINAVIA,21668692,N,N,N,N,2013-05-08
Wavefield Geophysical AS,989062131,NULL,WAVEFIELD GEOPHYSICAL,4038574,N,N,N,N,2013-05-08
Wavefield Inseis AS,983811310,NULL,WAVEFIELD INSEIS AS,4379291,N,N,N,N,2013-05-08
Weatherford Petroleum Consultants AS,989114506,NULL,WEATHERFORD PETROLEUM CONSULTANTS,5466676,N,N,N,N,2013-05-08
Well Ops (UK) Ltd,NULL,NULL,WELL OPS,2819894,N,N,N,N,2013-05-08
WESTERN GEOPHYSICAL COMPANY OF AMERICA,NULL,NULL,WESTERN,2647,N,N,N,N,2013-05-08
WesternGeco AS,926396684,NULL,WESTERNGECO,1628745,N,N,N,N,2013-05-08
Wilh Wilhelmsen ASA,930686344,NULL,WILH WILHELMSEN ASA,2417051,N,N,N,N,2013-05-08
Wintershall Norge A/S,923830375,NULL,WINTERSHALL,914,N,N,N,Y,2013-05-08
Wintershall Norge AS,985224323,NULL,WINTERSHALL NORGE AS,21666830,Y,Y,Y,Y,2013-05-08
Wintershall Norge AS (old),988712612,NULL,WINTERSHALL NORGE AS (OLD),3482302,N,Y,N,Y,2013-05-08
Wintershall Norge ASA,985224323,NULL,WINTERSHALL NORGE ASA,5442509,N,Y,N,Y,2013-05-08
Ødegaard A/S,NULL,NULL,ØDEGAARD,2384060,N,N,N,N,2013-05-08
Østensjø Rederi I AS,977249155,NULL,ØSTENSJØ REDERI I AS,5091194,N,N,N,N,2013-05-08
