fldName,cmpLongName,fldCurrentActivitySatus,wlbName,wlbCompletionDate,fldOwnerKind,fldOwnerName,fldNpdidOwner,fldNpdidField,wlbNpdidWellbore,cmpNpdidCompany,fldFactPageUrl,fldFactMapUrl,fldDateUpdated,fldDateUpdatedMax,dateSyncNPD
ALBUSKJELL,ConocoPhillips Skandinavia AS,SHUT DOWN,1/6-1,1972-11-26,PRODUCTION LICENSE,018,20900,43437,239,2410696,http://factpages.npd.no/FactPages/default.aspx?nav1=field&nav2=PageView|All&nav3=43437,http://www.npd.no/FactMapSearch?NPDID_field=43437,9999-12-31,9999-12-31,2013-05-08
ALVE,Statoil Petroleum AS,PRODUCING,6507/3-1,1990-10-26,PRODUCTION LICENSE,159 B,2819945,4444332,1533,17237817,http://factpages.npd.no/FactPages/default.aspx?nav1=field&nav2=PageView|All&nav3=4444332,http://www.npd.no/FactMapSearch?NPDID_field=4444332,9999-12-31,9999-12-31,2013-05-08
ALVHEIM,Marathon Oil Norge AS,PRODUCING,24/6-2,1998-07-08,PRODUCTION LICENSE,203,22436,2845712,3397,20485291,http://factpages.npd.no/FactPages/default.aspx?nav1=field&nav2=PageView|All&nav3=2845712,http://www.npd.no/FactMapSearch?NPDID_field=2845712,9999-12-31,2012-12-08,2013-05-08
ATLA,Total E&P Norge AS,PRODUCING,25/5-7,2010-10-23,PRODUCTION LICENSE,102 C,5467035,21106284,6423,2410708,http://factpages.npd.no/FactPages/default.aspx?nav1=field&nav2=PageView|All&nav3=21106284,http://www.npd.no/FactMapSearch?NPDID_field=21106284,2012-10-26,2012-10-26,2013-05-08
BALDER,ExxonMobil Exploration & Production Norway AS,PRODUCING,25/11-1,1967-07-09,PRODUCTION LICENSE,001,20756,43562,143,2835212,http://factpages.npd.no/FactPages/default.aspx?nav1=field&nav2=PageView|All&nav3=43562,http://www.npd.no/FactMapSearch?NPDID_field=43562,9999-12-31,9999-12-31,2013-05-08
BLANE,Talisman Energy Norge AS,PRODUCING,1/2-1,1989-06-04,BUSINESS ARRANGEMENT AREA,BLANE UNIT,3437667,3437650,1382,2425093,http://factpages.npd.no/FactPages/default.aspx?nav1=field&nav2=PageView|All&nav3=3437650,http://www.npd.no/FactMapSearch?NPDID_field=3437650,9999-12-31,9999-12-31,2013-05-08
BRAGE,Statoil Petroleum AS,PRODUCING,31/4-3,1980-05-11,BUSINESS ARRANGEMENT AREA,BRAGE UNIT,40432,43651,402,17237817,http://factpages.npd.no/FactPages/default.aspx?nav1=field&nav2=PageView|All&nav3=43651,http://www.npd.no/FactMapSearch?NPDID_field=43651,9999-12-31,2013-02-20,2013-05-08
BRYNHILD,Lundin Norway AS,PDO APPROVED,7/7-2,1992-04-25,PRODUCTION LICENSE,148,21996,21123063,1868,2767314,http://factpages.npd.no/FactPages/default.aspx?nav1=field&nav2=PageView|All&nav3=21123063,http://www.npd.no/FactMapSearch?NPDID_field=21123063,9999-12-31,2013-01-03,2013-05-08
BØYLA,Marathon Oil Norge AS,PDO APPROVED,24/9-9 S,2009-10-07,PRODUCTION LICENSE,340,2986630,22492497,6222,20485291,http://factpages.npd.no/FactPages/default.aspx?nav1=field&nav2=PageView|All&nav3=22492497,http://www.npd.no/FactMapSearch?NPDID_field=22492497,2012-10-28,2012-10-28,2013-05-08
COD,ConocoPhillips Skandinavia AS,SHUT DOWN,7/11-1,1968-06-15,PRODUCTION LICENSE,018,20900,43785,149,2410696,http://factpages.npd.no/FactPages/default.aspx?nav1=field&nav2=PageView|All&nav3=43785,http://www.npd.no/FactMapSearch?NPDID_field=43785,9999-12-31,2013-04-19,2013-05-08
DRAUGEN,A/S Norske Shell,PRODUCING,6407/9-1,1984-09-07,PRODUCTION LICENSE,093,21548,43758,133,562,http://factpages.npd.no/FactPages/default.aspx?nav1=field&nav2=PageView|All&nav3=43758,http://www.npd.no/FactMapSearch?NPDID_field=43758,9999-12-31,2012-12-01,2013-05-08
EDDA,ConocoPhillips Skandinavia AS,SHUT DOWN,2/7-4,1972-09-03,PRODUCTION LICENSE,018,20900,43541,263,2410696,http://factpages.npd.no/FactPages/default.aspx?nav1=field&nav2=PageView|All&nav3=43541,http://www.npd.no/FactMapSearch?NPDID_field=43541,9999-12-31,9999-12-31,2013-05-08
EDVARD GRIEG,Lundin Norway AS,PDO APPROVED,16/1-8,2007-11-13,PRODUCTION LICENSE,338,2986578,21675433,5612,2767314,http://factpages.npd.no/FactPages/default.aspx?nav1=field&nav2=PageView|All&nav3=21675433,http://www.npd.no/FactMapSearch?NPDID_field=21675433,2012-06-14,2012-12-20,2013-05-08
EKOFISK,ConocoPhillips Skandinavia AS,PRODUCING,2/4-2,1969-12-24,PRODUCTION LICENSE,018,20900,43506,172,2410696,http://factpages.npd.no/FactPages/default.aspx?nav1=field&nav2=PageView|All&nav3=43506,http://www.npd.no/FactMapSearch?NPDID_field=43506,9999-12-31,9999-12-31,2013-05-08
ELDFISK,ConocoPhillips Skandinavia AS,PRODUCING,2/7-1,1970-12-11,PRODUCTION LICENSE,018,20900,43527,179,2410696,http://factpages.npd.no/FactPages/default.aspx?nav1=field&nav2=PageView|All&nav3=43527,http://www.npd.no/FactMapSearch?NPDID_field=43527,9999-12-31,9999-12-31,2013-05-08
EMBLA,ConocoPhillips Skandinavia AS,PRODUCING,2/7-20,1988-06-25,PRODUCTION LICENSE,018,20900,43534,1062,2410696,http://factpages.npd.no/FactPages/default.aspx?nav1=field&nav2=PageView|All&nav3=43534,http://www.npd.no/FactMapSearch?NPDID_field=43534,2012-10-12,2012-10-12,2013-05-08
ENOCH,Talisman North Sea Limited,PRODUCING,UNKNOWN,9999-12-31,BUSINESS ARRANGEMENT AREA,ENOCH UNIT,3437805,3437659,0,4462398,http://factpages.npd.no/FactPages/default.aspx?nav1=field&nav2=PageView|All&nav3=3437659,http://www.npd.no/FactMapSearch?NPDID_field=3437659,9999-12-31,2012-09-15,2013-05-08
FRAM,Statoil Petroleum AS,PRODUCING,35/11-4,1990-12-29,PRODUCTION LICENSE,090,21524,1578840,1523,17237817,http://factpages.npd.no/FactPages/default.aspx?nav1=field&nav2=PageView|All&nav3=1578840,http://www.npd.no/FactMapSearch?NPDID_field=1578840,2013-04-30,2013-04-30,2013-05-08
FRIGG,Total E&P Norge AS,SHUT DOWN,25/1-1,1971-07-22,BUSINESS ARRANGEMENT AREA,FRIGG UNIT,45634,43555,190,2410708,http://factpages.npd.no/FactPages/default.aspx?nav1=field&nav2=PageView|All&nav3=43555,http://www.npd.no/FactMapSearch?NPDID_field=43555,9999-12-31,9999-12-31,2013-05-08
FRØY,Det norske oljeselskap ASA,SHUT DOWN,25/5-1,1987-08-01,PRODUCTION LICENSE,364,3810636,43597,884,17342870,http://factpages.npd.no/FactPages/default.aspx?nav1=field&nav2=PageView|All&nav3=43597,http://www.npd.no/FactMapSearch?NPDID_field=43597,9999-12-31,9999-12-31,2013-05-08
GAUPE,BG Norge AS,PRODUCING,6/3-1,1985-02-01,PRODUCTION LICENSE,292,2407572,18161341,450,2747354,http://factpages.npd.no/FactPages/default.aspx?nav1=field&nav2=PageView|All&nav3=18161341,http://www.npd.no/FactMapSearch?NPDID_field=18161341,9999-12-31,9999-12-31,2013-05-08
GIMLE,Statoil Petroleum AS,PRODUCING,34/10-48 S,2004-12-22,BUSINESS ARRANGEMENT AREA,GIMLE UNIT,4007192,4005142,4902,17237817,http://factpages.npd.no/FactPages/default.aspx?nav1=field&nav2=PageView|All&nav3=4005142,http://www.npd.no/FactMapSearch?NPDID_field=4005142,9999-12-31,9999-12-31,2013-05-08
GJØA,GDF SUEZ E&P Norge AS,PRODUCING,35/9-1,1989-05-07,PRODUCTION LICENSE,153,22036,4467574,1375,5267845,http://factpages.npd.no/FactPages/default.aspx?nav1=field&nav2=PageView|All&nav3=4467574,http://www.npd.no/FactMapSearch?NPDID_field=4467574,2013-02-22,2013-02-22,2013-05-08
GLITNE,Statoil Petroleum AS,SHUT DOWN,15/5-5,1995-10-05,PRODUCTION LICENSE,048 B,1342723,1272071,2635,17237817,http://factpages.npd.no/FactPages/default.aspx?nav1=field&nav2=PageView|All&nav3=1272071,http://www.npd.no/FactMapSearch?NPDID_field=1272071,2013-03-23,2013-03-23,2013-05-08
GOLIAT,Eni Norge AS,PDO APPROVED,7122/7-1,2000-10-05,PRODUCTION LICENSE,229,22644,5774394,4173,2388594,http://factpages.npd.no/FactPages/default.aspx?nav1=field&nav2=PageView|All&nav3=5774394,http://www.npd.no/FactMapSearch?NPDID_field=5774394,9999-12-31,9999-12-31,2013-05-08
GRANE,Statoil Petroleum AS,PRODUCING,25/11-15,1991-12-25,BUSINESS ARRANGEMENT AREA,GRANE UNIT,1031365,1035937,1872,17237817,http://factpages.npd.no/FactPages/default.aspx?nav1=field&nav2=PageView|All&nav3=1035937,http://www.npd.no/FactMapSearch?NPDID_field=1035937,9999-12-31,9999-12-31,2013-05-08
GUDRUN,Statoil Petroleum AS,PDO APPROVED,15/3-1 S,1975-07-06,PRODUCTION LICENSE,025,34512,18116481,309,17237817,http://factpages.npd.no/FactPages/default.aspx?nav1=field&nav2=PageView|All&nav3=18116481,http://www.npd.no/FactMapSearch?NPDID_field=18116481,9999-12-31,9999-12-31,2013-05-08
GULLFAKS,Statoil Petroleum AS,PRODUCING,34/10-1,1978-09-08,PRODUCTION LICENSE,050,21188,43686,424,17237817,http://factpages.npd.no/FactPages/default.aspx?nav1=field&nav2=PageView|All&nav3=43686,http://www.npd.no/FactMapSearch?NPDID_field=43686,9999-12-31,2013-04-25,2013-05-08
GULLFAKS SØR,Statoil Petroleum AS,PRODUCING,34/10-2,1978-12-08,PRODUCTION LICENSE,050,21188,43699,425,17237817,http://factpages.npd.no/FactPages/default.aspx?nav1=field&nav2=PageView|All&nav3=43699,http://www.npd.no/FactMapSearch?NPDID_field=43699,9999-12-31,9999-12-31,2013-05-08
GUNGNE,Statoil Petroleum AS,PRODUCING,15/9-15,1982-08-01,PRODUCTION LICENSE,046,21156,43464,74,17237817,http://factpages.npd.no/FactPages/default.aspx?nav1=field&nav2=PageView|All&nav3=43464,http://www.npd.no/FactMapSearch?NPDID_field=43464,9999-12-31,9999-12-31,2013-05-08
GYDA,Talisman Energy Norge AS,PRODUCING,2/1-3,1980-03-29,PRODUCTION LICENSE,019 B,20924,43492,251,2425093,http://factpages.npd.no/FactPages/default.aspx?nav1=field&nav2=PageView|All&nav3=43492,http://www.npd.no/FactMapSearch?NPDID_field=43492,9999-12-31,9999-12-31,2013-05-08
HEIDRUN,Statoil Petroleum AS,PRODUCING,6507/7-2,1985-06-10,BUSINESS ARRANGEMENT AREA,HEIDRUN UNIT,40490,43771,464,17237817,http://factpages.npd.no/FactPages/default.aspx?nav1=field&nav2=PageView|All&nav3=43771,http://www.npd.no/FactMapSearch?NPDID_field=43771,9999-12-31,9999-12-31,2013-05-08
HEIMDAL,Statoil Petroleum AS,PRODUCING,25/4-1,1972-12-09,PRODUCTION LICENSE,036 BS,2473189,43590,359,17237817,http://factpages.npd.no/FactPages/default.aspx?nav1=field&nav2=PageView|All&nav3=43590,http://www.npd.no/FactMapSearch?NPDID_field=43590,9999-12-31,9999-12-31,2013-05-08
HOD,BP Norge AS,PRODUCING,2/11-2,1974-12-29,PRODUCTION LICENSE,033,21052,43485,285,2052695,http://factpages.npd.no/FactPages/default.aspx?nav1=field&nav2=PageView|All&nav3=43485,http://www.npd.no/FactMapSearch?NPDID_field=43485,9999-12-31,9999-12-31,2013-05-08
HULDRA,Statoil Petroleum AS,PRODUCING,30/2-1,1982-10-12,BUSINESS ARRANGEMENT AREA,HULDRA UNIT,41189,97002,72,17237817,http://factpages.npd.no/FactPages/default.aspx?nav1=field&nav2=PageView|All&nav3=97002,http://www.npd.no/FactMapSearch?NPDID_field=97002,9999-12-31,9999-12-31,2013-05-08
HYME,Statoil Petroleum AS,PRODUCING,6407/8-5 S,2009-05-26,PRODUCTION LICENSE,348,2987047,20474183,6110,17237817,http://factpages.npd.no/FactPages/default.aspx?nav1=field&nav2=PageView|All&nav3=20474183,http://www.npd.no/FactMapSearch?NPDID_field=20474183,2013-03-07,2013-03-07,2013-05-08
ISLAY,TOTAL E&P UK PLC,PRODUCING,UNKNOWN,9999-12-31,PRODUCTION LICENSE,043 CS,18116800,21105675,0,2747820,http://factpages.npd.no/FactPages/default.aspx?nav1=field&nav2=PageView|All&nav3=21105675,http://www.npd.no/FactMapSearch?NPDID_field=21105675,9999-12-31,9999-12-31,2013-05-08
JETTE,Det norske oljeselskap ASA,PDO APPROVED,25/8-17,2009-10-29,BUSINESS ARRANGEMENT AREA,JETTE UNIT,21077388,21613906,6185,17342870,http://factpages.npd.no/FactPages/default.aspx?nav1=field&nav2=PageView|All&nav3=21613906,http://www.npd.no/FactMapSearch?NPDID_field=21613906,9999-12-31,2012-11-13,2013-05-08
JOTUN,ExxonMobil Exploration & Production Norway AS,PRODUCING,25/8-5 S,1994-09-22,BUSINESS ARRANGEMENT AREA,JOTUN UNIT,40655,43604,2390,2835212,http://factpages.npd.no/FactPages/default.aspx?nav1=field&nav2=PageView|All&nav3=43604,http://www.npd.no/FactMapSearch?NPDID_field=43604,9999-12-31,9999-12-31,2013-05-08
KNARR,BG Norge AS,PDO APPROVED,34/3-1 S,2008-09-10,PRODUCTION LICENSE,373 S,3811116,20460988,5811,2747354,http://factpages.npd.no/FactPages/default.aspx?nav1=field&nav2=PageView|All&nav3=20460988,http://www.npd.no/FactMapSearch?NPDID_field=20460988,9999-12-31,2012-12-11,2013-05-08
KRISTIN,Statoil Petroleum AS,PRODUCING,6406/2-3,1997-04-15,BUSINESS ARRANGEMENT AREA,HALTENBANKEN VEST UNIT,1854695,1854729,2849,17237817,http://factpages.npd.no/FactPages/default.aspx?nav1=field&nav2=PageView|All&nav3=1854729,http://www.npd.no/FactMapSearch?NPDID_field=1854729,9999-12-31,9999-12-31,2013-05-08
KVITEBJØRN,Statoil Petroleum AS,PRODUCING,34/11-1,1994-10-25,PRODUCTION LICENSE,193,22356,1036101,2377,17237817,http://factpages.npd.no/FactPages/default.aspx?nav1=field&nav2=PageView|All&nav3=1036101,http://www.npd.no/FactMapSearch?NPDID_field=1036101,9999-12-31,9999-12-31,2013-05-08
LILLE-FRIGG,Centrica Resources (Norge) AS,SHUT DOWN,25/2-4,1975-10-20,PRODUCTION LICENSE,362,3810565,43583,356,4238233,http://factpages.npd.no/FactPages/default.aspx?nav1=field&nav2=PageView|All&nav3=43583,http://www.npd.no/FactMapSearch?NPDID_field=43583,9999-12-31,9999-12-31,2013-05-08
MARTIN LINGE,Total E&P Norge AS,PDO APPROVED,30/7-6 R,1978-06-03,BUSINESS ARRANGEMENT AREA,MARTIN LINGE UNIT,3812119,21675447,507,2410708,http://factpages.npd.no/FactPages/default.aspx?nav1=field&nav2=PageView|All&nav3=21675447,http://www.npd.no/FactMapSearch?NPDID_field=21675447,2012-06-14,2012-06-21,2013-05-08
MARULK,Eni Norge AS,PRODUCING,6507/2-2,1992-03-16,PRODUCTION LICENSE,122,21788,18212090,1840,2388594,http://factpages.npd.no/FactPages/default.aspx?nav1=field&nav2=PageView|All&nav3=18212090,http://www.npd.no/FactMapSearch?NPDID_field=18212090,9999-12-31,9999-12-31,2013-05-08
MIKKEL,Statoil Petroleum AS,PRODUCING,6407/6-3,1987-02-16,BUSINESS ARRANGEMENT AREA,MIKKEL UNIT,1629477,1630514,1024,17237817,http://factpages.npd.no/FactPages/default.aspx?nav1=field&nav2=PageView|All&nav3=1630514,http://www.npd.no/FactMapSearch?NPDID_field=1630514,9999-12-31,2012-12-01,2013-05-08
MIME,Lundin Norway AS,SHUT DOWN,7/11-5,1982-06-10,PRODUCTION LICENSE,301,2490380,43792,42,2767314,http://factpages.npd.no/FactPages/default.aspx?nav1=field&nav2=PageView|All&nav3=43792,http://www.npd.no/FactMapSearch?NPDID_field=43792,9999-12-31,2013-04-09,2013-05-08
MORVIN,Statoil Petroleum AS,PRODUCING,6506/11-7,2001-07-27,PRODUCTION LICENSE,134 B,1025257,4966234,3322,17237817,http://factpages.npd.no/FactPages/default.aspx?nav1=field&nav2=PageView|All&nav3=4966234,http://www.npd.no/FactMapSearch?NPDID_field=4966234,9999-12-31,9999-12-31,2013-05-08
MURCHISON,CNR International (UK) Limited,PRODUCING,UNKNOWN,9999-12-31,BUSINESS ARRANGEMENT AREA,MURCHISON UNIT,42302,43665,0,2385943,http://factpages.npd.no/FactPages/default.aspx?nav1=field&nav2=PageView|All&nav3=43665,http://www.npd.no/FactMapSearch?NPDID_field=43665,9999-12-31,9999-12-31,2013-05-08
NJORD,Statoil Petroleum AS,PRODUCING,6407/7-1 S,1986-04-07,BUSINESS ARRANGEMENT AREA,NJORD UNIT,40585,43751,474,17237817,http://factpages.npd.no/FactPages/default.aspx?nav1=field&nav2=PageView|All&nav3=43751,http://www.npd.no/FactMapSearch?NPDID_field=43751,9999-12-31,9999-12-31,2013-05-08
NORDØST FRIGG,NULL,SHUT DOWN,25/1-4,1974-05-30,NULL,NULL,NULL,43568,350,NULL,http://factpages.npd.no/FactPages/default.aspx?nav1=field&nav2=PageView|All&nav3=43568,http://www.npd.no/FactMapSearch?NPDID_field=43568,9999-12-31,9999-12-31,2013-05-08
NORNE,Statoil Petroleum AS,PRODUCING,6608/10-2,1992-01-29,BUSINESS ARRANGEMENT AREA,NORNE INSIDE,40672,43778,1782,17237817,http://factpages.npd.no/FactPages/default.aspx?nav1=field&nav2=PageView|All&nav3=43778,http://www.npd.no/FactMapSearch?NPDID_field=43778,9999-12-31,9999-12-31,2013-05-08
ODIN,NULL,SHUT DOWN,30/10-2,1974-03-28,NULL,NULL,NULL,43610,392,NULL,http://factpages.npd.no/FactPages/default.aspx?nav1=field&nav2=PageView|All&nav3=43610,http://www.npd.no/FactMapSearch?NPDID_field=43610,9999-12-31,9999-12-31,2013-05-08
ORMEN LANGE,A/S Norske Shell,PRODUCING,6305/5-1,1997-10-07,BUSINESS ARRANGEMENT AREA,ORMEN LANGE UNIT,2588637,2762452,3144,562,http://factpages.npd.no/FactPages/default.aspx?nav1=field&nav2=PageView|All&nav3=2762452,http://www.npd.no/FactMapSearch?NPDID_field=2762452,9999-12-31,9999-12-31,2013-05-08
OSEBERG,Statoil Petroleum AS,PRODUCING,30/6-1,1979-09-22,BUSINESS ARRANGEMENT AREA,OSEBERG AREA UNIT,3500071,43625,380,17237817,http://factpages.npd.no/FactPages/default.aspx?nav1=field&nav2=PageView|All&nav3=43625,http://www.npd.no/FactMapSearch?NPDID_field=43625,9999-12-31,2012-12-06,2013-05-08
OSEBERG SØR,Statoil Petroleum AS,PRODUCING,30/9-3,1984-02-26,BUSINESS ARRANGEMENT AREA,OSEBERG AREA UNIT,3500071,43645,55,17237817,http://factpages.npd.no/FactPages/default.aspx?nav1=field&nav2=PageView|All&nav3=43645,http://www.npd.no/FactMapSearch?NPDID_field=43645,9999-12-31,2012-12-06,2013-05-08
OSEBERG ØST,Statoil Petroleum AS,PRODUCING,30/6-5,1981-08-15,BUSINESS ARRANGEMENT AREA,OSEBERG AREA UNIT,3500071,43639,118,17237817,http://factpages.npd.no/FactPages/default.aspx?nav1=field&nav2=PageView|All&nav3=43639,http://www.npd.no/FactMapSearch?NPDID_field=43639,9999-12-31,2012-12-06,2013-05-08
OSELVAR,DONG E&P Norge AS,PRODUCING,1/3-6,1991-06-22,PRODUCTION LICENSE,274,2060266,5506919,1521,4070011,http://factpages.npd.no/FactPages/default.aspx?nav1=field&nav2=PageView|All&nav3=5506919,http://www.npd.no/FactMapSearch?NPDID_field=5506919,9999-12-31,2012-09-14,2013-05-08
REV,Talisman Energy Norge AS,PRODUCING,15/12-12,2001-02-09,PRODUCTION LICENSE,038 C,4005057,4467554,3391,2425093,http://factpages.npd.no/FactPages/default.aspx?nav1=field&nav2=PageView|All&nav3=4467554,http://www.npd.no/FactMapSearch?NPDID_field=4467554,9999-12-31,2012-12-07,2013-05-08
RINGHORNE ØST,ExxonMobil Exploration & Production Norway AS,PRODUCING,25/8-14 S,2003-09-22,BUSINESS ARRANGEMENT AREA,RINGHORNE ØST UNIT,3505593,3505505,4805,2835212,http://factpages.npd.no/FactPages/default.aspx?nav1=field&nav2=PageView|All&nav3=3505505,http://www.npd.no/FactMapSearch?NPDID_field=3505505,9999-12-31,9999-12-31,2013-05-08
SIGYN,ExxonMobil Exploration & Production Norway AS,PRODUCING,16/7-4,1982-12-06,PRODUCTION LICENSE,072,21372,1630100,91,2835212,http://factpages.npd.no/FactPages/default.aspx?nav1=field&nav2=PageView|All&nav3=1630100,http://www.npd.no/FactMapSearch?NPDID_field=1630100,9999-12-31,9999-12-31,2013-05-08
SKARV,BP Norge AS,PRODUCING,6507/5-1,1998-05-03,BUSINESS ARRANGEMENT AREA,SKARV UNIT,4468539,4704482,3683,2052695,http://factpages.npd.no/FactPages/default.aspx?nav1=field&nav2=PageView|All&nav3=4704482,http://www.npd.no/FactMapSearch?NPDID_field=4704482,2013-01-09,2013-01-09,2013-05-08
SKIRNE,Total E&P Norge AS,PRODUCING,25/5-3,1990-03-26,PRODUCTION LICENSE,102,21620,2138816,1488,2410708,http://factpages.npd.no/FactPages/default.aspx?nav1=field&nav2=PageView|All&nav3=2138816,http://www.npd.no/FactMapSearch?NPDID_field=2138816,9999-12-31,9999-12-31,2013-05-08
SKULD,Statoil Petroleum AS,PRODUCING,6608/10-12,2008-12-21,PRODUCTION LICENSE,128,21836,21350124,5949,17237817,http://factpages.npd.no/FactPages/default.aspx?nav1=field&nav2=PageView|All&nav3=21350124,http://www.npd.no/FactMapSearch?NPDID_field=21350124,2013-03-22,2013-03-22,2013-05-08
SLEIPNER VEST,Statoil Petroleum AS,PRODUCING,15/6-3,1974-12-19,BUSINESS ARRANGEMENT AREA,SLEIPNER VEST UNIT,40848,43457,318,17237817,http://factpages.npd.no/FactPages/default.aspx?nav1=field&nav2=PageView|All&nav3=43457,http://www.npd.no/FactMapSearch?NPDID_field=43457,9999-12-31,9999-12-31,2013-05-08
SLEIPNER ØST,Statoil Petroleum AS,PRODUCING,15/9-9,1981-07-14,BUSINESS ARRANGEMENT AREA,SLEIPNER ØST UNIT,41211,43478,328,17237817,http://factpages.npd.no/FactPages/default.aspx?nav1=field&nav2=PageView|All&nav3=43478,http://www.npd.no/FactMapSearch?NPDID_field=43478,9999-12-31,9999-12-31,2013-05-08
SNORRE,Statoil Petroleum AS,PRODUCING,34/4-1,1979-12-16,BUSINESS ARRANGEMENT AREA,SNORRE UNIT,40906,43718,422,17237817,http://factpages.npd.no/FactPages/default.aspx?nav1=field&nav2=PageView|All&nav3=43718,http://www.npd.no/FactMapSearch?NPDID_field=43718,9999-12-31,2012-12-06,2013-05-08
SNØHVIT,Statoil Petroleum AS,PRODUCING,7121/4-1,1984-10-27,BUSINESS ARRANGEMENT AREA,SNØHVIT UNIT,1333943,2053062,135,17237817,http://factpages.npd.no/FactPages/default.aspx?nav1=field&nav2=PageView|All&nav3=2053062,http://www.npd.no/FactMapSearch?NPDID_field=2053062,9999-12-31,2012-12-21,2013-05-08
STATFJORD,Statoil Petroleum AS,PRODUCING,33/12-1,1974-04-18,BUSINESS ARRANGEMENT AREA,STATFJORD UNIT,41686,43658,417,17237817,http://factpages.npd.no/FactPages/default.aspx?nav1=field&nav2=PageView|All&nav3=43658,http://www.npd.no/FactMapSearch?NPDID_field=43658,9999-12-31,9999-12-31,2013-05-08
STATFJORD NORD,Statoil Petroleum AS,PRODUCING,33/9-8,1977-02-18,PRODUCTION LICENSE,037,21084,43679,413,17237817,http://factpages.npd.no/FactPages/default.aspx?nav1=field&nav2=PageView|All&nav3=43679,http://www.npd.no/FactMapSearch?NPDID_field=43679,9999-12-31,9999-12-31,2013-05-08
STATFJORD ØST,Statoil Petroleum AS,PRODUCING,33/9-7,1976-11-07,BUSINESS ARRANGEMENT AREA,STATFJORD ØST UNIT,41233,43672,412,17237817,http://factpages.npd.no/FactPages/default.aspx?nav1=field&nav2=PageView|All&nav3=43672,http://www.npd.no/FactMapSearch?NPDID_field=43672,9999-12-31,2012-12-06,2013-05-08
SVALIN,Statoil Petroleum AS,PDO APPROVED,25/11-16,1992-07-24,PRODUCTION LICENSE,169,22164,22507971,1920,17237817,http://factpages.npd.no/FactPages/default.aspx?nav1=field&nav2=PageView|All&nav3=22507971,http://www.npd.no/FactMapSearch?NPDID_field=22507971,2012-11-25,2012-11-25,2013-05-08
SYGNA,Statoil Petroleum AS,PRODUCING,33/9-19 S,1996-07-23,BUSINESS ARRANGEMENT AREA,SYGNA UNIT,96205,104718,2830,17237817,http://factpages.npd.no/FactPages/default.aspx?nav1=field&nav2=PageView|All&nav3=104718,http://www.npd.no/FactMapSearch?NPDID_field=104718,9999-12-31,2012-12-06,2013-05-08
TAMBAR,BP Norge AS,PRODUCING,1/3-3,1983-03-24,PRODUCTION LICENSE,065,21316,1028599,87,2052695,http://factpages.npd.no/FactPages/default.aspx?nav1=field&nav2=PageView|All&nav3=1028599,http://www.npd.no/FactMapSearch?NPDID_field=1028599,9999-12-31,9999-12-31,2013-05-08
TAMBAR ØST,BP Norge AS,PRODUCING,1/3-K-5,2007-07-01,BUSINESS ARRANGEMENT AREA,TAMBAR ØST UNIT,4999504,4999528,5485,2052695,http://factpages.npd.no/FactPages/default.aspx?nav1=field&nav2=PageView|All&nav3=4999528,http://www.npd.no/FactMapSearch?NPDID_field=4999528,9999-12-31,9999-12-31,2013-05-08
TOMMELITEN GAMMA,ConocoPhillips Skandinavia AS,SHUT DOWN,1/9-4,1978-01-12,BUSINESS ARRANGEMENT AREA,TOMMELITEN UNIT,41411,43444,247,2410696,http://factpages.npd.no/FactPages/default.aspx?nav1=field&nav2=PageView|All&nav3=43444,http://www.npd.no/FactMapSearch?NPDID_field=43444,9999-12-31,9999-12-31,2013-05-08
TOR,ConocoPhillips Skandinavia AS,PRODUCING,2/5-1,1970-11-22,BUSINESS ARRANGEMENT AREA,TOR UNIT,45891,43520,178,2410696,http://factpages.npd.no/FactPages/default.aspx?nav1=field&nav2=PageView|All&nav3=43520,http://www.npd.no/FactMapSearch?NPDID_field=43520,9999-12-31,9999-12-31,2013-05-08
TORDIS,Statoil Petroleum AS,PRODUCING,34/7-12,1987-12-17,PRODUCTION LICENSE,089,21516,43725,1187,17237817,http://factpages.npd.no/FactPages/default.aspx?nav1=field&nav2=PageView|All&nav3=43725,http://www.npd.no/FactMapSearch?NPDID_field=43725,9999-12-31,2012-12-05,2013-05-08
TROLL,Statoil Petroleum AS,PRODUCING,31/2-1,1979-11-09,BUSINESS ARRANGEMENT AREA,TROLL UNIT,41105,46437,398,17237817,http://factpages.npd.no/FactPages/default.aspx?nav1=field&nav2=PageView|All&nav3=46437,http://www.npd.no/FactMapSearch?NPDID_field=46437,9999-12-31,9999-12-31,2013-05-08
TRYM,DONG E&P Norge AS,PRODUCING,3/7-4,1990-01-23,PRODUCTION LICENSE,147,21988,18081500,1467,4070011,http://factpages.npd.no/FactPages/default.aspx?nav1=field&nav2=PageView|All&nav3=18081500,http://www.npd.no/FactMapSearch?NPDID_field=18081500,9999-12-31,9999-12-31,2013-05-08
TUNE,Statoil Petroleum AS,PRODUCING,30/8-1 S,1995-03-01,PRODUCTION LICENSE,190,22332,853376,2430,17237817,http://factpages.npd.no/FactPages/default.aspx?nav1=field&nav2=PageView|All&nav3=853376,http://www.npd.no/FactMapSearch?NPDID_field=853376,2013-04-19,2013-04-19,2013-05-08
TYRIHANS,Statoil Petroleum AS,PRODUCING,6407/1-2,1983-05-15,BUSINESS ARRANGEMENT AREA,TYRIHANS UNIT,3488806,3960848,61,17237817,http://factpages.npd.no/FactPages/default.aspx?nav1=field&nav2=PageView|All&nav3=3960848,http://www.npd.no/FactMapSearch?NPDID_field=3960848,9999-12-31,2012-06-08,2013-05-08
ULA,BP Norge AS,PRODUCING,7/12-2,1976-09-24,PRODUCTION LICENSE,019,20916,43800,295,2052695,http://factpages.npd.no/FactPages/default.aspx?nav1=field&nav2=PageView|All&nav3=43800,http://www.npd.no/FactMapSearch?NPDID_field=43800,9999-12-31,2012-12-11,2013-05-08
URD,Statoil Petroleum AS,PRODUCING,6608/10-6,2000-05-14,PRODUCTION LICENSE,128,21836,2834734,3260,17237817,http://factpages.npd.no/FactPages/default.aspx?nav1=field&nav2=PageView|All&nav3=2834734,http://www.npd.no/FactMapSearch?NPDID_field=2834734,9999-12-31,9999-12-31,2013-05-08
VALE,Centrica Resources (Norge) AS,PRODUCING,25/4-6 S,1991-08-24,PRODUCTION LICENSE,036,21076,1578893,1703,4238233,http://factpages.npd.no/FactPages/default.aspx?nav1=field&nav2=PageView|All&nav3=1578893,http://www.npd.no/FactMapSearch?NPDID_field=1578893,9999-12-31,9999-12-31,2013-05-08
VALEMON,Statoil Petroleum AS,PDO APPROVED,34/10-23,1985-10-13,BUSINESS ARRANGEMENT AREA,VALEMON UNIT,18403644,20460969,476,17237817,http://factpages.npd.no/FactPages/default.aspx?nav1=field&nav2=PageView|All&nav3=20460969,http://www.npd.no/FactMapSearch?NPDID_field=20460969,9999-12-31,9999-12-31,2013-05-08
VALHALL,BP Norge AS,PRODUCING,2/8-6,1975-06-30,BUSINESS ARRANGEMENT AREA,VALHALL UNIT,41657,43548,276,2052695,http://factpages.npd.no/FactPages/default.aspx?nav1=field&nav2=PageView|All&nav3=43548,http://www.npd.no/FactMapSearch?NPDID_field=43548,9999-12-31,9999-12-31,2013-05-08
VARG,Talisman Energy Norge AS,PRODUCING,15/12-4,1984-10-31,PRODUCTION LICENSE,038,21092,43451,438,2425093,http://factpages.npd.no/FactPages/default.aspx?nav1=field&nav2=PageView|All&nav3=43451,http://www.npd.no/FactMapSearch?NPDID_field=43451,9999-12-31,9999-12-31,2013-05-08
VEGA,Statoil Petroleum AS,PRODUCING,35/8-1,1981-01-24,BUSINESS ARRANGEMENT AREA,VEGA UNIT,20459640,4467595,205,17237817,http://factpages.npd.no/FactPages/default.aspx?nav1=field&nav2=PageView|All&nav3=4467595,http://www.npd.no/FactMapSearch?NPDID_field=4467595,9999-12-31,2012-09-01,2013-05-08
VESLEFRIKK,Statoil Petroleum AS,PRODUCING,30/3-2 R,1981-02-16,PRODUCTION LICENSE,052,21212,43618,508,17237817,http://factpages.npd.no/FactPages/default.aspx?nav1=field&nav2=PageView|All&nav3=43618,http://www.npd.no/FactMapSearch?NPDID_field=43618,9999-12-31,2012-08-17,2013-05-08
VEST EKOFISK,ConocoPhillips Skandinavia AS,SHUT DOWN,2/4-6,1970-12-10,PRODUCTION LICENSE,018,20900,43513,181,2410696,http://factpages.npd.no/FactPages/default.aspx?nav1=field&nav2=PageView|All&nav3=43513,http://www.npd.no/FactMapSearch?NPDID_field=43513,9999-12-31,9999-12-31,2013-05-08
VIGDIS,Statoil Petroleum AS,PRODUCING,34/7-8,1986-04-11,PRODUCTION LICENSE,089,21516,43732,878,17237817,http://factpages.npd.no/FactPages/default.aspx?nav1=field&nav2=PageView|All&nav3=43732,http://www.npd.no/FactMapSearch?NPDID_field=43732,9999-12-31,2012-12-05,2013-05-08
VILJE,Marathon Oil Norge AS,PRODUCING,25/4-9 S,2003-09-29,PRODUCTION LICENSE,036 D,5081703,3392471,4278,20485291,http://factpages.npd.no/FactPages/default.aspx?nav1=field&nav2=PageView|All&nav3=3392471,http://www.npd.no/FactMapSearch?NPDID_field=3392471,2012-09-20,2012-09-20,2013-05-08
VISUND,Statoil Petroleum AS,PRODUCING,34/8-1,1986-03-08,BUSINESS ARRANGEMENT AREA,VISUND INSIDE,40726,43745,854,17237817,http://factpages.npd.no/FactPages/default.aspx?nav1=field&nav2=PageView|All&nav3=43745,http://www.npd.no/FactMapSearch?NPDID_field=43745,9999-12-31,9999-12-31,2013-05-08
VISUND SØR,Statoil Petroleum AS,PRODUCING,34/8-14 S,2008-10-21,BUSINESS ARRANGEMENT AREA,VISUND INSIDE,40726,20461008,5943,17237817,http://factpages.npd.no/FactPages/default.aspx?nav1=field&nav2=PageView|All&nav3=20461008,http://www.npd.no/FactMapSearch?NPDID_field=20461008,2012-11-24,2012-11-24,2013-05-08
VOLUND,Marathon Oil Norge AS,PRODUCING,24/9-5,1994-01-26,PRODUCTION LICENSE,150,22012,4380167,2244,20485291,http://factpages.npd.no/FactPages/default.aspx?nav1=field&nav2=PageView|All&nav3=4380167,http://www.npd.no/FactMapSearch?NPDID_field=4380167,9999-12-31,9999-12-31,2013-05-08
VOLVE,Statoil Petroleum AS,PRODUCING,15/9-19 SR,1993-03-29,PRODUCTION LICENSE,046 BS,4227659,3420717,2105,17237817,http://factpages.npd.no/FactPages/default.aspx?nav1=field&nav2=PageView|All&nav3=3420717,http://www.npd.no/FactMapSearch?NPDID_field=3420717,9999-12-31,9999-12-31,2013-05-08
YME,Talisman Energy Norge AS,PDO APPROVED,9/2-1,1987-04-28,PRODUCTION LICENSE,316,2786469,43807,1038,2425093,http://factpages.npd.no/FactPages/default.aspx?nav1=field&nav2=PageView|All&nav3=43807,http://www.npd.no/FactMapSearch?NPDID_field=43807,9999-12-31,9999-12-31,2013-05-08
YTTERGRYTA,Statoil Petroleum AS,PRODUCING,6507/11-8,2007-07-03,PRODUCTION LICENSE,062,21292,4973114,5562,17237817,http://factpages.npd.no/FactPages/default.aspx?nav1=field&nav2=PageView|All&nav3=4973114,http://www.npd.no/FactMapSearch?NPDID_field=4973114,9999-12-31,9999-12-31,2013-05-08
ØST FRIGG,Centrica Resources (Norge) AS,SHUT DOWN,25/2-1,1973-09-21,PRODUCTION LICENSE,362,3810565,43576,353,4238233,http://factpages.npd.no/FactPages/default.aspx?nav1=field&nav2=PageView|All&nav3=43576,http://www.npd.no/FactMapSearch?NPDID_field=43576,9999-12-31,9999-12-31,2013-05-08
ÅSGARD,Statoil Petroleum AS,PRODUCING,6507/11-1,1981-12-10,BUSINESS ARRANGEMENT AREA,ÅSGARD UNIT,40564,43765,68,17237817,http://factpages.npd.no/FactPages/default.aspx?nav1=field&nav2=PageView|All&nav3=43765,http://www.npd.no/FactMapSearch?NPDID_field=43765,9999-12-31,9999-12-31,2013-05-08
