Textbox42,Textbox2,ptlName,cmpLongName,tufName,tufNpdidTuf,cmpNpdidCompany,ptlOperDateUpdated,dateSyncNPD
NPDID for TUF,NPDID for selskap,EUROPIPE,GASSCO AS,EUROPIPE I,124262,1944954,9999-12-31,2013-05-08
NPDID for TUF,NPDID for selskap,EUROPIPE II,GASSCO AS,EUROPIPE II,2454909,1944954,9999-12-31,2013-05-08
NPDID for TUF,NPDID for selskap,FRANPIPE,GASSCO AS,FRANPIPE,124202,1944954,9999-12-31,2013-05-08
NPDID for TUF,NPDID for selskap,GJØA GAS PIPELINE,GASSCO AS,GJØA GASSRØR,4480765,1944954,9999-12-31,2013-05-08
NPDID for TUF,NPDID for selskap,HALTENPIPE,Statoil ASA,HALTENPIPE,124293,17237803,9999-12-31,2013-05-08
NPDID for TUF,NPDID for selskap,KOLLSNES GASSBEHANDLINGSANLEGG,GASSCO AS,KOLLSNES GASSANLEGG,124354,1944954,9999-12-31,2013-05-08
NPDID for TUF,NPDID for selskap,KVITEBJØRN GASSTRANSPORT SYSTEM,GASSCO AS,KVITEBJØRN GASSRØR,2417249,1944954,9999-12-31,2013-05-08
NPDID for TUF,NPDID for selskap,KVITEBJØRN OLJETRANSPORT SYSTEM,Statoil Petroleum AS,KVITEBJØRN OLJERØR,917586,17237817,9999-12-31,2013-05-08
NPDID for TUF,NPDID for selskap,GASSBEHANDLINGSANLEGGENE PÅ KÅRSTØ,GASSCO AS,KÅRSTØ GASSANLEGG,3471786,1944954,9999-12-31,2013-05-08
NPDID for TUF,NPDID for selskap,LANGELED,GASSCO AS,LANGELED,2450169,1944954,9999-12-31,2013-05-08
NPDID for TUF,NPDID for selskap,NORNE GASSTRANSPORTSYSTEM,GASSCO AS,NORNE GASSTRANSPORT,1035984,1944954,9999-12-31,2013-05-08
NPDID for TUF,NPDID for selskap,NORPIPE GASSRØR,GASSCO AS,NORPIPE GASSLEDNING,124165,1944954,9999-12-31,2013-05-08
NPDID for TUF,NPDID for selskap,NORPIPE OIL AS,Phillips Petroleum Company Norway,NORPIPE OLJELEDNING,124133,694,9999-12-31,2013-05-08
NPDID for TUF,NPDID for selskap,OSEBERG GASSTRANSPORT,GASSCO AS,OSEBERG GASSTRANSPORT,124170,1944954,9999-12-31,2013-05-08
NPDID for TUF,NPDID for selskap,OSEBERG TRANSPORT SYSTEM (OTS),Statoil Petroleum AS,OSEBERG TRANSPORTSYSTEM,124301,17237817,9999-12-31,2013-05-08
NPDID for TUF,NPDID for selskap,SLEIPNER ØST KONDENSAT,Statoil ASA (old),SLEIPNER KONDENSATRØR,124340,1622484,9999-12-31,2013-05-08
NPDID for TUF,NPDID for selskap,STATPIPE,GASSCO AS,STATPIPE,123940,1944954,9999-12-31,2013-05-08
NPDID for TUF,NPDID for selskap,TAMPEN LINK,GASSCO AS,TAMPEN LINK,3113815,1944954,9999-12-31,2013-05-08
NPDID for TUF,NPDID for selskap,ULA,BP Norge AS,ULA OLJETRANSPORT,124285,2052695,9999-12-31,2013-05-08
NPDID for TUF,NPDID for selskap,VESTERLED,GASSCO AS,VESTERLED,124280,1944954,9999-12-31,2013-05-08
NPDID for TUF,NPDID for selskap,ZEEPIPE,GASSCO AS,ZEEPIPE,124227,1944954,9999-12-31,2013-05-08
NPDID for TUF,NPDID for selskap,ZEEPIPE FASE II-A,GASSCO AS,ZEEPIPE IIA,124244,1944954,9999-12-31,2013-05-08
NPDID for TUF,NPDID for selskap,ZEEPIPE FASE II-B,GASSCO AS,ZEEPIPE IIB,124253,1944954,9999-12-31,2013-05-08
NPDID for TUF,NPDID for selskap,ÅSGARD TRANSPORT,GASSCO AS,ÅSGARD TRANSPORT,124211,1944954,9999-12-31,2013-05-08
