cmpLongName,fldName,cmpRecoverableOil,cmpRecoverableGas,cmpRecoverableNGL,cmpRecoverableCondensate,cmpRecoverableOE,cmpRemainingOil,cmpRemainingGas,cmpRemainingNGL,cmpRemainingCondensate,cmpRemainingOE,cmpDateOffResEstDisplay,cmpShare,fldNpdidField,cmpNpdidCompany,dateSyncNPD
A/S Norske Shell,DRAUGEN,65.37,0.71,1.25,0.00,68.45,6.64,0.04,0.18,0.00,7.02,2012-12-31,44.56000,43758,562,2013-05-08
A/S Norske Shell,GJØA,1.39,3.92,1.04,0.00,7.30,0.77,3.34,0.91,0.00,5.84,2012-12-31,12.00000,4467574,562,2013-05-08
A/S Norske Shell,ORMEN LANGE,0.00,52.19,0.00,2.85,55.03,0.00,35.39,0.00,1.55,36.94,2012-12-31,17.03750,2762452,562,2013-05-08
A/S Norske Shell,TROLL,21.37,116.08,2.23,0.12,141.80,2.92,79.79,1.71,-0.23,85.73,2012-12-31,8.10145,46437,562,2013-05-08
Bayerngas Norge AS,OSELVAR,1.38,1.17,0.00,0.00,2.55,1.35,1.17,0.00,0.00,2.52,2012-12-31,30.00000,5506919,4444493,2013-05-08
Bayerngas Norge AS,TRYM,0.75,2.15,0.00,0.00,2.90,0.40,1.60,0.00,0.00,2.00,2012-12-31,50.00000,18081500,4444493,2013-05-08
Bayerngas Norge AS,VEGA,0.66,1.40,0.24,0.00,2.52,0.51,1.22,0.20,0.00,2.11,2012-12-31,10.00000,4467595,4444493,2013-05-08
Bayerngas Norge AS,VOLVE,0.87,0.08,0.02,0.01,1.00,0.10,0.01,0.00,0.00,0.11,2012-12-31,10.00000,3420717,4444493,2013-05-08
BG Norge AS,GAUPE,0.12,0.30,0.00,0.00,0.42,0.06,0.18,0.00,0.00,0.24,2012-12-31,60.00000,18161341,2747354,2013-05-08
BG Norge AS,KNARR,5.36,0.14,0.36,0.00,6.17,5.36,0.14,0.36,0.00,6.17,2012-12-31,45.00000,20460988,2747354,2013-05-08
BP Norge AS,HOD,3.90,0.68,0.15,0.00,4.86,0.34,0.08,0.04,0.00,0.48,2012-12-31,37.50000,43485,2052695,2013-05-08
BP Norge AS,SKARV,3.69,10.34,1.33,0.00,16.57,3.69,10.34,1.33,0.00,16.57,2012-12-31,23.83500,4704482,2052695,2013-05-08
BP Norge AS,TAMBAR,5.23,1.10,0.28,0.00,6.85,0.33,0.00,0.11,0.00,0.54,2012-12-31,55.00000,1028599,2052695,2013-05-08
BP Norge AS,TAMBAR ØST,0.14,0.00,0.00,0.00,0.14,0.00,0.00,0.00,0.00,0.00,2012-12-31,46.20000,4999528,2052695,2013-05-08
BP Norge AS,ULA,70.32,3.12,3.20,0.00,79.52,12.56,0.00,1.12,0.00,14.69,2012-12-31,80.00000,43800,2052695,2013-05-08
BP Norge AS,VALHALL,52.99,9.89,1.98,0.00,66.64,14.92,2.48,0.79,0.00,18.90,2012-12-31,35.95313,43548,2052695,2013-05-08
Centrica Resources (Norge) AS,ATLA,0.06,0.28,0.00,0.00,0.34,0.06,0.26,0.00,0.00,0.32,2012-12-31,20.00000,21106284,4238233,2013-05-08
Centrica Resources (Norge) AS,HEIMDAL,2.77,15.85,0.00,0.00,18.62,0.54,0.57,0.00,0.00,1.12,2012-12-31,33.79800,43590,4238233,2013-05-08
Centrica Resources (Norge) AS,KVITEBJØRN,5.19,16.93,2.19,0.00,26.27,1.86,9.46,1.54,0.00,14.25,2012-12-31,19.00000,1036101,4238233,2013-05-08
Centrica Resources (Norge) AS,LILLE-FRIGG,0.65,1.10,0.00,0.00,1.75,0.00,0.00,0.00,0.00,0.00,2012-12-31,50.00000,43583,4238233,2013-05-08
Centrica Resources (Norge) AS,SKIRNE,0.66,3.06,0.00,0.00,3.72,0.15,0.39,0.00,0.00,0.54,2012-12-31,30.00000,2138816,4238233,2013-05-08
Centrica Resources (Norge) AS,STATFJORD,131.91,17.90,5.32,0.25,160.16,0.99,2.64,1.41,0.14,6.45,2012-12-31,19.76464,43658,4238233,2013-05-08
Centrica Resources (Norge) AS,STATFJORD NORD,9.13,0.49,0.25,0.00,10.10,0.69,0.00,0.07,0.00,0.83,2012-12-31,23.12500,43679,4238233,2013-05-08
Centrica Resources (Norge) AS,STATFJORD ØST,4.26,0.46,0.24,0.00,5.18,0.08,0.01,0.09,0.00,0.27,2012-12-31,11.56250,43672,4238233,2013-05-08
Centrica Resources (Norge) AS,SYGNA,1.40,0.00,0.00,0.00,1.40,0.14,0.00,0.00,0.00,0.14,2012-12-31,12.71870,104718,4238233,2013-05-08
Centrica Resources (Norge) AS,VALE,1.82,1.74,0.00,0.00,3.56,0.83,0.98,0.00,0.00,1.82,2012-12-31,75.75700,1578893,4238233,2013-05-08
Centrica Resources (Norge) AS,VALEMON,0.64,3.39,0.17,0.00,4.35,0.64,3.39,0.17,0.00,4.35,2012-12-31,13.00000,20460969,4238233,2013-05-08
Centrica Resources (Norge) AS,ØST FRIGG,0.00,4.60,0.00,0.05,4.65,0.00,0.00,0.00,0.00,0.00,2012-12-31,50.00000,43576,4238233,2013-05-08
Chevron Norge AS,DRAUGEN,11.09,0.12,0.21,0.00,11.61,1.13,0.01,0.03,0.00,1.19,2012-12-31,7.56000,43758,3488906,2013-05-08
ConocoPhillips Skandinavia AS,ALBUSKJELL,2.60,5.48,0.35,0.00,8.74,0.00,0.00,0.00,0.00,0.00,2012-12-31,35.11200,43437,2410696,2013-05-08
ConocoPhillips Skandinavia AS,ALVHEIM,7.44,1.36,0.00,0.00,8.80,3.50,0.94,0.00,0.00,4.44,2012-12-31,20.00000,2845712,2410696,2013-05-08
ConocoPhillips Skandinavia AS,BØYLA,0.68,0.06,0.00,0.00,0.74,0.68,0.06,0.00,0.00,0.74,2012-12-31,20.00000,22492497,2410696,2013-05-08
ConocoPhillips Skandinavia AS,COD,1.02,2.56,0.18,0.00,3.91,0.00,0.00,0.00,0.00,0.00,2012-12-31,35.11200,43785,2410696,2013-05-08
ConocoPhillips Skandinavia AS,EDDA,1.69,0.70,0.07,0.00,2.52,0.00,0.00,0.00,0.00,0.00,2012-12-31,35.11200,43541,2410696,2013-05-08
ConocoPhillips Skandinavia AS,EKOFISK,199.86,57.76,5.34,0.00,267.76,45.58,8.01,0.77,0.00,55.05,2012-12-31,35.11200,43506,2410696,2013-05-08
ConocoPhillips Skandinavia AS,ELDFISK,48.42,15.73,1.44,0.00,66.88,13.10,1.90,0.07,0.00,15.13,2012-12-31,35.11200,43527,2410696,2013-05-08
ConocoPhillips Skandinavia AS,EMBLA,4.18,2.63,0.25,0.00,7.28,0.53,1.26,0.11,0.00,1.99,2012-12-31,35.11200,43534,2410696,2013-05-08
ConocoPhillips Skandinavia AS,GIMLE,0.17,0.08,0.02,0.00,0.29,0.02,0.06,0.01,0.00,0.10,2012-12-31,5.78500,4005142,2410696,2013-05-08
ConocoPhillips Skandinavia AS,GRANE,7.69,0.00,0.00,0.00,7.69,2.23,0.00,0.00,0.00,2.23,2012-12-31,6.17440,1035937,2410696,2013-05-08
ConocoPhillips Skandinavia AS,HEIDRUN,44.27,11.30,0.53,0.00,56.59,9.75,7.61,0.41,0.00,18.14,2012-12-31,24.31055,43771,2410696,2013-05-08
ConocoPhillips Skandinavia AS,HULDRA,1.19,4.08,0.02,0.00,5.32,0.00,0.16,0.00,0.00,0.16,2012-12-31,23.33625,97002,2410696,2013-05-08
ConocoPhillips Skandinavia AS,OSEBERG,9.23,2.50,0.29,0.00,12.28,0.54,1.66,0.09,0.00,2.38,2012-12-31,2.40000,43625,2410696,2013-05-08
ConocoPhillips Skandinavia AS,OSEBERG SØR,1.46,0.38,0.04,0.00,1.92,0.41,0.19,0.04,0.00,0.68,2012-12-31,2.40000,43645,2410696,2013-05-08
ConocoPhillips Skandinavia AS,OSEBERG ØST,0.64,0.01,0.01,0.00,0.66,0.19,0.00,0.01,0.00,0.21,2012-12-31,2.40000,43639,2410696,2013-05-08
ConocoPhillips Skandinavia AS,TOMMELITEN GAMMA,1.10,2.74,0.14,0.00,4.11,0.00,0.00,0.00,0.00,0.00,2012-12-31,28.26000,43444,2410696,2013-05-08
ConocoPhillips Skandinavia AS,TOR,7.45,3.34,0.37,0.00,11.49,0.12,0.03,0.00,0.00,0.15,2012-12-31,30.65799,43520,2410696,2013-05-08
ConocoPhillips Skandinavia AS,TROLL,4.28,23.26,0.45,0.02,28.42,0.58,15.99,0.34,-0.05,17.18,2012-12-31,1.62374,46437,2410696,2013-05-08
ConocoPhillips Skandinavia AS,VEST EKOFISK,4.28,9.13,0.49,0.00,14.35,0.00,0.00,0.00,0.00,0.00,2012-12-31,35.11200,43513,2410696,2013-05-08
ConocoPhillips Skandinavia AS,VISUND,3.08,4.67,0.58,0.00,8.86,1.05,4.03,0.55,0.00,6.12,2012-12-31,9.10000,43745,2410696,2013-05-08
ConocoPhillips Skandinavia AS,VISUND SØR,0.25,0.66,0.08,0.00,1.07,0.25,0.66,0.08,0.00,1.07,2012-12-31,9.10000,20461008,2410696,2013-05-08
Core Energy AS,BRAGE,7.27,0.55,0.18,0.00,8.17,0.49,0.15,0.04,0.00,0.71,2012-12-31,12.25750,43651,20460080,2013-05-08
Core Energy AS,HYME,0.56,0.09,0.04,0.00,0.71,0.56,0.09,0.04,0.00,0.71,2012-12-31,17.50000,20474183,20460080,2013-05-08
Core Energy AS,SNORRE,2.59,0.07,0.05,0.00,2.76,0.67,0.00,0.00,0.00,0.67,2012-12-31,1.03840,43718,20460080,2013-05-08
Dana Petroleum Norway AS,JOTUN,10.53,0.50,0.00,0.00,11.03,0.32,0.09,0.00,0.00,0.41,2012-12-31,45.00000,43604,4526555,2013-05-08
Dana Petroleum Norway AS,LILLE-FRIGG,0.13,0.22,0.00,0.00,0.35,0.00,0.00,0.00,0.00,0.00,2012-12-31,10.00000,43583,4526555,2013-05-08
Dana Petroleum Norway AS,ØST FRIGG,0.00,0.92,0.00,0.01,0.93,0.00,0.00,0.00,0.00,0.00,2012-12-31,10.00000,43576,4526555,2013-05-08
Det norske oljeselskap ASA,ATLA,0.03,0.14,0.00,0.00,0.17,0.03,0.13,0.00,0.00,0.16,2012-12-31,10.00000,21106284,17342870,2013-05-08
Det norske oljeselskap ASA,ENOCH,0.04,0.00,0.00,0.00,0.04,0.01,0.00,0.00,0.00,0.01,2012-12-31,2.00000,3437659,17342870,2013-05-08
Det norske oljeselskap ASA,FRØY,2.80,0.80,0.00,0.05,3.65,0.00,0.00,0.00,0.00,0.00,2012-12-31,50.00000,43597,17342870,2013-05-08
Det norske oljeselskap ASA,GLITNE,0.89,0.00,0.00,0.00,0.89,0.00,0.00,0.00,0.00,0.00,2012-12-31,10.00000,1272071,17342870,2013-05-08
Det norske oljeselskap ASA,JETTE,1.05,0.07,0.00,0.00,1.12,1.05,0.07,0.00,0.00,1.12,2012-12-31,70.00000,21613906,17342870,2013-05-08
Det norske oljeselskap ASA,JOTUN,1.64,0.08,0.00,0.00,1.72,0.05,0.01,0.00,0.00,0.06,2012-12-31,7.00000,43604,17342870,2013-05-08
Det norske oljeselskap ASA,LILLE-FRIGG,0.20,0.33,0.00,0.00,0.53,0.00,0.00,0.00,0.00,0.00,2012-12-31,15.00000,43583,17342870,2013-05-08
Det norske oljeselskap ASA,VARG,0.82,0.06,0.05,0.00,0.97,0.07,0.06,0.05,0.00,0.22,2012-12-31,5.00000,43451,17342870,2013-05-08
Det norske oljeselskap ASA,ØST FRIGG,0.00,1.38,0.00,0.02,1.40,0.00,0.00,0.00,0.00,0.00,2012-12-31,15.00000,43576,17342870,2013-05-08
DONG E&P Norge AS,ALVE,0.29,0.86,0.17,0.00,1.45,0.12,0.41,0.09,0.00,0.70,2012-12-31,15.00000,4444332,4070011,2013-05-08
DONG E&P Norge AS,GYDA,12.41,2.28,0.68,0.00,15.98,0.31,0.17,0.03,0.00,0.54,2012-12-31,34.00000,43492,4070011,2013-05-08
DONG E&P Norge AS,MARULK,0.21,2.52,0.27,0.00,3.24,0.18,2.34,0.27,0.00,3.03,2012-12-31,30.00000,18212090,4070011,2013-05-08
DONG E&P Norge AS,ORMEN LANGE,0.00,31.68,0.00,1.73,33.40,0.00,21.48,0.00,0.94,22.42,2012-12-31,10.34200,2762452,4070011,2013-05-08
DONG E&P Norge AS,OSELVAR,2.53,2.15,0.00,0.00,4.68,2.48,2.15,0.00,0.00,4.62,2012-12-31,55.00000,5506919,4070011,2013-05-08
DONG E&P Norge AS,TAMBAR,4.28,0.90,0.23,0.00,5.60,0.27,0.00,0.09,0.00,0.44,2012-12-31,45.00000,1028599,4070011,2013-05-08
DONG E&P Norge AS,TAMBAR ØST,0.13,0.00,0.00,0.00,0.13,0.00,0.00,0.00,0.00,0.00,2012-12-31,43.24000,4999528,4070011,2013-05-08
DONG E&P Norge AS,TRYM,0.75,2.15,0.00,0.00,2.90,0.40,1.60,0.00,0.00,2.00,2012-12-31,50.00000,18081500,4070011,2013-05-08
DONG E&P Norge AS,ULA,17.58,0.78,0.80,0.00,19.88,3.14,0.00,0.28,0.00,3.67,2012-12-31,20.00000,43800,4070011,2013-05-08
E.ON E&P Norge AS,HYME,0.56,0.09,0.04,0.00,0.71,0.56,0.09,0.04,0.00,0.71,2012-12-31,17.50000,20474183,21631209,2013-05-08
E.ON E&P Norge AS,NJORD,8.55,5.16,1.17,0.00,15.93,0.90,2.82,0.63,0.00,4.92,2012-12-31,30.00000,43751,21631209,2013-05-08
E.ON E&P Norge AS,SKARV,4.35,12.19,1.57,0.00,19.53,4.35,12.19,1.57,0.00,19.53,2012-12-31,28.08250,4704482,21631209,2013-05-08
Eni Norge AS,ALBUSKJELL,0.92,1.93,0.12,0.00,3.08,0.00,0.00,0.00,0.00,0.00,2012-12-31,12.38800,43437,2388594,2013-05-08
Eni Norge AS,COD,0.36,0.90,0.06,0.00,1.38,0.00,0.00,0.00,0.00,0.00,2012-12-31,12.38800,43785,2388594,2013-05-08
Eni Norge AS,EDDA,0.59,0.25,0.02,0.00,0.89,0.00,0.00,0.00,0.00,0.00,2012-12-31,12.38800,43541,2388594,2013-05-08
Eni Norge AS,EKOFISK,70.51,20.38,1.88,0.00,94.47,16.08,2.82,0.27,0.00,19.42,2012-12-31,12.38800,43506,2388594,2013-05-08
Eni Norge AS,ELDFISK,17.08,5.55,0.51,0.00,23.60,4.62,0.67,0.02,0.00,5.34,2012-12-31,12.38800,43527,2388594,2013-05-08
Eni Norge AS,EMBLA,1.47,0.93,0.09,0.00,2.57,0.19,0.45,0.04,0.00,0.70,2012-12-31,12.38800,43534,2388594,2013-05-08
Eni Norge AS,GOLIAT,19.63,4.75,0.20,0.00,24.75,19.63,4.75,0.20,0.00,24.75,2012-12-31,65.00000,5774394,2388594,2013-05-08
Eni Norge AS,HEIDRUN,9.32,2.38,0.11,0.00,11.92,2.05,1.60,0.09,0.00,3.82,2012-12-31,5.11937,43771,2388594,2013-05-08
Eni Norge AS,KRISTIN,1.89,2.37,0.52,0.17,5.42,0.49,0.80,0.19,0.00,1.66,2012-12-31,8.24780,1854729,2388594,2013-05-08
Eni Norge AS,MARULK,0.14,1.68,0.18,0.00,2.16,0.12,1.56,0.18,0.00,2.02,2012-12-31,20.00000,18212090,2388594,2013-05-08
Eni Norge AS,MIKKEL,0.98,4.68,1.28,0.33,8.42,0.49,2.35,0.66,0.00,4.09,2012-12-31,14.90000,1630514,2388594,2013-05-08
Eni Norge AS,MORVIN,2.79,1.35,0.33,0.00,4.77,1.68,1.35,0.33,0.00,3.66,2012-12-31,30.00000,4966234,2388594,2013-05-08
Eni Norge AS,NORNE,6.27,0.83,0.11,0.00,7.30,0.26,0.37,0.06,0.00,0.74,2012-12-31,6.90000,43778,2388594,2013-05-08
Eni Norge AS,SKULD,1.54,0.07,0.01,0.00,1.63,1.54,0.07,0.01,0.00,1.63,2012-12-31,11.50000,21350124,2388594,2013-05-08
Eni Norge AS,TOMMELITEN GAMMA,0.36,0.89,0.05,0.00,1.33,0.00,0.00,0.00,0.00,0.00,2012-12-31,9.13000,43444,2388594,2013-05-08
Eni Norge AS,TOR,2.63,1.18,0.13,0.00,4.05,0.04,0.01,0.00,0.00,0.05,2012-12-31,10.81656,43520,2388594,2013-05-08
Eni Norge AS,TYRIHANS,2.02,2.60,0.68,0.00,5.91,1.03,2.55,0.67,0.00,4.84,2012-12-31,6.23220,3960848,2388594,2013-05-08
Eni Norge AS,URD,0.81,0.02,0.00,0.00,0.83,0.23,0.00,0.00,0.00,0.23,2012-12-31,11.50000,2834734,2388594,2013-05-08
Eni Norge AS,VEST EKOFISK,1.51,3.22,0.17,0.00,5.06,0.00,0.00,0.00,0.00,0.00,2012-12-31,12.38800,43513,2388594,2013-05-08
Eni Norge AS,YTTERGRYTA,0.03,0.22,0.04,0.00,0.32,0.00,0.10,0.02,0.00,0.14,2012-12-31,9.80000,4973114,2388594,2013-05-08
Eni Norge AS,ÅSGARD,14.88,30.78,5.84,2.53,59.29,2.76,12.46,2.49,0.00,19.95,2012-12-31,14.82000,43765,2388594,2013-05-08
Enterprise Oil Norge AS,KVITEBJØRN,1.76,5.75,0.74,0.00,8.92,0.63,3.21,0.52,0.00,4.84,2012-12-31,6.45000,1036101,1853786,2013-05-08
Enterprise Oil Norge AS,VALEMON,0.16,0.84,0.04,0.00,1.08,0.16,0.84,0.04,0.00,1.08,2012-12-31,3.22500,20460969,1853786,2013-05-08
ExxonMobil Exploration & Production Norway AS,BALDER,72.10,2.00,0.00,0.00,74.10,16.20,0.60,0.00,0.00,16.80,2012-12-31,100.00000,43562,2835212,2013-05-08
ExxonMobil Exploration & Production Norway AS,FRAM,7.68,2.20,0.15,0.00,10.16,1.48,1.58,0.10,0.00,3.24,2012-12-31,25.00000,1578840,2835212,2013-05-08
ExxonMobil Exploration & Production Norway AS,GRANE,35.17,0.00,0.00,0.00,35.17,10.19,0.00,0.00,0.00,10.19,2012-12-31,28.22260,1035937,2835212,2013-05-08
ExxonMobil Exploration & Production Norway AS,GUNGNE,0.00,4.26,0.62,1.32,6.74,0.00,0.36,0.08,0.11,0.64,2012-12-31,28.00000,43464,2835212,2013-05-08
ExxonMobil Exploration & Production Norway AS,JOTUN,10.53,0.50,0.00,0.00,11.03,0.32,0.09,0.00,0.00,0.41,2012-12-31,45.00000,43604,2835212,2013-05-08
ExxonMobil Exploration & Production Norway AS,KRISTIN,2.49,3.12,0.69,0.23,7.14,0.65,1.05,0.25,0.00,2.18,2012-12-31,10.87610,1854729,2835212,2013-05-08
ExxonMobil Exploration & Production Norway AS,MIKKEL,2.21,10.51,2.88,0.74,18.93,1.10,5.29,1.47,0.00,9.19,2012-12-31,33.48000,1630514,2835212,2013-05-08
ExxonMobil Exploration & Production Norway AS,ORMEN LANGE,0.00,22.14,0.00,1.21,23.35,0.00,15.01,0.00,0.66,15.67,2012-12-31,7.22860,2762452,2835212,2013-05-08
ExxonMobil Exploration & Production Norway AS,RINGHORNE ØST,11.99,0.31,0.00,0.00,12.30,4.87,0.08,0.00,0.00,4.95,2012-12-31,77.38000,3505505,2835212,2013-05-08
ExxonMobil Exploration & Production Norway AS,SIGYN,0.00,2.76,1.04,2.56,7.30,0.00,0.28,0.08,0.24,0.67,2012-12-31,40.00000,1630100,2835212,2013-05-08
ExxonMobil Exploration & Production Norway AS,SLEIPNER VEST,0.00,42.98,3.06,10.61,59.40,0.00,6.38,0.48,1.45,8.75,2012-12-31,32.23936,43457,2835212,2013-05-08
ExxonMobil Exploration & Production Norway AS,SLEIPNER ØST,0.00,20.61,4.10,8.21,36.62,0.00,0.46,0.12,0.06,0.75,2012-12-31,30.40000,43478,2835212,2013-05-08
ExxonMobil Exploration & Production Norway AS,SNORRE,44.39,1.17,0.83,0.00,47.15,11.39,0.05,0.02,0.00,11.47,2012-12-31,17.76350,43718,2835212,2013-05-08
ExxonMobil Exploration & Production Norway AS,STATFJORD,142.60,19.35,5.75,0.27,173.15,1.07,2.85,1.52,0.15,6.97,2012-12-31,21.36717,43658,2835212,2013-05-08
ExxonMobil Exploration & Production Norway AS,STATFJORD NORD,9.88,0.53,0.28,0.00,10.92,0.75,0.00,0.08,0.00,0.89,2012-12-31,25.00000,43679,2835212,2013-05-08
ExxonMobil Exploration & Production Norway AS,STATFJORD ØST,7.56,0.82,0.43,0.00,9.20,0.14,0.02,0.16,0.00,0.48,2012-12-31,20.55000,43672,2835212,2013-05-08
ExxonMobil Exploration & Production Norway AS,SVALIN,1.57,0.00,0.00,0.00,1.57,1.57,0.00,0.00,0.00,1.57,2012-12-31,13.00000,22507971,2835212,2013-05-08
ExxonMobil Exploration & Production Norway AS,SYGNA,2.31,0.00,0.00,0.00,2.31,0.23,0.00,0.00,0.00,0.23,2012-12-31,20.99500,104718,2835212,2013-05-08
ExxonMobil Exploration & Production Norway AS,TORDIS,9.85,0.74,0.29,0.00,11.14,0.97,0.06,0.03,0.00,1.09,2012-12-31,16.10000,43725,2835212,2013-05-08
ExxonMobil Exploration & Production Norway AS,TYRIHANS,3.82,4.92,1.28,0.00,11.18,1.94,4.82,1.26,0.00,9.16,2012-12-31,11.78690,3960848,2835212,2013-05-08
ExxonMobil Exploration & Production Norway AS,VIGDIS,10.72,0.31,0.19,0.00,11.40,2.42,0.03,0.05,0.00,2.54,2012-12-31,16.10000,43732,2835212,2013-05-08
ExxonMobil Exploration & Production Norway AS,VOLVE,2.64,0.24,0.06,0.03,3.03,0.30,0.03,0.00,0.00,0.33,2012-12-31,30.40000,3420717,2835212,2013-05-08
ExxonMobil Exploration & Production Norway AS,ÅSGARD,7.27,15.04,2.85,1.24,28.96,1.35,6.09,1.22,0.00,9.75,2012-12-31,7.24000,43765,2835212,2013-05-08
Faroe Petroleum Norge AS,BRAGE,8.45,0.64,0.21,0.00,9.50,0.57,0.17,0.04,0.00,0.82,2012-12-31,14.25670,43651,4062883,2013-05-08
Faroe Petroleum Norge AS,ENOCH,0.04,0.00,0.00,0.00,0.04,0.01,0.00,0.00,0.00,0.01,2012-12-31,1.86000,3437659,4062883,2013-05-08
Faroe Petroleum Norge AS,GLITNE,0.83,0.00,0.00,0.00,0.83,0.00,0.00,0.00,0.00,0.00,2012-12-31,9.30000,1272071,4062883,2013-05-08
Faroe Petroleum Norge AS,HYME,0.24,0.04,0.02,0.00,0.31,0.24,0.04,0.02,0.00,0.31,2012-12-31,7.50000,20474183,4062883,2013-05-08
Faroe Petroleum Norge AS,JOTUN,0.70,0.03,0.00,0.00,0.74,0.02,0.01,0.00,0.00,0.03,2012-12-31,3.00000,43604,4062883,2013-05-08
Faroe Petroleum Norge AS,NJORD,2.14,1.29,0.29,0.00,3.98,0.23,0.71,0.16,0.00,1.23,2012-12-31,7.50000,43751,4062883,2013-05-08
Faroe Petroleum Norge AS,RINGHORNE ØST,1.21,0.03,0.00,0.00,1.24,0.49,0.01,0.00,0.00,0.50,2012-12-31,7.80000,3505505,4062883,2013-05-08
GDF SUEZ E&P Norge AS,FRAM,4.61,1.32,0.09,0.00,6.10,0.89,0.95,0.06,0.00,1.94,2012-12-31,15.00000,1578840,5267845,2013-05-08
GDF SUEZ E&P Norge AS,GJØA,3.48,9.81,2.61,0.00,18.25,1.92,8.34,2.28,0.00,14.59,2012-12-31,30.00000,4467574,5267845,2013-05-08
GDF SUEZ E&P Norge AS,GUDRUN,2.93,1.60,0.33,0.00,5.14,2.93,1.60,0.33,0.00,5.14,2012-12-31,25.00000,18116481,5267845,2013-05-08
GDF SUEZ E&P Norge AS,HYME,0.64,0.10,0.04,0.00,0.82,0.64,0.10,0.04,0.00,0.82,2012-12-31,20.00000,20474183,5267845,2013-05-08
GDF SUEZ E&P Norge AS,NJORD,11.40,6.88,1.56,0.00,21.24,1.20,3.76,0.84,0.00,6.56,2012-12-31,40.00000,43751,5267845,2013-05-08
GDF SUEZ E&P Norge AS,SNØHVIT,0.00,21.20,0.77,2.71,25.38,0.00,18.83,0.65,2.28,22.34,2012-12-31,12.00000,2053062,5267845,2013-05-08
GDF SUEZ E&P Norge AS,VEGA,0.40,0.84,0.14,0.00,1.51,0.31,0.73,0.12,0.00,1.27,2012-12-31,6.00000,4467595,5267845,2013-05-08
Hess Norge AS,HOD,6.50,1.13,0.25,0.00,8.10,0.56,0.13,0.06,0.00,0.81,2012-12-31,62.50000,43485,4038735,2013-05-08
Hess Norge AS,VALHALL,94.41,17.61,3.52,0.00,118.71,26.58,4.42,1.41,0.00,33.68,2012-12-31,64.04688,43548,4038735,2013-05-08
Idemitsu Petroleum Norge AS,FRAM,4.61,1.32,0.09,0.00,6.10,0.89,0.95,0.06,0.00,1.94,2012-12-31,15.00000,1578840,441,2013-05-08
Idemitsu Petroleum Norge AS,KNARR,2.98,0.08,0.20,0.00,3.43,2.98,0.08,0.20,0.00,3.43,2012-12-31,25.00000,20460988,441,2013-05-08
Idemitsu Petroleum Norge AS,SNORRE,23.99,0.63,0.45,0.00,25.48,6.15,0.03,0.01,0.00,6.20,2012-12-31,9.60000,43718,441,2013-05-08
Idemitsu Petroleum Norge AS,STATFJORD ØST,1.77,0.19,0.10,0.00,2.15,0.03,0.00,0.04,0.00,0.11,2012-12-31,4.80000,43672,441,2013-05-08
Idemitsu Petroleum Norge AS,SYGNA,0.48,0.00,0.00,0.00,0.48,0.05,0.00,0.00,0.00,0.05,2012-12-31,4.32000,104718,441,2013-05-08
Idemitsu Petroleum Norge AS,TORDIS,5.88,0.44,0.17,0.00,6.65,0.58,0.04,0.02,0.00,0.65,2012-12-31,9.60000,43725,441,2013-05-08
Idemitsu Petroleum Norge AS,VEGA,0.40,0.84,0.14,0.00,1.51,0.31,0.73,0.12,0.00,1.27,2012-12-31,6.00000,4467595,441,2013-05-08
Idemitsu Petroleum Norge AS,VIGDIS,6.39,0.18,0.12,0.00,6.79,1.44,0.02,0.03,0.00,1.51,2012-12-31,9.60000,43732,441,2013-05-08
Lotos Exploration and Production Norge AS,YME,4.40,0.00,0.00,0.00,4.40,2.82,0.00,0.00,0.00,2.82,2012-12-31,20.00000,43807,5064434,2013-05-08
Lundin Norway AS,ALVHEIM,5.58,1.02,0.00,0.00,6.60,2.63,0.71,0.00,0.00,3.33,2012-12-31,15.00000,2845712,2767314,2013-05-08
Lundin Norway AS,BRYNHILD,3.24,0.00,0.00,0.00,3.24,3.24,0.00,0.00,0.00,3.24,2012-12-31,90.00000,21123063,2767314,2013-05-08
Lundin Norway AS,BØYLA,0.51,0.05,0.00,0.00,0.56,0.51,0.05,0.00,0.00,0.56,2012-12-31,15.00000,22492497,2767314,2013-05-08
Lundin Norway AS,EDVARD GRIEG,13.10,0.90,0.30,0.00,14.57,13.10,0.90,0.30,0.00,14.57,2012-12-31,50.00000,21675433,2767314,2013-05-08
Lundin Norway AS,GAUPE,0.08,0.20,0.00,0.00,0.28,0.04,0.12,0.00,0.00,0.16,2012-12-31,40.00000,18161341,2767314,2013-05-08
Lundin Norway AS,MIME,0.16,0.04,0.00,0.00,0.20,0.00,0.00,0.00,0.00,0.00,2012-12-31,40.00000,43792,2767314,2013-05-08
Lundin Norway AS,VOLUND,3.01,0.32,0.00,0.00,3.33,1.40,0.18,0.00,0.00,1.58,2012-12-31,35.00000,4380167,2767314,2013-05-08
Marathon Oil Norge AS,ALVHEIM,24.18,4.42,0.00,0.00,28.60,11.38,3.06,0.00,0.00,14.43,2012-12-31,65.00000,2845712,20485291,2013-05-08
Marathon Oil Norge AS,BØYLA,2.21,0.20,0.00,0.00,2.41,2.21,0.20,0.00,0.00,2.41,2012-12-31,65.00000,22492497,20485291,2013-05-08
Marathon Oil Norge AS,VILJE,6.38,0.00,0.00,0.00,6.38,2.91,0.00,0.00,0.00,2.91,2012-12-31,46.90400,3392471,20485291,2013-05-08
Marathon Oil Norge AS,VOLUND,5.59,0.59,0.00,0.00,6.18,2.60,0.33,0.00,0.00,2.93,2012-12-31,65.00000,4380167,20485291,2013-05-08
Noreco Norway AS,ENOCH,0.09,0.00,0.00,0.00,0.09,0.02,0.00,0.00,0.00,0.02,2012-12-31,4.36000,3437659,22223020,2013-05-08
Noreco Norway AS,OSELVAR,0.69,0.59,0.00,0.00,1.28,0.68,0.59,0.00,0.00,1.26,2012-12-31,15.00000,5506919,22223020,2013-05-08
Norske AEDC A/S,GYDA,1.83,0.34,0.10,0.00,2.35,0.05,0.03,0.01,0.00,0.08,2012-12-31,5.00000,43492,34,2013-05-08
Norske AEDC A/S,TAMBAR ØST,0.00,0.00,0.00,0.00,0.00,0.00,0.00,0.00,0.00,0.00,2012-12-31,0.80000,4999528,34,2013-05-08
Norske AEDC A/S,YME,2.20,0.00,0.00,0.00,2.20,1.41,0.00,0.00,0.00,1.41,2012-12-31,10.00000,43807,34,2013-05-08
OMV (Norge) AS,EDVARD GRIEG,5.24,0.36,0.12,0.00,5.83,5.24,0.36,0.12,0.00,5.83,2012-12-31,20.00000,21675433,4460594,2013-05-08
Petoro AS,ALBUSKJELL,0.37,0.78,0.05,0.00,1.25,0.00,0.00,0.00,0.00,0.00,2012-12-31,5.00000,43437,1626839,2013-05-08
Petoro AS,ATLA,0.09,0.42,0.00,0.00,0.51,0.09,0.39,0.00,0.00,0.48,2012-12-31,30.00000,21106284,1626839,2013-05-08
Petoro AS,COD,0.15,0.37,0.03,0.00,0.56,0.00,0.00,0.00,0.00,0.00,2012-12-31,5.00000,43785,1626839,2013-05-08
Petoro AS,DRAUGEN,70.24,0.77,1.34,0.00,73.55,7.13,0.05,0.19,0.00,7.55,2012-12-31,47.88000,43758,1626839,2013-05-08
Petoro AS,EDDA,0.24,0.10,0.01,0.00,0.36,0.00,0.00,0.00,0.00,0.00,2012-12-31,5.00000,43541,1626839,2013-05-08
Petoro AS,EKOFISK,28.46,8.23,0.76,0.00,38.13,6.49,1.14,0.11,0.00,7.84,2012-12-31,5.00000,43506,1626839,2013-05-08
Petoro AS,ELDFISK,6.90,2.24,0.21,0.00,9.52,1.87,0.27,0.01,0.00,2.15,2012-12-31,5.00000,43527,1626839,2013-05-08
Petoro AS,EMBLA,0.60,0.38,0.04,0.00,1.04,0.08,0.18,0.02,0.00,0.28,2012-12-31,5.00000,43534,1626839,2013-05-08
Petoro AS,GIMLE,0.73,0.34,0.07,0.00,1.20,0.10,0.24,0.05,0.00,0.43,2012-12-31,24.18630,4005142,1626839,2013-05-08
Petoro AS,GJØA,3.48,9.81,2.61,0.00,18.25,1.92,8.34,2.28,0.00,14.59,2012-12-31,30.00000,4467574,1626839,2013-05-08
Petoro AS,GRANE,36.06,0.00,0.00,0.00,36.06,10.45,0.00,0.00,0.00,10.45,2012-12-31,28.94250,1035937,1626839,2013-05-08
Petoro AS,GULLFAKS,109.65,6.93,0.84,0.00,118.18,3.48,0.00,0.00,0.00,3.48,2012-12-31,30.00000,43686,1626839,2013-05-08
Petoro AS,GULLFAKS SØR,17.64,19.53,2.76,0.00,42.41,4.98,9.63,1.50,0.00,17.46,2012-12-31,30.00000,43699,1626839,2013-05-08
Petoro AS,HEIDRUN,105.92,27.05,1.28,0.00,135.40,23.32,18.21,0.99,0.00,43.41,2012-12-31,58.16440,43771,1626839,2013-05-08
Petoro AS,HEIMDAL,1.64,9.38,0.00,0.00,11.02,0.32,0.34,0.00,0.00,0.66,2012-12-31,20.00000,43590,1626839,2013-05-08
Petoro AS,HULDRA,1.63,5.59,0.03,0.00,7.28,0.00,0.22,0.00,0.00,0.22,2012-12-31,31.95534,97002,1626839,2013-05-08
Petoro AS,JETTE,0.45,0.03,0.00,0.00,0.48,0.45,0.03,0.00,0.00,0.48,2012-12-31,30.00000,21613906,1626839,2013-05-08
Petoro AS,KRISTIN,4.48,5.62,1.23,0.41,12.86,1.17,1.90,0.45,0.00,3.93,2012-12-31,19.57700,1854729,1626839,2013-05-08
Petoro AS,KVITEBJØRN,8.19,26.73,3.45,0.00,41.48,2.94,14.94,2.43,0.00,22.50,2012-12-31,30.00000,1036101,1626839,2013-05-08
Petoro AS,MARTIN LINGE,1.80,5.91,0.21,0.90,9.01,1.80,5.91,0.21,0.90,9.01,2012-12-31,30.00000,21675447,1626839,2013-05-08
Petoro AS,NORNE,49.03,6.48,0.86,0.00,57.15,2.05,2.92,0.43,0.00,5.79,2012-12-31,54.00000,43778,1626839,2013-05-08
Petoro AS,ORMEN LANGE,0.00,111.72,0.00,6.09,117.81,0.00,75.76,0.00,3.32,79.08,2012-12-31,36.47500,2762452,1626839,2013-05-08
Petoro AS,OSEBERG,129.23,34.98,4.07,0.00,171.93,7.63,23.25,1.28,0.00,33.30,2012-12-31,33.60000,43625,1626839,2013-05-08
Petoro AS,OSEBERG SØR,20.50,5.38,0.54,0.00,26.89,5.78,2.69,0.54,0.00,9.49,2012-12-31,33.60000,43645,1626839,2013-05-08
Petoro AS,OSEBERG ØST,8.97,0.13,0.10,0.00,9.30,2.65,0.03,0.10,0.00,2.88,2012-12-31,33.60000,43639,1626839,2013-05-08
Petoro AS,REV,0.21,0.81,0.03,0.00,1.08,0.00,0.00,0.00,0.00,0.00,2012-12-31,30.00000,4467554,1626839,2013-05-08
Petoro AS,SKIRNE,0.66,3.06,0.00,0.00,3.72,0.15,0.39,0.00,0.00,0.54,2012-12-31,30.00000,2138816,1626839,2013-05-08
Petoro AS,SKULD,3.29,0.15,0.02,0.00,3.48,3.29,0.15,0.02,0.00,3.48,2012-12-31,24.54546,21350124,1626839,2013-05-08
Petoro AS,SNORRE,74.97,1.98,1.41,0.00,79.63,19.23,0.09,0.03,0.00,19.38,2012-12-31,30.00000,43718,1626839,2013-05-08
Petoro AS,SNØHVIT,0.00,53.01,1.92,6.78,63.44,0.00,47.07,1.62,5.70,55.85,2012-12-31,30.00000,2053062,1626839,2013-05-08
Petoro AS,STATFJORD NORD,11.85,0.63,0.33,0.00,13.11,0.90,0.00,0.09,0.00,1.07,2012-12-31,30.00000,43679,1626839,2013-05-08
Petoro AS,STATFJORD ØST,11.04,1.20,0.63,0.00,13.44,0.21,0.03,0.24,0.00,0.70,2012-12-31,30.00000,43672,1626839,2013-05-08
Petoro AS,SVALIN,3.63,0.00,0.00,0.00,3.63,3.63,0.00,0.00,0.00,3.63,2012-12-31,30.00000,22507971,1626839,2013-05-08
Petoro AS,SYGNA,3.30,0.00,0.00,0.00,3.30,0.33,0.00,0.00,0.00,0.33,2012-12-31,30.00000,104718,1626839,2013-05-08
Petoro AS,TOR,0.90,0.40,0.04,0.00,1.38,0.01,0.00,0.00,0.00,0.02,2012-12-31,3.68744,43520,1626839,2013-05-08
Petoro AS,TORDIS,18.36,1.38,0.54,0.00,20.77,1.80,0.12,0.06,0.00,2.03,2012-12-31,30.00000,43725,1626839,2013-05-08
Petoro AS,TROLL,147.73,802.37,15.40,0.84,980.20,20.16,551.54,11.82,-1.57,592.59,2012-12-31,56.00000,46437,1626839,2013-05-08
Petoro AS,TUNE,1.32,7.32,0.08,0.00,8.79,0.00,0.00,0.00,0.00,0.00,2012-12-31,40.00000,853376,1626839,2013-05-08
Petoro AS,URD,1.72,0.05,0.00,0.00,1.77,0.49,0.00,0.00,0.00,0.49,2012-12-31,24.54546,2834734,1626839,2013-05-08
Petoro AS,VALEMON,1.47,7.83,0.39,0.00,10.04,1.47,7.83,0.39,0.00,10.04,2012-12-31,30.00000,20460969,1626839,2013-05-08
Petoro AS,VARG,4.92,0.33,0.30,0.00,5.82,0.42,0.33,0.30,0.00,1.32,2012-12-31,30.00000,43451,1626839,2013-05-08
Petoro AS,VEGA,1.58,3.36,0.58,0.00,6.04,1.22,2.93,0.48,0.00,5.06,2012-12-31,24.00000,4467595,1626839,2013-05-08
Petoro AS,VESLEFRIKK,20.02,2.11,0.74,0.00,23.53,0.67,1.22,0.26,0.00,2.38,2012-12-31,37.00000,43618,1626839,2013-05-08
Petoro AS,VEST EKOFISK,0.61,1.30,0.07,0.00,2.04,0.00,0.00,0.00,0.00,0.00,2012-12-31,5.00000,43513,1626839,2013-05-08
Petoro AS,VIGDIS,19.98,0.57,0.36,0.00,21.23,4.50,0.06,0.09,0.00,4.73,2012-12-31,30.00000,43732,1626839,2013-05-08
Petoro AS,VISUND,10.17,15.39,1.92,0.00,29.21,3.45,13.29,1.80,0.00,20.16,2012-12-31,30.00000,43745,1626839,2013-05-08
Petoro AS,VISUND SØR,0.81,2.19,0.27,0.00,3.51,0.81,2.19,0.27,0.00,3.51,2012-12-31,30.00000,20461008,1626839,2013-05-08
Petoro AS,YTTERGRYTA,0.06,0.44,0.08,0.00,0.65,0.00,0.20,0.04,0.00,0.28,2012-12-31,19.95000,4973114,1626839,2013-05-08
Petoro AS,ÅSGARD,35.83,74.13,14.06,6.10,142.78,6.64,30.02,6.00,0.00,48.05,2012-12-31,35.69000,43765,1626839,2013-05-08
PGNiG Norway AS,SKARV,1.85,5.17,0.67,0.00,8.29,1.85,5.17,0.67,0.00,8.29,2012-12-31,11.91750,4704482,4505831,2013-05-08
Premier Oil Norge AS,FRØY,2.80,0.80,0.00,0.05,3.65,0.00,0.00,0.00,0.00,0.00,2012-12-31,50.00000,43597,3482067,2013-05-08
RWE Dea Norge AS,GJØA,0.93,2.62,0.70,0.00,4.87,0.51,2.22,0.61,0.00,3.89,2012-12-31,8.00000,4467574,97557,2013-05-08
RWE Dea Norge AS,KNARR,1.19,0.03,0.08,0.00,1.37,1.19,0.03,0.08,0.00,1.37,2012-12-31,10.00000,20460988,97557,2013-05-08
RWE Dea Norge AS,SNORRE,20.69,0.55,0.39,0.00,21.98,5.31,0.02,0.01,0.00,5.35,2012-12-31,8.28120,43718,97557,2013-05-08
RWE Dea Norge AS,SNØHVIT,0.00,4.97,0.18,0.64,5.94,0.00,4.41,0.15,0.53,5.23,2012-12-31,2.81000,2053062,97557,2013-05-08
RWE Dea Norge AS,STATFJORD ØST,0.52,0.06,0.03,0.00,0.63,0.01,0.00,0.01,0.00,0.03,2012-12-31,1.40000,43672,97557,2013-05-08
RWE Dea Norge AS,SYGNA,0.14,0.00,0.00,0.00,0.14,0.01,0.00,0.00,0.00,0.01,2012-12-31,1.26000,104718,97557,2013-05-08
RWE Dea Norge AS,TORDIS,1.71,0.13,0.05,0.00,1.94,0.17,0.01,0.01,0.00,0.19,2012-12-31,2.80000,43725,97557,2013-05-08
RWE Dea Norge AS,VESLEFRIKK,7.30,0.77,0.27,0.00,8.59,0.24,0.45,0.09,0.00,0.87,2012-12-31,13.50000,43618,97557,2013-05-08
RWE Dea Norge AS,VIGDIS,1.86,0.05,0.03,0.00,1.98,0.42,0.01,0.01,0.00,0.44,2012-12-31,2.80000,43732,97557,2013-05-08
Skeie Energy AS,MIME,0.24,0.06,0.00,0.00,0.30,0.00,0.00,0.00,0.00,0.00,2012-12-31,60.00000,43792,23286115,2013-05-08
Statoil Petroleum AS,ALBUSKJELL,0.56,1.19,0.08,0.00,1.89,0.00,0.00,0.00,0.00,0.00,2012-12-31,7.60400,43437,17237817,2013-05-08
Statoil Petroleum AS,ALVE,1.62,4.85,0.94,0.00,8.24,0.68,2.30,0.51,0.00,3.94,2012-12-31,85.00000,4444332,17237817,2013-05-08
Statoil Petroleum AS,BRAGE,19.39,1.47,0.49,0.00,21.79,1.31,0.39,0.10,0.00,1.89,2012-12-31,32.70000,43651,17237817,2013-05-08
Statoil Petroleum AS,COD,0.22,0.56,0.04,0.00,0.85,0.00,0.00,0.00,0.00,0.00,2012-12-31,7.60400,43785,17237817,2013-05-08
Statoil Petroleum AS,EDDA,0.36,0.15,0.02,0.00,0.55,0.00,0.00,0.00,0.00,0.00,2012-12-31,7.60400,43541,17237817,2013-05-08
Statoil Petroleum AS,EKOFISK,43.28,12.51,1.16,0.00,57.99,9.87,1.73,0.17,0.00,11.92,2012-12-31,7.60400,43506,17237817,2013-05-08
Statoil Petroleum AS,ELDFISK,10.49,3.41,0.31,0.00,14.48,2.84,0.41,0.02,0.00,3.28,2012-12-31,7.60400,43527,17237817,2013-05-08
Statoil Petroleum AS,EMBLA,0.90,0.57,0.05,0.00,1.58,0.11,0.27,0.02,0.00,0.43,2012-12-31,7.60400,43534,17237817,2013-05-08
Statoil Petroleum AS,ENOCH,0.24,0.00,0.00,0.00,0.24,0.06,0.00,0.00,0.00,0.06,2012-12-31,11.78000,3437659,17237817,2013-05-08
Statoil Petroleum AS,FRAM,13.82,3.96,0.27,0.00,18.29,2.66,2.84,0.18,0.00,5.83,2012-12-31,45.00000,1578840,17237817,2013-05-08
Statoil Petroleum AS,FRIGG,0.00,61.44,0.00,0.26,61.70,0.00,0.00,0.00,0.00,0.00,2012-12-31,32.15600,43555,17237817,2013-05-08
Statoil Petroleum AS,GIMLE,1.95,0.91,0.20,0.00,3.24,0.26,0.65,0.13,0.00,1.16,2012-12-31,65.13370,4005142,17237817,2013-05-08
Statoil Petroleum AS,GJØA,2.32,6.54,1.74,0.00,12.17,1.28,5.56,1.52,0.00,9.73,2012-12-31,20.00000,4467574,17237817,2013-05-08
Statoil Petroleum AS,GLITNE,5.24,0.00,0.00,0.00,5.24,0.00,0.00,0.00,0.00,0.00,2012-12-31,58.90000,1272071,17237817,2013-05-08
Statoil Petroleum AS,GOLIAT,10.57,2.56,0.11,0.00,13.32,10.57,2.56,0.11,0.00,13.32,2012-12-31,35.00000,5774394,17237817,2013-05-08
Statoil Petroleum AS,GRANE,45.68,0.00,0.00,0.00,45.68,13.23,0.00,0.00,0.00,13.23,2012-12-31,36.66050,1035937,17237817,2013-05-08
Statoil Petroleum AS,GUDRUN,8.78,4.80,0.98,0.00,15.43,8.78,4.80,0.98,0.00,15.43,2012-12-31,75.00000,18116481,17237817,2013-05-08
Statoil Petroleum AS,GULLFAKS,255.85,16.17,1.96,0.00,275.74,8.12,0.00,0.00,0.00,8.12,2012-12-31,70.00000,43686,17237817,2013-05-08
Statoil Petroleum AS,GULLFAKS SØR,41.16,45.57,6.44,0.00,98.97,11.62,22.47,3.50,0.00,40.74,2012-12-31,70.00000,43699,17237817,2013-05-08
Statoil Petroleum AS,GUNGNE,0.00,9.42,1.36,2.91,14.93,0.00,0.81,0.19,0.25,1.41,2012-12-31,62.00000,43464,17237817,2013-05-08
Statoil Petroleum AS,HEIDRUN,22.59,5.77,0.27,0.00,28.88,4.97,3.88,0.21,0.00,9.26,2012-12-31,12.40568,43771,17237817,2013-05-08
Statoil Petroleum AS,HEIMDAL,2.41,13.81,0.00,0.00,16.22,0.47,0.50,0.00,0.00,0.97,2012-12-31,29.44300,43590,17237817,2013-05-08
Statoil Petroleum AS,HULDRA,1.01,3.48,0.02,0.00,4.53,0.00,0.14,0.00,0.00,0.14,2012-12-31,19.87851,97002,17237817,2013-05-08
Statoil Petroleum AS,HYME,1.12,0.18,0.07,0.00,1.43,1.12,0.18,0.07,0.00,1.43,2012-12-31,35.00000,20474183,17237817,2013-05-08
Statoil Petroleum AS,KRISTIN,12.66,15.87,3.48,1.16,36.31,3.32,5.36,1.27,0.00,11.10,2012-12-31,55.29910,1854729,17237817,2013-05-08
Statoil Petroleum AS,KVITEBJØRN,10.80,35.24,4.55,0.00,54.68,3.88,19.70,3.20,0.00,29.66,2012-12-31,39.55000,1036101,17237817,2013-05-08
Statoil Petroleum AS,MARTIN LINGE,1.14,3.74,0.13,0.57,5.71,1.14,3.74,0.13,0.57,5.71,2012-12-31,19.00000,21675447,17237817,2013-05-08
Statoil Petroleum AS,MARULK,0.35,4.20,0.45,0.00,5.41,0.30,3.90,0.45,0.00,5.06,2012-12-31,50.00000,18212090,17237817,2013-05-08
Statoil Petroleum AS,MIKKEL,2.90,13.81,3.78,0.97,24.86,1.45,6.95,1.93,0.00,12.07,2012-12-31,43.97000,1630514,17237817,2013-05-08
Statoil Petroleum AS,MORVIN,5.95,2.88,0.70,0.00,10.17,3.58,2.88,0.70,0.00,7.80,2012-12-31,64.00000,4966234,17237817,2013-05-08
Statoil Petroleum AS,NJORD,5.70,3.44,0.78,0.00,10.62,0.60,1.88,0.42,0.00,3.28,2012-12-31,20.00000,43751,17237817,2013-05-08
Statoil Petroleum AS,NORNE,35.50,4.69,0.63,0.00,41.38,1.49,2.11,0.31,0.00,4.19,2012-12-31,39.10000,43778,17237817,2013-05-08
Statoil Petroleum AS,ORMEN LANGE,0.00,88.57,0.00,4.83,93.40,0.00,60.06,0.00,2.63,62.69,2012-12-31,28.91690,2762452,17237817,2013-05-08
Statoil Petroleum AS,OSEBERG,189.61,51.32,5.97,0.00,252.26,11.19,34.12,1.87,0.00,48.87,2012-12-31,49.30000,43625,17237817,2013-05-08
Statoil Petroleum AS,OSEBERG SØR,30.07,7.89,0.79,0.00,39.46,8.48,3.94,0.79,0.00,13.92,2012-12-31,49.30000,43645,17237817,2013-05-08
Statoil Petroleum AS,OSEBERG ØST,13.16,0.20,0.15,0.00,13.64,3.89,0.05,0.15,0.00,4.23,2012-12-31,49.30000,43639,17237817,2013-05-08
Statoil Petroleum AS,RINGHORNE ØST,2.30,0.06,0.00,0.00,2.36,0.93,0.01,0.00,0.00,0.95,2012-12-31,14.82000,3505505,17237817,2013-05-08
Statoil Petroleum AS,SIGYN,0.00,4.14,1.56,3.84,10.94,0.00,0.42,0.12,0.36,1.01,2012-12-31,60.00000,1630100,17237817,2013-05-08
Statoil Petroleum AS,SKARV,5.61,15.70,2.03,0.00,25.15,5.61,15.70,2.03,0.00,25.15,2012-12-31,36.16500,4704482,17237817,2013-05-08
Statoil Petroleum AS,SKULD,8.57,0.38,0.06,0.00,9.08,8.57,0.38,0.06,0.00,9.08,2012-12-31,63.95455,21350124,17237817,2013-05-08
Statoil Petroleum AS,SLEIPNER VEST,0.00,77.78,5.54,19.20,107.51,0.00,11.55,0.88,2.63,15.84,2012-12-31,58.34944,43457,17237817,2013-05-08
Statoil Petroleum AS,SLEIPNER ØST,0.00,40.41,8.05,16.09,71.79,0.00,0.89,0.24,0.12,1.47,2012-12-31,59.60000,43478,17237817,2013-05-08
Statoil Petroleum AS,SNORRE,83.26,2.20,1.57,0.00,88.43,21.36,0.10,0.03,0.00,21.52,2012-12-31,33.31690,43718,17237817,2013-05-08
Statoil Petroleum AS,SNØHVIT,0.00,65.01,2.35,8.31,77.80,0.00,57.72,1.99,6.99,68.49,2012-12-31,36.79000,2053062,17237817,2013-05-08
Statoil Petroleum AS,STATFJORD,295.89,40.15,11.93,0.57,359.29,2.23,5.91,3.16,0.31,14.47,2012-12-31,44.33688,43658,17237817,2013-05-08
Statoil Petroleum AS,STATFJORD NORD,8.64,0.46,0.24,0.00,9.56,0.66,0.00,0.07,0.00,0.78,2012-12-31,21.87500,43679,17237817,2013-05-08
Statoil Petroleum AS,STATFJORD ØST,11.66,1.27,0.67,0.00,14.19,0.22,0.03,0.25,0.00,0.74,2012-12-31,31.68750,43672,17237817,2013-05-08
Statoil Petroleum AS,SVALIN,6.90,0.00,0.00,0.00,6.90,6.90,0.00,0.00,0.00,6.90,2012-12-31,57.00000,22507971,17237817,2013-05-08
Statoil Petroleum AS,SYGNA,3.38,0.00,0.00,0.00,3.38,0.34,0.00,0.00,0.00,0.34,2012-12-31,30.70630,104718,17237817,2013-05-08
Statoil Petroleum AS,TOMMELITEN GAMMA,1.65,4.11,0.21,0.00,6.17,0.00,0.00,0.00,0.00,0.00,2012-12-31,42.38000,43444,17237817,2013-05-08
Statoil Petroleum AS,TOR,1.61,0.72,0.08,0.00,2.49,0.03,0.01,0.00,0.00,0.03,2012-12-31,6.63922,43520,17237817,2013-05-08
Statoil Petroleum AS,TORDIS,25.40,1.91,0.75,0.00,28.73,2.49,0.17,0.08,0.00,2.81,2012-12-31,41.50000,43725,17237817,2013-05-08
Statoil Petroleum AS,TROLL,80.68,438.21,8.41,0.46,535.32,11.01,301.22,6.45,-0.86,323.64,2012-12-31,30.58385,46437,17237817,2013-05-08
Statoil Petroleum AS,TUNE,1.65,9.15,0.10,0.00,10.99,0.00,0.00,0.00,0.00,0.00,2012-12-31,50.00000,853376,17237817,2013-05-08
Statoil Petroleum AS,TYRIHANS,19.06,24.53,6.41,0.00,55.78,9.71,24.06,6.30,0.00,45.73,2012-12-31,58.83550,3960848,17237817,2013-05-08
Statoil Petroleum AS,URD,4.48,0.13,0.00,0.00,4.60,1.28,0.00,0.00,0.00,1.28,2012-12-31,63.95455,2834734,17237817,2013-05-08
Statoil Petroleum AS,VALEMON,2.63,14.04,0.70,0.00,18.00,2.63,14.04,0.70,0.00,18.00,2012-12-31,53.77500,20460969,17237817,2013-05-08
Statoil Petroleum AS,VEGA,3.56,7.56,1.30,0.00,13.59,2.75,6.59,1.08,0.00,11.39,2012-12-31,54.00000,4467595,17237817,2013-05-08
Statoil Petroleum AS,VESLEFRIKK,9.74,1.03,0.36,0.00,11.45,0.32,0.59,0.13,0.00,1.16,2012-12-31,18.00000,43618,17237817,2013-05-08
Statoil Petroleum AS,VEST EKOFISK,0.93,1.98,0.11,0.00,3.11,0.00,0.00,0.00,0.00,0.00,2012-12-31,7.60400,43513,17237817,2013-05-08
Statoil Petroleum AS,VIGDIS,27.64,0.79,0.50,0.00,29.37,6.23,0.08,0.12,0.00,6.54,2012-12-31,41.50000,43732,17237817,2013-05-08
Statoil Petroleum AS,VILJE,3.92,0.00,0.00,0.00,3.92,1.79,0.00,0.00,0.00,1.79,2012-12-31,28.85300,3392471,17237817,2013-05-08
Statoil Petroleum AS,VISUND,18.03,27.29,3.40,0.00,51.80,6.12,23.57,3.19,0.00,35.75,2012-12-31,53.20000,43745,17237817,2013-05-08
Statoil Petroleum AS,VISUND SØR,1.44,3.88,0.48,0.00,6.23,1.44,3.88,0.48,0.00,6.23,2012-12-31,53.20000,20461008,17237817,2013-05-08
Statoil Petroleum AS,VOLVE,5.19,0.48,0.12,0.06,5.95,0.60,0.06,0.00,0.00,0.66,2012-12-31,59.60000,3420717,17237817,2013-05-08
Statoil Petroleum AS,YTTERGRYTA,0.14,1.01,0.18,0.00,1.49,0.00,0.46,0.09,0.00,0.63,2012-12-31,45.75000,4973114,17237817,2013-05-08
Statoil Petroleum AS,ÅSGARD,34.71,71.80,13.62,5.91,138.30,6.43,29.07,5.81,0.00,46.54,2012-12-31,34.57000,43765,17237817,2013-05-08
Svenska Petroleum Exploration AS,LILLE-FRIGG,0.33,0.55,0.00,0.00,0.88,0.00,0.00,0.00,0.00,0.00,2012-12-31,25.00000,43583,738,2013-05-08
Svenska Petroleum Exploration AS,ØST FRIGG,0.00,2.30,0.00,0.03,2.33,0.00,0.00,0.00,0.00,0.00,2012-12-31,25.00000,43576,738,2013-05-08
Talisman Energy Norge AS,BLANE,0.80,0.00,0.00,0.00,0.80,0.30,0.00,0.00,0.00,0.30,2012-12-31,18.00000,3437650,2425093,2013-05-08
Talisman Energy Norge AS,BRAGE,20.07,1.52,0.51,0.00,22.56,1.35,0.41,0.10,0.00,1.95,2012-12-31,33.84340,43651,2425093,2013-05-08
Talisman Energy Norge AS,BRYNHILD,0.36,0.00,0.00,0.00,0.36,0.36,0.00,0.00,0.00,0.36,2012-12-31,10.00000,21123063,2425093,2013-05-08
Talisman Energy Norge AS,GYDA,22.27,4.09,1.22,0.00,28.67,0.55,0.31,0.06,0.00,0.97,2012-12-31,61.00000,43492,2425093,2013-05-08
Talisman Energy Norge AS,HULDRA,0.03,0.09,0.00,0.00,0.11,0.00,0.00,0.00,0.00,0.00,2012-12-31,0.49790,97002,2425093,2013-05-08
Talisman Energy Norge AS,REV,0.49,1.89,0.07,0.00,2.51,0.00,0.00,0.00,0.00,0.00,2012-12-31,70.00000,4467554,2425093,2013-05-08
Talisman Energy Norge AS,TAMBAR ØST,0.03,0.00,0.00,0.00,0.03,0.00,0.00,0.00,0.00,0.00,2012-12-31,9.76000,4999528,2425093,2013-05-08
Talisman Energy Norge AS,VARG,10.66,0.72,0.65,0.00,12.61,0.91,0.72,0.65,0.00,2.86,2012-12-31,65.00000,43451,2425093,2013-05-08
Talisman Energy Norge AS,VESLEFRIKK,14.61,1.54,0.54,0.00,17.17,0.49,0.89,0.19,0.00,1.74,2012-12-31,27.00000,43618,2425093,2013-05-08
Talisman Energy Norge AS,YME,13.20,0.00,0.00,0.00,13.20,8.46,0.00,0.00,0.00,8.46,2012-12-31,60.00000,43807,2425093,2013-05-08
Total E&P Norge AS,ALBUSKJELL,2.95,6.22,0.40,0.00,9.93,0.00,0.00,0.00,0.00,0.00,2012-12-31,39.89600,43437,2410708,2013-05-08
Total E&P Norge AS,ATLA,0.12,0.56,0.00,0.00,0.68,0.12,0.52,0.00,0.00,0.64,2012-12-31,40.00000,21106284,2410708,2013-05-08
Total E&P Norge AS,COD,1.16,2.91,0.20,0.00,4.45,0.00,0.00,0.00,0.00,0.00,2012-12-31,39.89600,43785,2410708,2013-05-08
Total E&P Norge AS,EDDA,1.92,0.80,0.08,0.00,2.86,0.00,0.00,0.00,0.00,0.00,2012-12-31,39.89600,43541,2410708,2013-05-08
Total E&P Norge AS,EKOFISK,227.09,65.63,6.06,0.00,304.24,51.79,9.10,0.88,0.00,62.55,2012-12-31,39.89600,43506,2410708,2013-05-08
Total E&P Norge AS,ELDFISK,55.02,17.87,1.64,0.00,76.00,14.88,2.15,0.08,0.00,17.19,2012-12-31,39.89600,43527,2410708,2013-05-08
Total E&P Norge AS,EMBLA,4.75,2.99,0.28,0.00,8.27,0.60,1.44,0.12,0.00,2.26,2012-12-31,39.89600,43534,2410708,2013-05-08
Total E&P Norge AS,FRIGG,0.00,54.76,0.00,0.24,55.00,0.00,0.00,0.00,0.00,0.00,2012-12-31,28.66400,43555,2410708,2013-05-08
Total E&P Norge AS,GIMLE,0.15,0.07,0.01,0.00,0.24,0.02,0.05,0.01,0.00,0.09,2012-12-31,4.89500,4005142,2410708,2013-05-08
Total E&P Norge AS,GLITNE,1.94,0.00,0.00,0.00,1.94,0.00,0.00,0.00,0.00,0.00,2012-12-31,21.80000,1272071,2410708,2013-05-08
Total E&P Norge AS,GUNGNE,0.00,1.52,0.22,0.47,2.41,0.00,0.13,0.03,0.04,0.23,2012-12-31,10.00000,43464,2410708,2013-05-08
Total E&P Norge AS,HEIMDAL,1.37,7.86,0.00,0.00,9.23,0.27,0.28,0.00,0.00,0.55,2012-12-31,16.75900,43590,2410708,2013-05-08
Total E&P Norge AS,HULDRA,1.24,4.26,0.02,0.00,5.55,0.00,0.17,0.00,0.00,0.17,2012-12-31,24.33200,97002,2410708,2013-05-08
Total E&P Norge AS,ISLAY,0.00,0.10,0.00,0.00,0.10,0.00,0.10,0.00,0.00,0.10,2012-12-31,100.00000,21105675,2410708,2013-05-08
Total E&P Norge AS,KRISTIN,1.37,1.72,0.38,0.13,3.94,0.36,0.58,0.14,0.00,1.20,2012-12-31,6.00000,1854729,2410708,2013-05-08
Total E&P Norge AS,KVITEBJØRN,1.37,4.46,0.58,0.00,6.91,0.49,2.49,0.41,0.00,3.75,2012-12-31,5.00000,1036101,2410708,2013-05-08
Total E&P Norge AS,MARTIN LINGE,3.06,10.05,0.36,1.53,15.32,3.06,10.05,0.36,1.53,15.32,2012-12-31,51.00000,21675447,2410708,2013-05-08
Total E&P Norge AS,MIKKEL,0.50,2.40,0.66,0.17,4.33,0.25,1.21,0.34,0.00,2.10,2012-12-31,7.65000,1630514,2410708,2013-05-08
Total E&P Norge AS,MORVIN,0.56,0.27,0.07,0.00,0.95,0.34,0.27,0.07,0.00,0.73,2012-12-31,6.00000,4966234,2410708,2013-05-08
Total E&P Norge AS,OSEBERG,56.54,15.30,1.78,0.00,75.22,3.34,10.17,0.56,0.00,14.57,2012-12-31,14.70000,43625,2410708,2013-05-08
Total E&P Norge AS,OSEBERG SØR,8.97,2.35,0.24,0.00,11.77,2.53,1.18,0.24,0.00,4.15,2012-12-31,14.70000,43645,2410708,2013-05-08
Total E&P Norge AS,OSEBERG ØST,3.92,0.06,0.04,0.00,4.07,1.16,0.01,0.04,0.00,1.26,2012-12-31,14.70000,43639,2410708,2013-05-08
Total E&P Norge AS,SKIRNE,0.88,4.08,0.00,0.00,4.96,0.20,0.52,0.00,0.00,0.72,2012-12-31,40.00000,2138816,2410708,2013-05-08
Total E&P Norge AS,SLEIPNER VEST,0.00,12.55,0.89,3.10,17.34,0.00,1.86,0.14,0.42,2.56,2012-12-31,9.41120,43457,2410708,2013-05-08
Total E&P Norge AS,SLEIPNER ØST,0.00,6.78,1.35,2.70,12.05,0.00,0.15,0.04,0.02,0.25,2012-12-31,10.00000,43478,2410708,2013-05-08
Total E&P Norge AS,SNØHVIT,0.00,32.51,1.18,4.16,38.91,0.00,28.87,0.99,3.50,34.25,2012-12-31,18.40000,2053062,2410708,2013-05-08
Total E&P Norge AS,TOMMELITEN GAMMA,0.79,1.96,0.10,0.00,2.94,0.00,0.00,0.00,0.00,0.00,2012-12-31,20.23000,43444,2410708,2013-05-08
Total E&P Norge AS,TOR,11.71,5.25,0.58,0.00,18.06,0.19,0.05,0.00,0.00,0.24,2012-12-31,48.19879,43520,2410708,2013-05-08
Total E&P Norge AS,TROLL,9.74,52.88,1.02,0.06,64.60,1.33,36.35,0.78,-0.10,39.06,2012-12-31,3.69096,46437,2410708,2013-05-08
Total E&P Norge AS,TUNE,0.33,1.83,0.02,0.00,2.20,0.00,0.00,0.00,0.00,0.00,2012-12-31,10.00000,853376,2410708,2013-05-08
Total E&P Norge AS,TYRIHANS,7.50,9.65,2.52,0.00,21.94,3.82,9.47,2.48,0.00,17.99,2012-12-31,23.14540,3960848,2410708,2013-05-08
Total E&P Norge AS,VALE,0.58,0.56,0.00,0.00,1.14,0.27,0.32,0.00,0.00,0.58,2012-12-31,24.24300,1578893,2410708,2013-05-08
Total E&P Norge AS,VEST EKOFISK,4.87,10.37,0.56,0.00,16.30,0.00,0.00,0.00,0.00,0.00,2012-12-31,39.89600,43513,2410708,2013-05-08
Total E&P Norge AS,VILJE,3.30,0.00,0.00,0.00,3.30,1.50,0.00,0.00,0.00,1.50,2012-12-31,24.24300,3392471,2410708,2013-05-08
Total E&P Norge AS,VISUND,2.61,3.95,0.49,0.00,7.50,0.89,3.41,0.46,0.00,5.17,2012-12-31,7.70000,43745,2410708,2013-05-08
Total E&P Norge AS,VISUND SØR,0.21,0.56,0.07,0.00,0.90,0.21,0.56,0.07,0.00,0.90,2012-12-31,7.70000,20461008,2410708,2013-05-08
Total E&P Norge AS,YTTERGRYTA,0.07,0.54,0.10,0.00,0.80,0.00,0.25,0.05,0.00,0.34,2012-12-31,24.50000,4973114,2410708,2013-05-08
Total E&P Norge AS,ÅSGARD,7.71,15.95,3.03,1.31,30.72,1.43,6.46,1.29,0.00,10.34,2012-12-31,7.68000,43765,2410708,2013-05-08
Tullow Oil Norge AS,BRAGE,1.48,0.11,0.04,0.00,1.67,0.10,0.03,0.01,0.00,0.14,2012-12-31,2.50000,43651,23173852,2013-05-08
VNG Norge AS,BRAGE,2.63,0.20,0.07,0.00,2.96,0.18,0.05,0.01,0.00,0.26,2012-12-31,4.44240,43651,17237193,2013-05-08
VNG Norge AS,HYME,0.08,0.01,0.01,0.00,0.10,0.08,0.01,0.01,0.00,0.10,2012-12-31,2.50000,20474183,17237193,2013-05-08
VNG Norge AS,NJORD,0.71,0.43,0.10,0.00,1.33,0.08,0.24,0.05,0.00,0.41,2012-12-31,2.50000,43751,17237193,2013-05-08
Wintershall Norge AS,EDVARD GRIEG,7.86,0.54,0.18,0.00,8.74,7.86,0.54,0.18,0.00,8.74,2012-12-31,30.00000,21675433,21666830,2013-05-08
Wintershall Norge AS,KNARR,2.38,0.06,0.16,0.00,2.74,2.38,0.06,0.16,0.00,2.74,2012-12-31,20.00000,20460988,21666830,2013-05-08
Wintershall Norge AS,MURCHISON,13.90,0.40,0.00,0.00,14.30,0.00,0.00,0.00,0.00,0.00,2012-12-31,22.20000,43665,21666830,2013-05-08
Wintershall Norge AS,VESLEFRIKK,2.43,0.26,0.09,0.00,2.86,0.08,0.15,0.03,0.00,0.29,2012-12-31,4.50000,43618,21666830,2013-05-08
Wintershall Norge AS,YME,2.20,0.00,0.00,0.00,2.20,1.41,0.00,0.00,0.00,1.41,2012-12-31,10.00000,43807,21666830,2013-05-08
