prfInformationCarrier,prfYear,prfPrdOilNetMillSm3,prfPrdGasNetBillSm3,prfPrdNGLNetMillSm3,prfPrdCondensateNetMillSm3,prfPrdOeNetMillSm3,prfPrdProducedWaterInFieldMillSm3,prfNpdidInformationCarrier
33/9-6 DELTA,2009,0.010,0.000,0.000,0.000,0.010,0.011,44576
33/9-6 DELTA,2010,0.021,0.000,0.000,0.000,0.021,0.038,44576
33/9-6 DELTA,2011,0.019,0.000,0.000,0.000,0.019,0.007,44576
33/9-6 DELTA,2012,0.013,0.000,0.000,0.000,0.013,0.004,44576
33/9-6 DELTA,2013,0.000,0.000,0.000,0.000,0.000,0.000,44576
ALBUSKJELL,1979,0.531,0.652,0.060,0.000,1.243,0.000,43437
ALBUSKJELL,1980,1.442,1.779,0.208,0.000,3.428,0.000,43437
ALBUSKJELL,1981,1.426,2.249,0.268,0.000,3.943,0.000,43437
ALBUSKJELL,1982,0.953,1.998,0.251,0.000,3.202,0.000,43437
ALBUSKJELL,1983,0.697,1.655,0.253,0.000,2.605,0.000,43437
ALBUSKJELL,1984,0.462,1.183,0.169,0.000,1.814,0.000,43437
ALBUSKJELL,1985,0.357,1.026,0.157,0.000,1.540,0.000,43437
ALBUSKJELL,1986,0.285,0.946,0.129,0.000,1.360,0.000,43437
ALBUSKJELL,1987,0.216,0.778,0.106,0.000,1.100,0.000,43437
ALBUSKJELL,1988,0.176,0.613,0.096,0.000,0.884,0.000,43437
ALBUSKJELL,1989,0.142,0.456,0.067,0.000,0.665,0.000,43437
ALBUSKJELL,1990,0.109,0.339,0.046,0.000,0.493,0.000,43437
ALBUSKJELL,1991,0.091,0.271,0.031,0.000,0.393,0.000,43437
ALBUSKJELL,1992,0.087,0.266,0.027,0.000,0.380,0.000,43437
ALBUSKJELL,1993,0.096,0.309,0.033,0.000,0.437,0.000,43437
ALBUSKJELL,1994,0.081,0.264,0.028,0.000,0.373,0.000,43437
ALBUSKJELL,1995,0.074,0.236,0.024,0.000,0.335,0.000,43437
ALBUSKJELL,1996,0.054,0.218,0.021,0.000,0.293,0.000,43437
ALBUSKJELL,1997,0.046,0.192,0.020,0.000,0.258,0.000,43437
ALBUSKJELL,1998,0.030,0.106,0.012,0.000,0.147,0.000,43437
ALVE,2009,0.259,0.900,0.313,0.000,1.472,0.003,4444332
ALVE,2010,0.244,0.839,0.289,0.000,1.372,0.000,4444332
ALVE,2011,0.318,0.747,0.270,0.000,1.335,0.002,4444332
ALVE,2012,0.243,0.505,0.186,0.000,0.935,0.000,4444332
ALVE,2013,0.024,0.047,0.017,0.000,0.088,0.000,4444332
ALVHEIM,2008,2.300,0.146,0.000,0.000,2.446,0.001,2845712
ALVHEIM,2009,4.973,0.445,0.000,0.000,5.419,0.377,2845712
ALVHEIM,2010,4.570,0.437,0.000,0.000,5.007,0.340,2845712
ALVHEIM,2011,3.856,0.458,0.000,0.000,4.314,0.935,2845712
ALVHEIM,2012,4.013,0.619,0.000,0.000,4.632,2.111,2845712
ALVHEIM,2013,0.615,0.103,0.000,0.000,0.718,0.274,2845712
ATLA,2012,0.038,0.046,0.000,0.000,0.085,0.000,21106284
ATLA,2013,0.012,0.000,0.000,0.000,0.012,0.000,21106284
BALDER,1991,0.129,0.000,0.000,0.000,0.129,0.000,43562
BALDER,1999,0.881,0.000,0.000,0.000,0.881,0.000,43562
BALDER,2000,4.018,0.000,0.000,0.000,4.018,1.212,43562
BALDER,2001,3.888,0.000,0.000,0.000,3.888,1.579,43562
BALDER,2002,3.436,0.000,0.000,0.000,3.436,2.371,43562
BALDER,2003,3.949,0.032,0.000,0.000,3.981,2.163,43562
BALDER,2004,6.046,0.194,0.000,0.000,6.240,2.627,43562
BALDER,2005,6.984,0.254,0.000,0.000,7.239,2.792,43562
BALDER,2006,6.352,0.215,0.000,0.000,6.567,3.113,43562
BALDER,2007,5.624,0.189,0.000,0.000,5.813,3.437,43562
BALDER,2008,4.409,0.140,0.000,0.000,4.549,3.967,43562
BALDER,2009,3.313,0.108,0.000,0.000,3.421,4.617,43562
BALDER,2010,2.726,0.091,0.000,0.000,2.818,5.213,43562
BALDER,2011,2.270,0.061,0.000,0.000,2.332,5.261,43562
BALDER,2012,1.857,0.046,0.000,0.000,1.903,4.738,43562
BALDER,2013,0.297,0.008,0.000,0.000,0.304,0.847,43562
BLANE,2007,0.049,0.000,0.002,0.000,0.051,0.000,3437650
BLANE,2008,0.139,0.000,0.006,0.000,0.145,0.000,3437650
BLANE,2009,0.116,0.000,0.005,0.000,0.120,0.000,3437650
BLANE,2010,0.094,0.000,0.003,0.000,0.097,0.000,3437650
BLANE,2011,0.101,0.000,0.004,0.000,0.104,0.003,3437650
BLANE,2012,0.054,0.000,0.002,0.000,0.056,0.008,3437650
BLANE,2013,0.012,0.000,0.001,0.000,0.013,0.002,3437650
BRAGE,1993,1.044,0.025,0.031,0.000,1.100,0.000,43651
BRAGE,1994,5.352,0.192,0.174,0.000,5.718,0.000,43651
BRAGE,1995,6.252,0.223,0.152,0.000,6.627,0.000,43651
BRAGE,1996,6.398,0.341,0.209,0.000,6.947,0.000,43651
BRAGE,1997,5.869,0.230,0.146,0.000,6.245,0.000,43651
BRAGE,1998,5.541,0.281,0.195,0.000,6.017,0.000,43651
BRAGE,1999,3.798,0.158,0.111,0.000,4.067,0.000,43651
BRAGE,2000,2.633,0.149,0.115,0.000,2.897,5.023,43651
BRAGE,2001,2.229,0.167,0.158,0.000,2.554,6.186,43651
BRAGE,2002,2.143,0.115,0.109,0.000,2.366,5.733,43651
BRAGE,2003,1.878,0.098,0.081,0.000,2.058,6.974,43651
BRAGE,2004,1.581,0.089,0.068,0.000,1.738,8.402,43651
BRAGE,2005,1.481,0.124,0.086,0.000,1.691,8.796,43651
BRAGE,2006,1.113,0.133,0.084,0.000,1.330,8.941,43651
BRAGE,2007,1.195,0.174,0.107,0.000,1.476,8.835,43651
BRAGE,2008,1.597,0.259,0.170,0.000,2.026,8.158,43651
BRAGE,2009,1.676,0.130,0.096,0.000,1.902,7.401,43651
BRAGE,2010,1.546,0.126,0.087,0.000,1.759,7.951,43651
BRAGE,2011,1.133,0.130,0.088,0.000,1.350,8.295,43651
BRAGE,2012,0.788,0.111,0.073,0.000,0.972,8.466,43651
BRAGE,2013,0.113,0.021,0.014,0.000,0.148,1.501,43651
COD,1977,0.002,0.004,0.000,0.000,0.006,0.000,43785
COD,1978,0.068,0.138,0.000,0.000,0.205,0.000,43785
COD,1979,0.285,0.482,0.035,0.000,0.802,0.000,43785
COD,1980,0.465,0.843,0.107,0.000,1.415,0.000,43785
COD,1981,0.342,0.691,0.089,0.000,1.122,0.000,43785
COD,1982,0.322,0.758,0.105,0.000,1.185,0.000,43785
COD,1983,0.283,0.730,0.125,0.000,1.139,0.000,43785
COD,1984,0.191,0.529,0.087,0.000,0.807,0.000,43785
COD,1985,0.153,0.455,0.083,0.000,0.691,0.000,43785
COD,1986,0.126,0.405,0.068,0.000,0.599,0.000,43785
COD,1987,0.081,0.281,0.049,0.000,0.411,0.000,43785
COD,1988,0.100,0.354,0.068,0.000,0.521,0.000,43785
COD,1989,0.071,0.255,0.046,0.000,0.372,0.000,43785
COD,1990,0.057,0.194,0.035,0.000,0.287,0.000,43785
COD,1991,0.051,0.173,0.025,0.000,0.250,0.000,43785
COD,1992,0.049,0.171,0.023,0.000,0.243,0.000,43785
COD,1993,0.046,0.157,0.021,0.000,0.224,0.000,43785
COD,1994,0.046,0.155,0.021,0.000,0.223,0.000,43785
COD,1995,0.047,0.164,0.022,0.000,0.233,0.000,43785
COD,1996,0.042,0.148,0.019,0.000,0.209,0.000,43785
COD,1997,0.033,0.117,0.017,0.000,0.167,0.000,43785
COD,1998,0.018,0.075,0.011,0.000,0.104,0.000,43785
DRAUGEN,1993,0.123,0.000,0.000,0.000,0.123,0.000,43758
DRAUGEN,1994,3.887,0.000,0.000,0.000,3.887,0.000,43758
DRAUGEN,1995,6.971,0.000,0.000,0.000,6.971,0.000,43758
DRAUGEN,1996,8.444,0.000,0.000,0.000,8.444,0.000,43758
DRAUGEN,1997,10.452,0.000,0.000,0.000,10.452,0.000,43758
DRAUGEN,1998,11.194,0.000,0.000,0.000,11.194,0.000,43758
DRAUGEN,1999,12.139,0.000,0.000,0.000,12.139,0.000,43758
DRAUGEN,2000,11.744,0.020,0.034,0.000,11.799,0.238,43758
DRAUGEN,2001,11.859,0.274,0.734,0.000,12.866,0.249,43758
DRAUGEN,2002,11.067,0.239,0.642,0.000,11.948,0.828,43758
DRAUGEN,2003,7.434,0.166,0.495,0.000,8.095,2.151,43758
DRAUGEN,2004,7.807,0.197,0.556,0.000,8.561,4.758,43758
DRAUGEN,2005,6.018,0.162,0.448,0.000,6.629,5.967,43758
DRAUGEN,2006,4.549,0.119,0.333,0.000,5.002,5.461,43758
DRAUGEN,2007,4.124,0.099,0.282,0.000,4.504,6.476,43758
DRAUGEN,2008,4.040,0.092,0.273,0.000,4.405,6.897,43758
DRAUGEN,2009,3.398,0.075,0.237,0.000,3.711,8.018,43758
DRAUGEN,2010,2.409,0.046,0.150,0.000,2.605,7.527,43758
DRAUGEN,2011,2.173,0.042,0.142,0.000,2.357,8.311,43758
DRAUGEN,2012,2.024,0.038,0.132,0.000,2.194,9.564,43758
DRAUGEN,2013,0.293,0.005,0.018,0.000,0.315,1.620,43758
EDDA,1979,0.049,0.010,0.002,0.000,0.061,0.000,43541
EDDA,1980,1.260,0.420,0.085,0.000,1.765,0.000,43541
EDDA,1981,0.718,0.409,0.071,0.000,1.198,0.000,43541
EDDA,1982,0.424,0.297,0.055,0.000,0.775,0.000,43541
EDDA,1983,0.291,0.201,0.045,0.000,0.536,0.000,43541
EDDA,1984,0.232,0.133,0.029,0.000,0.394,0.000,43541
EDDA,1985,0.192,0.090,0.023,0.000,0.305,0.000,43541
EDDA,1986,0.139,0.052,0.013,0.000,0.204,0.000,43541
EDDA,1987,0.050,0.015,0.004,0.000,0.069,0.000,43541
EDDA,1988,0.079,0.018,0.006,0.000,0.104,0.000,43541
EDDA,1989,0.171,0.044,0.014,0.000,0.230,0.000,43541
EDDA,1990,0.179,0.049,0.015,0.000,0.243,0.000,43541
EDDA,1991,0.144,0.037,0.010,0.000,0.191,0.000,43541
EDDA,1992,0.169,0.042,0.010,0.000,0.221,0.000,43541
EDDA,1993,0.136,0.033,0.008,0.000,0.177,0.000,43541
EDDA,1994,0.137,0.031,0.007,0.000,0.176,0.000,43541
EDDA,1995,0.146,0.031,0.007,0.000,0.184,0.000,43541
EDDA,1996,0.138,0.031,0.006,0.000,0.176,0.000,43541
EDDA,1997,0.104,0.020,0.005,0.000,0.129,0.000,43541
EDDA,1998,0.060,0.013,0.003,0.000,0.075,0.000,43541
EKOFISK,1971,0.357,0.000,0.000,0.000,0.357,0.000,43506
EKOFISK,1972,1.927,0.000,0.000,0.000,1.927,0.000,43506
EKOFISK,1973,1.870,0.000,0.000,0.000,1.870,0.000,43506
EKOFISK,1974,2.014,0.000,0.000,0.000,2.014,0.000,43506
EKOFISK,1975,10.995,0.000,0.000,0.000,10.995,0.000,43506
EKOFISK,1976,16.227,0.000,0.000,0.000,16.227,0.000,43506
EKOFISK,1977,15.888,1.441,0.000,0.000,17.330,0.000,43506
EKOFISK,1978,15.522,4.931,0.000,0.000,20.453,0.000,43506
EKOFISK,1979,12.978,5.759,0.577,0.000,19.314,0.000,43506
EKOFISK,1980,10.999,6.455,1.118,0.000,18.572,0.000,43506
EKOFISK,1981,8.986,6.497,1.042,0.000,16.525,0.000,43506
EKOFISK,1982,8.127,6.343,1.093,0.000,15.564,0.000,43506
EKOFISK,1983,8.109,5.923,1.277,0.000,15.309,0.000,43506
EKOFISK,1984,7.419,6.595,1.200,0.000,15.214,0.000,43506
EKOFISK,1985,6.234,5.811,1.193,0.000,13.238,0.000,43506
EKOFISK,1986,4.697,2.653,0.917,0.000,8.267,0.000,43506
EKOFISK,1987,3.997,3.879,0.738,0.000,8.613,0.000,43506
EKOFISK,1988,5.363,3.776,1.093,0.000,10.231,0.000,43506
EKOFISK,1989,6.638,5.042,1.146,0.000,12.827,0.000,43506
EKOFISK,1990,7.495,5.218,1.082,0.000,13.796,0.000,43506
EKOFISK,1991,8.601,4.839,1.058,0.000,14.498,0.000,43506
EKOFISK,1992,8.996,5.864,0.965,0.000,15.825,0.000,43506
EKOFISK,1993,8.767,4.669,0.857,0.000,14.293,0.000,43506
EKOFISK,1994,10.101,4.748,0.845,0.000,15.694,0.000,43506
EKOFISK,1995,12.827,5.176,0.919,0.000,18.923,0.000,43506
EKOFISK,1996,13.446,5.243,0.895,0.000,19.584,0.000,43506
EKOFISK,1997,14.272,4.993,0.819,0.000,20.084,0.000,43506
EKOFISK,1998,14.534,3.624,0.626,0.000,18.784,0.000,43506
EKOFISK,1999,14.274,2.785,0.484,0.000,17.543,0.000,43506
EKOFISK,2000,16.669,3.015,0.549,0.000,20.232,3.823,43506
EKOFISK,2001,16.565,2.878,0.523,0.000,19.965,4.549,43506
EKOFISK,2002,17.233,2.743,0.605,0.000,20.581,5.545,43506
EKOFISK,2003,17.173,2.689,0.623,0.000,20.484,6.204,43506
EKOFISK,2004,16.521,2.579,0.622,0.000,19.722,6.802,43506
EKOFISK,2005,15.818,2.531,0.613,0.000,18.962,7.559,43506
EKOFISK,2006,15.790,2.638,0.635,0.000,19.063,8.163,43506
EKOFISK,2007,13.183,2.286,0.524,0.000,15.992,8.227,43506
EKOFISK,2008,12.189,2.156,0.528,0.000,14.873,8.997,43506
EKOFISK,2009,11.247,1.903,0.456,0.000,13.606,10.627,43506
EKOFISK,2010,9.388,1.589,0.371,0.000,11.348,11.200,43506
EKOFISK,2011,8.411,1.297,0.293,0.000,10.002,12.315,43506
EKOFISK,2012,7.575,1.103,0.271,0.000,8.948,14.139,43506
EKOFISK,2013,1.117,0.158,0.040,0.000,1.315,2.097,43506
ELDFISK,1979,1.712,0.413,0.073,0.000,2.197,0.000,43527
ELDFISK,1980,5.875,1.496,0.295,0.000,7.666,0.000,43527
ELDFISK,1981,4.933,1.511,0.281,0.000,6.725,0.000,43527
ELDFISK,1982,4.115,1.385,0.279,0.000,5.778,0.000,43527
ELDFISK,1983,3.715,1.440,0.329,0.000,5.483,0.000,43527
ELDFISK,1984,3.380,1.389,0.296,0.000,5.065,0.000,43527
ELDFISK,1985,3.378,1.394,0.330,0.000,5.102,0.000,43527
ELDFISK,1986,3.358,1.443,0.306,0.000,5.107,0.000,43527
ELDFISK,1987,3.145,1.359,0.294,0.000,4.798,0.000,43527
ELDFISK,1988,3.822,2.247,0.511,0.000,6.579,0.000,43527
ELDFISK,1989,4.205,1.567,0.559,0.000,6.331,0.000,43527
ELDFISK,1990,3.681,1.310,0.481,0.000,5.472,0.000,43527
ELDFISK,1991,2.980,1.982,0.329,0.000,5.291,0.000,43527
ELDFISK,1992,2.785,1.842,0.271,0.000,4.897,0.000,43527
ELDFISK,1993,2.451,1.712,0.251,0.000,4.413,0.000,43527
ELDFISK,1994,2.230,1.549,0.229,0.000,4.008,0.000,43527
ELDFISK,1995,2.692,1.995,0.292,0.000,4.979,0.000,43527
ELDFISK,1996,2.334,1.670,0.243,0.000,4.247,0.000,43527
ELDFISK,1997,2.353,1.703,0.260,0.000,4.316,0.000,43527
ELDFISK,1998,1.517,1.068,0.169,0.000,2.754,0.000,43527
ELDFISK,1999,1.164,0.557,0.101,0.000,1.822,0.000,43527
ELDFISK,2000,1.273,0.664,0.117,0.000,2.054,0.148,43527
ELDFISK,2001,1.996,0.749,0.145,0.000,2.891,0.221,43527
ELDFISK,2002,2.392,0.926,0.163,0.000,3.482,0.504,43527
ELDFISK,2003,2.419,0.742,0.142,0.000,3.302,0.744,43527
ELDFISK,2004,3.163,0.885,0.185,0.000,4.233,0.884,43527
ELDFISK,2005,3.511,0.860,0.178,0.000,4.549,1.046,43527
ELDFISK,2006,3.012,0.694,0.152,0.000,3.858,0.986,43527
ELDFISK,2007,2.644,0.534,0.121,0.000,3.299,0.930,43527
ELDFISK,2008,3.022,0.562,0.136,0.000,3.721,1.096,43527
ELDFISK,2009,2.858,0.485,0.117,0.000,3.460,0.950,43527
ELDFISK,2010,2.874,0.505,0.115,0.000,3.494,1.027,43527
ELDFISK,2011,2.894,0.476,0.108,0.000,3.478,1.155,43527
ELDFISK,2012,2.645,0.283,0.089,0.000,3.017,1.344,43527
ELDFISK,2013,0.386,0.043,0.014,0.000,0.442,0.231,43527
EMBLA,1993,0.688,0.210,0.046,0.000,0.944,0.000,43534
EMBLA,1994,1.416,0.428,0.096,0.000,1.940,0.000,43534
EMBLA,1995,1.273,0.389,0.086,0.000,1.748,0.000,43534
EMBLA,1996,0.999,0.355,0.072,0.000,1.426,0.000,43534
EMBLA,1997,0.736,0.296,0.062,0.000,1.094,0.000,43534
EMBLA,1998,0.485,0.186,0.039,0.000,0.710,0.000,43534
EMBLA,1999,0.701,0.251,0.062,0.000,1.014,0.000,43534
EMBLA,2000,0.637,0.225,0.061,0.000,0.923,0.005,43534
EMBLA,2001,0.495,0.082,0.043,0.000,0.620,0.008,43534
EMBLA,2002,0.387,0.079,0.036,0.000,0.502,0.009,43534
EMBLA,2003,0.403,0.109,0.034,0.000,0.546,0.009,43534
EMBLA,2004,0.400,0.159,0.040,0.000,0.599,0.007,43534
EMBLA,2005,0.282,0.135,0.030,0.000,0.447,0.003,43534
EMBLA,2006,0.330,0.159,0.039,0.000,0.527,0.008,43534
EMBLA,2007,0.197,0.110,0.025,0.000,0.333,0.009,43534
EMBLA,2008,0.219,0.144,0.031,0.000,0.395,0.011,43534
EMBLA,2009,0.224,0.145,0.032,0.000,0.401,0.006,43534
EMBLA,2010,0.172,0.155,0.032,0.000,0.359,0.014,43534
EMBLA,2011,0.148,0.117,0.023,0.000,0.288,0.018,43534
EMBLA,2012,0.121,0.092,0.019,0.000,0.231,0.013,43534
EMBLA,2013,0.027,0.019,0.004,0.000,0.050,0.002,43534
ENOCH,2007,0.056,0.000,0.000,0.000,0.056,0.001,3437659
ENOCH,2008,0.068,0.000,0.000,0.000,0.068,0.002,3437659
ENOCH,2009,0.072,0.000,0.000,0.000,0.072,0.001,3437659
ENOCH,2010,0.047,0.000,0.000,0.000,0.047,0.000,3437659
ENOCH,2011,0.029,0.000,0.000,0.000,0.029,0.000,3437659
ENOCH,2012,0.002,0.000,0.000,0.000,0.002,0.000,3437659
FRAM,2003,0.694,0.000,0.000,0.000,0.694,0.003,1578840
FRAM,2004,2.938,0.000,0.000,0.000,2.938,0.059,1578840
FRAM,2005,1.861,0.000,0.000,0.000,1.861,0.078,1578840
FRAM,2006,1.663,0.000,0.000,0.000,1.663,0.066,1578840
FRAM,2007,2.641,0.068,0.004,0.000,2.712,0.196,1578840
FRAM,2008,3.278,0.288,0.027,0.000,3.593,0.119,1578840
FRAM,2009,3.381,0.423,0.068,0.000,3.872,0.295,1578840
FRAM,2010,3.091,0.569,0.076,0.000,3.737,0.403,1578840
FRAM,2011,2.802,0.576,0.077,0.000,3.454,0.597,1578840
FRAM,2012,2.442,0.535,0.084,0.000,3.061,0.816,1578840
FRAM,2013,0.436,0.106,0.014,0.000,0.555,0.094,1578840
FRIGG,1977,0.000,0.953,0.000,0.002,0.955,0.000,43555
FRIGG,1978,0.000,4.445,0.000,0.021,4.466,0.000,43555
FRIGG,1979,0.000,8.283,0.000,0.044,8.327,0.000,43555
FRIGG,1980,0.000,9.927,0.000,0.048,9.975,0.000,43555
FRIGG,1981,0.000,10.928,0.000,0.048,10.976,0.000,43555
FRIGG,1982,0.000,10.165,0.000,0.043,10.209,0.000,43555
FRIGG,1983,0.000,10.719,0.000,0.041,10.760,0.000,43555
FRIGG,1984,0.000,10.080,0.000,0.034,10.114,0.000,43555
FRIGG,1985,0.000,8.584,0.000,0.034,8.618,0.000,43555
FRIGG,1986,0.000,8.198,0.000,0.034,8.232,0.000,43555
FRIGG,1987,0.000,7.760,0.000,0.029,7.789,0.000,43555
FRIGG,1988,0.000,6.967,0.000,0.024,6.990,0.000,43555
FRIGG,1989,0.000,5.160,0.000,0.014,5.174,0.000,43555
FRIGG,1990,0.000,2.329,0.000,0.007,2.336,0.000,43555
FRIGG,1991,0.000,1.503,0.000,0.006,1.510,0.000,43555
FRIGG,1992,0.000,1.643,0.000,0.012,1.656,0.000,43555
FRIGG,1993,0.000,1.354,0.000,0.006,1.361,0.000,43555
FRIGG,1994,0.000,1.054,0.000,0.003,1.057,0.000,43555
FRIGG,1995,0.000,0.664,0.000,0.001,0.665,0.000,43555
FRIGG,1996,0.000,0.410,0.000,0.000,0.411,0.000,43555
FRIGG,1997,0.000,0.480,0.000,0.000,0.480,0.000,43555
FRIGG,1998,0.000,0.601,0.000,0.001,0.601,0.000,43555
FRIGG,1999,0.000,0.332,0.000,0.000,0.333,0.000,43555
FRIGG,2000,0.000,0.603,0.000,0.001,0.603,0.000,43555
FRIGG,2001,0.000,0.737,0.000,0.002,0.740,0.000,43555
FRIGG,2002,0.000,0.717,0.000,0.001,0.718,0.000,43555
FRIGG,2003,0.000,0.708,0.000,0.001,0.709,0.000,43555
FRIGG,2004,0.000,0.863,0.000,0.001,0.864,0.000,43555
FRØY,1995,0.871,0.154,0.000,0.005,1.030,0.000,43597
FRØY,1996,1.778,0.345,0.000,0.023,2.147,0.000,43597
FRØY,1997,1.396,0.289,0.000,0.017,1.702,0.000,43597
FRØY,1998,0.716,0.169,0.000,0.017,0.901,0.000,43597
FRØY,1999,0.493,0.249,0.000,0.027,0.770,0.000,43597
FRØY,2000,0.263,0.358,0.000,0.016,0.637,0.056,43597
FRØY,2001,0.036,0.042,0.000,0.001,0.078,0.002,43597
GAUPE,2012,0.111,0.161,0.013,0.007,0.293,0.004,18161341
GAUPE,2013,0.014,0.044,0.003,0.002,0.062,0.003,18161341
GIMLE,2005,0.300,0.062,0.021,0.000,0.383,0.009,4005142
GIMLE,2006,0.256,0.012,0.004,0.000,0.272,0.001,4005142
GIMLE,2007,0.550,0.000,0.000,0.000,0.550,0.021,4005142
GIMLE,2008,0.611,0.000,0.000,0.000,0.611,0.561,4005142
GIMLE,2009,0.333,0.000,0.000,0.000,0.333,0.795,4005142
GIMLE,2010,0.227,0.000,0.000,0.000,0.227,1.003,4005142
GIMLE,2011,0.200,0.000,0.000,0.000,0.200,1.192,4005142
GIMLE,2012,0.144,0.331,0.133,0.000,0.608,1.322,4005142
GIMLE,2013,0.023,0.056,0.022,0.000,0.101,0.249,4005142
GJØA,2010,0.241,0.213,0.000,0.000,0.454,0.008,4467574
GJØA,2011,2.149,1.768,0.846,0.071,4.834,0.088,4467574
GJØA,2012,2.763,2.934,1.748,0.172,7.617,0.112,4467574
GJØA,2013,0.358,0.607,0.352,0.032,1.349,0.022,4467574
GLITNE,2001,0.746,0.000,0.000,0.000,0.746,0.005,1272071
GLITNE,2002,2.157,0.000,0.000,0.000,2.157,0.416,1272071
GLITNE,2003,1.686,0.000,0.000,0.000,1.686,1.071,1272071
GLITNE,2004,0.969,0.000,0.000,0.000,0.969,1.291,1272071
GLITNE,2005,0.827,0.000,0.000,0.000,0.827,2.003,1272071
GLITNE,2006,0.582,0.000,0.000,0.000,0.582,2.373,1272071
GLITNE,2007,0.469,0.000,0.000,0.000,0.469,2.628,1272071
GLITNE,2008,0.509,0.000,0.000,0.000,0.509,2.766,1272071
GLITNE,2009,0.372,0.000,0.000,0.000,0.372,2.887,1272071
GLITNE,2010,0.259,0.000,0.000,0.000,0.259,2.473,1272071
GLITNE,2011,0.198,0.000,0.000,0.000,0.198,2.303,1272071
GLITNE,2012,0.101,0.000,0.000,0.000,0.101,1.595,1272071
GLITNE,2013,0.006,0.000,0.000,0.000,0.006,0.194,1272071
GRANE,1996,0.079,0.000,0.000,0.000,0.079,0.000,1035937
GRANE,2003,0.751,0.000,0.000,0.000,0.751,0.185,1035937
GRANE,2004,7.086,0.000,0.000,0.000,7.086,2.947,1035937
GRANE,2005,10.308,0.000,0.000,0.000,10.308,4.534,1035937
GRANE,2006,12.614,0.000,0.000,0.000,12.614,4.686,1035937
GRANE,2007,11.992,0.000,0.000,0.000,11.992,3.316,1035937
GRANE,2008,10.037,0.000,0.000,0.000,10.037,3.296,1035937
GRANE,2009,10.724,0.000,0.000,0.000,10.724,2.726,1035937
GRANE,2010,9.654,0.000,0.000,0.000,9.654,2.299,1035937
GRANE,2011,8.170,0.000,0.000,0.000,8.170,3.157,1035937
GRANE,2012,7.108,0.000,0.000,0.000,7.108,3.626,1035937
GRANE,2013,0.951,0.000,0.000,0.000,0.951,0.620,1035937
GULLFAKS,1986,0.044,0.000,0.000,0.000,0.044,0.000,43686
GULLFAKS,1987,4.020,0.122,0.017,0.000,4.158,0.000,43686
GULLFAKS,1988,8.639,0.582,0.080,0.000,9.301,0.000,43686
GULLFAKS,1989,15.490,1.059,0.151,0.000,16.700,0.000,43686
GULLFAKS,1990,14.830,1.005,0.145,0.000,15.979,0.000,43686
GULLFAKS,1991,19.907,1.310,0.237,0.000,21.454,0.000,43686
GULLFAKS,1992,25.027,1.799,0.337,0.000,27.164,0.000,43686
GULLFAKS,1993,28.677,2.069,0.495,0.000,31.240,0.000,43686
GULLFAKS,1994,30.743,2.017,0.448,0.000,33.208,0.000,43686
GULLFAKS,1995,28.091,1.873,0.378,0.000,30.342,0.000,43686
GULLFAKS,1996,25.445,1.773,0.202,0.000,27.420,0.000,43686
GULLFAKS,1997,24.121,1.684,0.189,0.000,25.994,0.000,43686
GULLFAKS,1998,19.855,1.455,0.244,0.000,21.554,0.000,43686
GULLFAKS,1999,17.277,0.968,0.165,0.000,18.410,0.000,43686
GULLFAKS,2000,13.272,0.902,0.162,0.000,14.336,23.517,43686
GULLFAKS,2001,10.532,0.827,0.197,0.000,11.556,25.287,43686
GULLFAKS,2002,9.211,0.605,0.163,0.000,9.978,24.652,43686
GULLFAKS,2003,9.506,0.622,0.252,0.000,10.380,25.271,43686
GULLFAKS,2004,9.712,0.579,0.232,0.000,10.523,29.085,43686
GULLFAKS,2005,8.346,0.448,0.217,0.000,9.011,25.154,43686
GULLFAKS,2006,6.429,0.493,0.196,0.000,7.118,26.228,43686
GULLFAKS,2007,5.560,0.236,0.257,0.000,6.053,23.837,43686
GULLFAKS,2008,5.305,0.333,0.322,0.000,5.961,23.649,43686
GULLFAKS,2009,4.690,0.228,0.073,0.000,4.990,25.826,43686
GULLFAKS,2010,3.959,0.090,0.030,0.000,4.079,24.553,43686
GULLFAKS,2011,2.663,0.000,0.000,0.000,2.663,15.123,43686
GULLFAKS,2012,2.537,0.000,0.000,0.000,2.537,15.814,43686
GULLFAKS,2013,0.423,0.000,0.000,0.000,0.423,2.401,43686
GULLFAKS SØR,1998,0.069,0.000,0.000,0.000,0.069,0.000,43699
GULLFAKS SØR,1999,2.207,0.000,0.000,0.000,2.207,0.000,43699
GULLFAKS SØR,2000,2.994,0.499,0.105,0.000,3.598,0.190,43699
GULLFAKS SØR,2001,3.838,0.599,0.151,0.000,4.589,0.372,43699
GULLFAKS SØR,2002,3.729,1.887,0.458,0.000,6.073,0.243,43699
GULLFAKS SØR,2003,3.379,2.543,0.579,0.000,6.501,0.178,43699
GULLFAKS SØR,2004,4.171,3.214,0.741,0.000,8.125,0.188,43699
GULLFAKS SØR,2005,3.889,3.803,0.824,0.000,8.517,0.393,43699
GULLFAKS SØR,2006,2.933,3.637,0.967,0.000,7.536,0.561,43699
GULLFAKS SØR,2007,3.280,4.043,1.017,0.000,8.340,0.613,43699
GULLFAKS SØR,2008,3.108,3.738,0.878,0.000,7.724,0.356,43699
GULLFAKS SØR,2009,3.007,2.637,0.820,0.000,6.465,0.445,43699
GULLFAKS SØR,2010,2.085,2.336,0.741,0.000,5.162,0.156,43699
GULLFAKS SØR,2011,1.594,1.609,0.280,0.000,3.483,0.331,43699
GULLFAKS SØR,2012,1.882,2.436,0.665,0.000,4.983,1.441,43699
GULLFAKS SØR,2013,0.348,0.407,0.115,0.000,0.871,0.231,43699
GUNGNE,1996,0.000,0.000,0.037,0.062,0.098,0.000,43464
GUNGNE,1997,0.000,0.000,0.223,0.393,0.616,0.000,43464
GUNGNE,1998,0.000,0.000,0.102,0.180,0.283,0.000,43464
GUNGNE,1999,0.000,0.000,0.138,0.252,0.389,0.000,43464
GUNGNE,2000,0.000,0.000,0.127,0.171,0.298,0.008,43464
GUNGNE,2001,0.000,0.000,0.280,0.314,0.594,0.007,43464
GUNGNE,2002,0.000,0.000,0.305,0.445,0.750,0.009,43464
GUNGNE,2003,0.000,0.000,0.407,0.573,0.980,0.024,43464
GUNGNE,2004,0.000,0.000,0.331,0.466,0.797,0.039,43464
GUNGNE,2005,0.000,0.000,0.333,0.344,0.677,0.052,43464
GUNGNE,2006,0.000,0.000,0.286,0.261,0.547,0.069,43464
GUNGNE,2007,0.000,0.000,0.266,0.226,0.492,0.073,43464
GUNGNE,2008,0.000,0.000,0.240,0.213,0.453,0.080,43464
GUNGNE,2009,0.000,0.000,0.187,0.148,0.335,0.079,43464
GUNGNE,2010,0.000,0.000,0.140,0.120,0.260,0.090,43464
GUNGNE,2011,0.000,0.000,0.119,0.075,0.195,0.081,43464
GUNGNE,2012,0.000,0.000,0.099,0.065,0.164,0.082,43464
GUNGNE,2013,0.000,0.000,0.017,0.012,0.029,0.013,43464
GYDA,1990,1.497,0.159,0.181,0.000,1.836,0.000,43492
GYDA,1991,3.130,0.416,0.368,0.000,3.914,0.000,43492
GYDA,1992,3.587,0.479,0.400,0.000,4.466,0.000,43492
GYDA,1993,3.708,0.483,0.402,0.000,4.593,0.000,43492
GYDA,1994,3.808,0.475,0.413,0.000,4.696,0.000,43492
GYDA,1995,3.448,0.501,0.381,0.000,4.329,0.000,43492
GYDA,1996,3.125,0.608,0.362,0.000,4.095,0.000,43492
GYDA,1997,2.505,0.581,0.310,0.000,3.396,0.000,43492
GYDA,1998,1.740,0.484,0.221,0.000,2.445,0.000,43492
GYDA,1999,1.502,0.456,0.176,0.000,2.134,0.000,43492
GYDA,2000,1.116,0.281,0.124,0.000,1.520,0.870,43492
GYDA,2001,1.116,0.234,0.111,0.000,1.461,0.935,43492
GYDA,2002,0.698,0.088,0.060,0.000,0.847,1.243,43492
GYDA,2003,0.650,0.065,0.049,0.000,0.763,1.863,43492
GYDA,2004,0.524,0.055,0.038,0.000,0.617,1.377,43492
GYDA,2005,0.745,0.123,0.059,0.000,0.927,0.886,43492
GYDA,2006,0.650,0.134,0.058,0.000,0.842,1.053,43492
GYDA,2007,0.521,0.124,0.048,0.000,0.692,1.201,43492
GYDA,2008,0.623,0.150,0.061,0.000,0.834,1.453,43492
GYDA,2009,0.384,0.124,0.041,0.000,0.549,1.657,43492
GYDA,2010,0.224,0.081,0.026,0.000,0.330,1.197,43492
GYDA,2011,0.234,0.061,0.021,0.000,0.316,0.966,43492
GYDA,2012,0.144,0.004,0.006,0.000,0.155,0.675,43492
GYDA,2013,0.023,0.001,0.001,0.000,0.025,0.055,43492
HEIDRUN,1995,1.059,0.000,0.000,0.000,1.059,0.000,43771
HEIDRUN,1996,12.189,0.009,0.000,0.000,12.198,0.000,43771
HEIDRUN,1997,13.456,0.331,0.000,0.000,13.788,0.000,43771
HEIDRUN,1998,11.690,0.566,0.000,0.000,12.257,0.000,43771
HEIDRUN,1999,12.540,0.652,0.000,0.000,13.192,0.000,43771
HEIDRUN,2000,10.591,0.608,0.000,0.000,11.199,1.700,43771
HEIDRUN,2001,10.226,1.346,0.192,0.000,11.764,1.629,43771
HEIDRUN,2002,10.132,1.137,0.112,0.000,11.381,2.366,43771
HEIDRUN,2003,9.070,2.099,0.175,0.000,11.344,3.723,43771
HEIDRUN,2004,8.583,0.755,0.161,0.000,9.499,3.686,43771
HEIDRUN,2005,8.139,0.342,0.086,0.000,8.566,4.610,43771
HEIDRUN,2006,8.000,0.424,0.102,0.000,8.526,4.659,43771
HEIDRUN,2007,6.203,0.310,0.069,0.000,6.581,4.108,43771
HEIDRUN,2008,5.460,0.241,0.054,0.000,5.755,4.390,43771
HEIDRUN,2009,4.562,0.257,0.057,0.000,4.876,4.621,43771
HEIDRUN,2010,3.210,0.864,0.036,0.000,4.110,3.641,43771
HEIDRUN,2011,3.705,0.779,0.012,0.000,4.496,4.714,43771
HEIDRUN,2012,3.181,0.705,0.005,0.000,3.891,4.754,43771
HEIDRUN,2013,0.635,0.122,0.000,0.000,0.757,0.926,43771
HEIMDAL,1986,0.316,2.084,0.000,0.000,2.400,0.000,43590
HEIMDAL,1987,0.520,3.525,0.000,0.000,4.045,0.000,43590
HEIMDAL,1988,0.578,3.595,0.000,0.000,4.173,0.000,43590
HEIMDAL,1989,0.472,3.332,0.000,0.000,3.804,0.000,43590
HEIMDAL,1990,0.505,3.334,0.000,0.000,3.839,0.000,43590
HEIMDAL,1991,0.497,3.416,0.000,0.000,3.913,0.000,43590
HEIMDAL,1992,0.491,3.509,0.000,0.000,4.000,0.000,43590
HEIMDAL,1993,0.485,3.506,0.000,0.000,3.990,0.000,43590
HEIMDAL,1994,0.444,3.294,0.000,0.000,3.739,0.000,43590
HEIMDAL,1995,0.466,3.434,0.000,0.000,3.900,0.000,43590
HEIMDAL,1996,0.627,4.569,0.000,0.000,5.197,0.000,43590
HEIMDAL,1997,0.407,2.712,0.000,0.000,3.119,0.000,43590
HEIMDAL,1998,0.204,1.326,0.000,0.000,1.530,0.000,43590
HEIMDAL,1999,0.118,0.820,0.000,0.000,0.938,0.000,43590
HEIMDAL,2001,0.013,0.228,0.000,0.000,0.240,0.000,43590
HEIMDAL,2002,0.099,0.547,0.000,0.000,0.646,0.000,43590
HEIMDAL,2003,0.056,0.396,0.000,0.000,0.453,0.000,43590
HEIMDAL,2004,0.051,0.337,0.000,0.000,0.388,0.000,43590
HEIMDAL,2005,0.045,0.292,0.000,0.000,0.337,0.000,43590
HEIMDAL,2006,0.023,0.158,0.000,0.000,0.181,0.000,43590
HEIMDAL,2007,0.026,0.149,0.000,0.000,0.175,0.000,43590
HEIMDAL,2008,0.022,0.170,0.000,0.000,0.192,0.000,43590
HEIMDAL,2009,0.026,0.200,0.000,0.000,0.225,0.000,43590
HEIMDAL,2010,0.025,0.187,0.000,0.000,0.212,0.000,43590
HEIMDAL,2011,0.018,0.122,0.000,0.000,0.140,0.000,43590
HOD,1990,0.155,0.021,0.010,0.000,0.186,0.000,43485
HOD,1991,1.526,0.202,0.088,0.000,1.816,0.000,43485
HOD,1992,1.288,0.250,0.077,0.000,1.614,0.000,43485
HOD,1993,0.868,0.204,0.051,0.000,1.123,0.000,43485
HOD,1994,0.616,0.139,0.038,0.000,0.793,0.000,43485
HOD,1995,0.524,0.118,0.032,0.000,0.674,0.000,43485
HOD,1996,0.560,0.120,0.032,0.000,0.712,0.000,43485
HOD,1997,0.468,0.095,0.026,0.000,0.589,0.000,43485
HOD,1998,0.294,0.054,0.015,0.000,0.363,0.000,43485
HOD,1999,0.131,0.017,0.005,0.000,0.152,0.000,43485
HOD,2000,0.094,0.011,0.003,0.000,0.109,0.006,43485
HOD,2001,0.377,0.043,0.015,0.000,0.434,0.042,43485
HOD,2002,0.372,0.051,0.015,0.000,0.438,0.054,43485
HOD,2003,0.330,0.042,0.014,0.000,0.386,0.063,43485
HOD,2004,0.282,0.051,0.013,0.000,0.346,0.082,43485
HOD,2005,0.231,0.035,0.010,0.000,0.277,0.086,43485
HOD,2006,0.376,0.048,0.015,0.000,0.439,0.132,43485
HOD,2007,0.302,0.047,0.014,0.000,0.363,0.086,43485
HOD,2008,0.217,0.033,0.010,0.000,0.260,0.107,43485
HOD,2009,0.194,0.027,0.009,0.000,0.230,0.092,43485
HOD,2010,0.173,0.017,0.007,0.000,0.197,0.098,43485
HOD,2011,0.070,0.008,0.003,0.000,0.080,0.036,43485
HOD,2012,0.044,0.004,0.001,0.000,0.050,0.035,43485
HULDRA,2001,0.038,0.082,0.002,0.000,0.122,0.003,97002
HULDRA,2002,1.249,2.615,0.052,0.000,3.916,0.231,97002
HULDRA,2003,1.183,2.958,0.023,0.000,4.164,0.428,97002
HULDRA,2004,0.939,3.081,0.043,0.000,4.063,0.406,97002
HULDRA,2005,0.485,1.919,0.042,0.000,2.446,0.286,97002
HULDRA,2006,0.304,1.338,0.022,0.000,1.664,0.251,97002
HULDRA,2007,0.168,0.767,0.001,0.000,0.937,0.204,97002
HULDRA,2008,0.209,1.083,0.001,0.000,1.293,0.330,97002
HULDRA,2009,0.192,1.055,0.000,0.000,1.247,0.389,97002
HULDRA,2010,0.146,0.824,0.000,0.000,0.970,0.322,97002
HULDRA,2011,0.099,0.576,0.001,0.000,0.676,0.250,97002
HULDRA,2012,0.079,0.440,0.023,0.000,0.542,0.170,97002
HULDRA,2013,0.009,0.057,0.004,0.000,0.070,0.021,97002
ISLAY,2012,0.002,0.025,0.002,0.000,0.029,0.000,21105675
ISLAY,2013,0.000,0.007,0.001,0.000,0.008,0.000,21105675
JOTUN,1999,0.863,0.012,0.000,0.000,0.876,0.000,43604
JOTUN,2000,7.166,0.313,0.000,0.000,7.479,0.821,43604
JOTUN,2001,5.480,0.206,0.000,0.000,5.685,4.508,43604
JOTUN,2002,2.587,0.068,0.000,0.000,2.655,6.840,43604
JOTUN,2003,2.235,0.048,0.000,0.000,2.283,7.401,43604
JOTUN,2004,1.103,0.037,0.000,0.000,1.140,7.905,43604
JOTUN,2005,0.764,0.051,0.000,0.000,0.815,8.101,43604
JOTUN,2006,0.665,0.051,0.000,0.000,0.717,7.578,43604
JOTUN,2007,0.515,0.045,0.000,0.000,0.559,6.693,43604
JOTUN,2008,0.384,0.022,0.000,0.000,0.406,6.085,43604
JOTUN,2009,0.312,0.014,0.000,0.000,0.326,5.531,43604
JOTUN,2010,0.254,0.007,0.000,0.000,0.261,5.373,43604
JOTUN,2011,0.213,0.005,0.000,0.000,0.218,5.138,43604
JOTUN,2012,0.174,0.001,0.000,0.000,0.174,4.830,43604
JOTUN,2013,0.028,0.000,0.000,0.000,0.028,0.764,43604
KRISTIN,2005,0.000,0.190,0.076,0.195,0.460,0.005,1854729
KRISTIN,2006,1.070,2.610,1.119,1.902,6.700,0.078,1854729
KRISTIN,2007,4.278,3.690,1.578,0.000,9.546,0.213,1854729
KRISTIN,2008,4.398,3.940,1.625,0.000,9.963,0.667,1854729
KRISTIN,2009,2.864,2.813,1.181,0.000,6.857,0.702,1854729
KRISTIN,2010,1.750,2.117,0.882,0.000,4.750,0.891,1854729
KRISTIN,2011,1.411,1.981,0.891,0.000,4.283,1.231,1854729
KRISTIN,2012,1.139,1.634,0.675,0.000,3.448,1.118,1854729
KRISTIN,2013,0.171,0.228,0.084,0.000,0.483,0.173,1854729
KVITEBJØRN,2004,0.281,0.558,0.034,0.000,0.873,0.014,1036101
KVITEBJØRN,2005,2.187,4.340,0.590,0.000,7.117,0.072,1036101
KVITEBJØRN,2006,2.837,5.620,0.810,0.000,9.267,0.088,1036101
KVITEBJØRN,2007,0.548,1.083,0.140,0.000,1.771,0.018,1036101
KVITEBJØRN,2008,1.448,3.003,0.453,0.000,4.904,0.062,1036101
KVITEBJØRN,2009,2.349,5.081,0.808,0.000,8.237,0.172,1036101
KVITEBJØRN,2010,2.711,6.115,0.775,0.000,9.600,0.226,1036101
KVITEBJØRN,2011,2.628,6.518,0.829,0.000,9.974,0.202,1036101
KVITEBJØRN,2012,2.483,6.979,0.933,0.000,10.396,0.135,1036101
KVITEBJØRN,2013,0.393,1.200,0.149,0.000,1.742,0.023,1036101
LILLE-FRIGG,1994,0.388,0.584,0.000,0.003,0.976,0.000,43583
LILLE-FRIGG,1995,0.437,0.609,0.000,0.003,1.049,0.000,43583
LILLE-FRIGG,1996,0.283,0.532,0.000,0.006,0.822,0.000,43583
LILLE-FRIGG,1997,0.132,0.271,0.000,0.003,0.407,0.000,43583
LILLE-FRIGG,1998,0.071,0.149,0.000,0.004,0.223,0.000,43583
LILLE-FRIGG,1999,0.013,0.041,0.000,0.000,0.054,0.000,43583
LILLE-FRIGG,2000,0.002,0.000,0.000,0.000,0.002,0.000,43583
LILLE-FRIGG,2001,0.000,0.000,0.000,0.000,0.000,0.000,43583
MARULK,2012,0.050,0.541,0.092,0.000,0.683,0.004,18212090
MARULK,2013,0.001,0.015,0.003,0.000,0.019,0.000,18212090
MIKKEL,2003,0.000,0.463,0.195,0.205,0.863,0.002,1630514
MIKKEL,2004,0.000,1.651,0.857,0.732,3.240,0.007,1630514
MIKKEL,2005,0.000,1.738,0.914,0.760,3.412,0.008,1630514
MIKKEL,2006,0.169,1.613,0.881,0.532,3.194,0.007,1630514
MIKKEL,2007,0.740,1.850,1.000,0.000,3.590,0.007,1630514
MIKKEL,2008,0.590,1.506,0.793,0.000,2.889,0.006,1630514
MIKKEL,2009,0.515,1.781,0.926,0.000,3.222,0.006,1630514
MIKKEL,2010,0.458,1.694,0.904,0.000,3.056,0.006,1630514
MIKKEL,2011,0.414,1.672,0.903,0.000,2.989,0.006,1630514
MIKKEL,2012,0.370,1.615,0.868,0.000,2.854,0.006,1630514
MIKKEL,2013,0.050,0.229,0.123,0.000,0.402,0.001,1630514
MIME,1990,0.026,0.006,0.002,0.000,0.034,0.000,43792
MIME,1991,0.162,0.037,0.011,0.000,0.210,0.000,43792
MIME,1992,0.122,0.028,0.008,0.000,0.157,0.000,43792
MIME,1993,0.064,0.015,0.004,0.000,0.083,0.000,43792
MORVIN,2010,0.407,0.000,0.000,0.000,0.407,0.000,4966234
MORVIN,2011,1.558,0.000,0.000,0.000,1.558,0.000,4966234
MORVIN,2012,1.711,0.000,0.000,0.000,1.711,0.000,4966234
MORVIN,2013,0.230,0.000,0.000,0.000,0.230,0.000,4966234
MURCHISON,1981,0.720,0.000,0.000,0.000,0.720,0.000,43665
MURCHISON,1982,1.052,0.000,0.000,0.000,1.052,0.000,43665
MURCHISON,1983,1.054,0.019,0.049,0.000,1.121,0.000,43665
MURCHISON,1984,2.863,0.081,0.195,0.000,3.139,0.000,43665
MURCHISON,1985,1.696,0.055,0.139,0.000,1.890,0.000,43665
MURCHISON,1986,0.893,0.046,0.082,0.000,1.022,0.000,43665
MURCHISON,1987,0.344,0.024,0.024,0.000,0.392,0.000,43665
MURCHISON,1988,0.523,0.024,0.019,0.000,0.566,0.000,43665
MURCHISON,1989,0.485,0.017,0.016,0.000,0.518,0.000,43665
MURCHISON,1990,0.481,0.008,0.013,0.000,0.501,0.000,43665
MURCHISON,1991,0.394,0.011,0.010,0.000,0.416,0.000,43665
MURCHISON,1992,0.469,0.018,0.015,0.000,0.502,0.000,43665
MURCHISON,1993,0.289,0.009,0.007,0.000,0.306,0.000,43665
MURCHISON,1994,0.230,0.004,0.005,0.000,0.239,0.000,43665
MURCHISON,1995,0.203,0.004,0.005,0.000,0.212,0.000,43665
MURCHISON,1996,0.236,0.006,0.005,0.000,0.247,0.000,43665
MURCHISON,1997,0.280,0.011,0.010,0.000,0.302,0.000,43665
MURCHISON,1998,0.269,0.006,0.007,0.000,0.282,0.000,43665
MURCHISON,1999,0.252,0.004,0.005,0.000,0.261,0.000,43665
MURCHISON,2000,0.168,0.001,0.005,0.000,0.173,0.000,43665
MURCHISON,2001,0.090,0.000,0.000,0.000,0.090,0.000,43665
MURCHISON,2002,0.105,0.000,0.001,0.000,0.106,0.000,43665
MURCHISON,2003,0.114,0.000,0.003,0.000,0.117,0.000,43665
MURCHISON,2004,0.090,0.000,0.001,0.000,0.092,0.000,43665
MURCHISON,2005,0.082,0.000,0.000,0.000,0.082,0.000,43665
MURCHISON,2006,0.088,0.000,0.002,0.000,0.090,0.000,43665
MURCHISON,2007,0.078,0.000,0.000,0.000,0.078,0.000,43665
MURCHISON,2008,0.075,0.000,0.001,0.000,0.076,0.000,43665
MURCHISON,2009,0.068,0.000,0.001,0.000,0.069,0.000,43665
MURCHISON,2010,0.046,0.000,0.001,0.000,0.045,0.000,43665
MURCHISON,2011,0.050,0.000,0.000,0.000,0.050,0.000,43665
MURCHISON,2012,0.044,0.000,0.000,0.000,0.044,0.000,43665
MURCHISON,2013,0.005,0.000,0.000,0.000,0.005,0.000,43665
NJORD,1997,0.367,0.000,0.000,0.000,0.367,0.000,43751
NJORD,1998,1.696,0.000,0.000,0.000,1.696,0.000,43751
NJORD,1999,3.523,0.000,0.000,0.000,3.523,0.000,43751
NJORD,2000,3.921,0.000,0.000,0.000,3.921,0.062,43751
NJORD,2001,2.937,0.000,0.000,0.000,2.937,0.124,43751
NJORD,2002,1.863,0.000,0.000,0.000,1.863,0.103,43751
NJORD,2003,1.764,0.000,0.000,0.000,1.764,0.144,43751
NJORD,2004,1.689,0.000,0.000,0.000,1.689,0.070,43751
NJORD,2005,1.830,0.000,0.000,0.000,1.830,0.080,43751
NJORD,2006,1.392,0.000,0.000,0.000,1.392,0.161,43751
NJORD,2007,1.053,0.075,0.034,0.000,1.162,0.094,43751
NJORD,2008,0.947,1.997,0.905,0.000,3.849,0.086,43751
NJORD,2009,0.743,1.824,0.840,0.000,3.407,0.189,43751
NJORD,2010,0.961,1.777,0.798,0.000,3.537,0.142,43751
NJORD,2011,0.541,1.384,0.614,0.000,2.539,0.040,43751
NJORD,2012,0.317,0.756,0.329,0.000,1.402,0.023,43751
NJORD,2013,0.080,0.172,0.074,0.000,0.325,0.007,43751
NORDØST FRIGG,1983,0.000,0.058,0.000,0.000,0.058,0.000,43568
NORDØST FRIGG,1984,0.000,1.727,0.000,0.013,1.740,0.000,43568
NORDØST FRIGG,1985,0.000,2.228,0.000,0.013,2.241,0.000,43568
NORDØST FRIGG,1986,0.000,1.609,0.000,0.006,1.615,0.000,43568
NORDØST FRIGG,1987,0.000,1.143,0.000,0.005,1.148,0.000,43568
NORDØST FRIGG,1988,0.000,1.121,0.000,0.007,1.128,0.000,43568
NORDØST FRIGG,1989,0.000,1.123,0.000,0.008,1.131,0.000,43568
NORDØST FRIGG,1990,0.000,1.224,0.000,0.012,1.235,0.000,43568
NORDØST FRIGG,1991,0.000,0.797,0.000,0.008,0.805,0.000,43568
NORDØST FRIGG,1992,0.000,0.486,0.000,0.006,0.492,0.000,43568
NORDØST FRIGG,1993,0.000,0.079,0.000,0.001,0.080,0.000,43568
NORNE,1997,0.415,0.000,0.000,0.000,0.415,0.000,43778
NORNE,1998,6.316,0.000,0.000,0.000,6.316,0.000,43778
NORNE,1999,8.305,0.000,0.000,0.000,8.305,0.000,43778
NORNE,2000,10.420,0.000,0.000,0.000,10.420,0.139,43778
NORNE,2001,11.297,1.085,0.208,0.000,12.591,0.303,43778
NORNE,2002,10.270,0.790,0.146,0.000,11.205,1.056,43778
NORNE,2003,8.552,0.756,0.181,0.000,9.489,1.856,43778
NORNE,2004,7.008,0.956,0.205,0.000,8.169,2.473,43778
NORNE,2005,5.267,0.946,0.208,0.000,6.420,4.953,43778
NORNE,2006,4.849,0.435,0.114,0.000,5.398,5.463,43778
NORNE,2007,4.274,0.510,0.135,0.000,4.919,5.854,43778
NORNE,2008,3.482,0.343,0.092,0.000,3.916,6.450,43778
NORNE,2009,2.214,0.180,0.048,0.000,2.443,6.399,43778
NORNE,2010,1.931,0.169,0.046,0.000,2.146,6.467,43778
NORNE,2011,1.615,0.257,0.072,0.000,1.944,8.107,43778
NORNE,2012,0.743,0.157,0.044,0.000,0.944,6.123,43778
NORNE,2013,0.147,0.023,0.006,0.000,0.177,1.037,43778
ODIN,1984,0.000,1.515,0.000,0.016,1.532,0.000,43610
ODIN,1985,0.000,3.549,0.000,0.028,3.577,0.000,43610
ODIN,1986,0.000,3.371,0.000,0.021,3.392,0.000,43610
ODIN,1987,0.000,3.475,0.000,0.021,3.496,0.000,43610
ODIN,1988,0.000,2.729,0.000,0.015,2.744,0.000,43610
ODIN,1989,0.000,2.827,0.000,0.019,2.846,0.000,43610
ODIN,1990,0.000,2.625,0.000,0.020,2.645,0.000,43610
ODIN,1991,0.000,2.810,0.000,0.030,2.840,0.000,43610
ODIN,1992,0.000,2.289,0.000,0.023,2.312,0.000,43610
ODIN,1993,0.000,1.503,0.000,0.016,1.520,0.000,43610
ODIN,1994,0.000,0.565,0.000,0.007,0.572,0.000,43610
ORMEN LANGE,2007,0.000,1.670,0.000,0.135,1.805,0.002,2762452
ORMEN LANGE,2008,0.000,11.437,0.000,0.967,12.405,0.000,2762452
ORMEN LANGE,2009,0.000,20.782,0.000,1.646,22.427,0.000,2762452
ORMEN LANGE,2010,0.000,20.851,0.000,1.529,22.380,0.000,2762452
ORMEN LANGE,2011,0.000,21.739,0.000,1.654,23.393,0.000,2762452
ORMEN LANGE,2012,0.000,22.203,0.000,1.734,23.937,0.000,2762452
ORMEN LANGE,2013,0.000,3.730,0.000,0.271,4.001,0.000,2762452
OSEBERG,1986,0.291,0.000,0.000,0.000,0.291,0.000,43625
OSEBERG,1987,0.808,0.000,0.000,0.000,0.808,0.000,43625
OSEBERG,1988,1.126,0.000,0.000,0.000,1.126,0.000,43625
OSEBERG,1989,13.514,0.000,0.000,0.000,13.514,0.000,43625
OSEBERG,1990,17.309,0.000,0.000,0.000,17.309,0.000,43625
OSEBERG,1991,20.916,0.000,0.000,0.000,20.916,0.000,43625
OSEBERG,1992,26.104,0.000,0.000,0.000,26.104,0.000,43625
OSEBERG,1993,28.463,0.000,0.000,0.000,28.463,0.000,43625
OSEBERG,1994,29.212,0.000,0.000,0.000,29.212,0.000,43625
OSEBERG,1995,28.985,0.000,0.000,0.000,28.985,0.000,43625
OSEBERG,1996,29.126,0.000,0.000,0.000,29.126,0.000,43625
OSEBERG,1997,27.268,0.000,0.000,0.000,27.268,0.000,43625
OSEBERG,1998,24.102,0.000,0.000,0.000,24.102,0.000,43625
OSEBERG,1999,19.435,0.000,0.000,0.000,19.435,0.000,43625
OSEBERG,2000,15.411,1.403,0.630,0.000,17.444,3.047,43625
OSEBERG,2001,10.970,3.797,0.955,0.000,15.722,2.155,43625
OSEBERG,2002,10.113,2.798,1.019,0.000,13.929,1.742,43625
OSEBERG,2003,9.175,1.239,1.025,0.000,11.439,2.305,43625
OSEBERG,2004,8.714,2.423,1.184,0.000,12.321,2.537,43625
OSEBERG,2005,7.467,2.821,1.165,0.000,11.452,2.982,43625
OSEBERG,2006,6.262,3.370,1.255,0.000,10.887,2.802,43625
OSEBERG,2007,5.164,1.548,1.303,0.000,8.014,2.415,43625
OSEBERG,2008,5.293,3.818,1.179,0.000,10.290,2.395,43625
OSEBERG,2009,5.125,2.380,1.075,0.000,8.580,2.715,43625
OSEBERG,2010,4.309,3.243,0.959,0.000,8.512,2.915,43625
OSEBERG,2011,3.914,1.530,1.199,0.000,6.643,2.118,43625
OSEBERG,2012,3.311,4.569,1.176,0.000,9.056,1.783,43625
OSEBERG,2013,0.478,1.245,0.211,0.000,1.935,0.237,43625
OSEBERG SØR,2000,1.432,0.000,0.000,0.000,1.432,0.004,43645
OSEBERG SØR,2001,4.456,0.000,0.000,0.000,4.456,0.047,43645
OSEBERG SØR,2002,4.360,0.197,0.000,0.000,4.557,0.174,43645
OSEBERG SØR,2003,5.060,0.895,0.000,0.000,5.955,0.327,43645
OSEBERG SØR,2004,4.582,0.954,0.000,0.000,5.536,1.003,43645
OSEBERG SØR,2005,4.182,0.713,0.000,0.000,4.895,1.374,43645
OSEBERG SØR,2006,4.070,0.759,0.000,0.000,4.829,2.379,43645
OSEBERG SØR,2007,3.173,0.668,0.000,0.000,3.841,2.122,43645
OSEBERG SØR,2008,3.305,0.603,0.000,0.000,3.908,2.048,43645
OSEBERG SØR,2009,2.634,0.613,0.000,0.000,3.247,1.802,43645
OSEBERG SØR,2010,2.302,0.629,0.000,0.000,2.931,1.715,43645
OSEBERG SØR,2011,2.081,0.807,0.000,0.000,2.889,1.686,43645
OSEBERG SØR,2012,2.097,1.118,0.000,0.000,3.215,1.683,43645
OSEBERG SØR,2013,0.316,0.176,0.000,0.000,0.493,0.305,43645
OSEBERG ØST,1999,0.911,0.000,0.000,0.000,0.911,0.000,43639
OSEBERG ØST,2000,2.554,0.000,0.000,0.000,2.554,0.007,43639
OSEBERG ØST,2001,3.813,0.000,0.000,0.000,3.813,0.332,43639
OSEBERG ØST,2002,3.113,0.031,0.000,0.000,3.143,1.489,43639
OSEBERG ØST,2003,2.188,0.082,0.000,0.000,2.270,2.218,43639
OSEBERG ØST,2004,1.798,0.067,0.000,0.000,1.864,2.991,43639
OSEBERG ØST,2005,1.062,0.037,0.000,0.000,1.099,2.770,43639
OSEBERG ØST,2006,0.663,0.024,0.000,0.000,0.687,2.503,43639
OSEBERG ØST,2007,0.539,0.020,0.000,0.000,0.558,2.577,43639
OSEBERG ØST,2008,0.438,0.008,0.000,0.000,0.446,1.888,43639
OSEBERG ØST,2009,0.350,0.006,0.000,0.000,0.357,1.251,43639
OSEBERG ØST,2010,0.349,0.007,0.000,0.000,0.355,1.519,43639
OSEBERG ØST,2011,0.516,0.010,0.000,0.000,0.526,1.352,43639
OSEBERG ØST,2012,0.455,0.009,0.000,0.000,0.464,1.422,43639
OSEBERG ØST,2013,0.068,0.001,0.000,0.000,0.070,0.283,43639
OSELVAR,2012,0.152,0.000,0.007,0.000,0.159,0.004,5506919
OSELVAR,2013,0.038,0.000,0.002,0.000,0.040,0.001,5506919
REV,2009,0.240,0.628,0.000,0.000,0.869,0.000,4467554
REV,2010,0.291,1.129,0.019,0.000,1.439,0.000,4467554
REV,2011,0.084,0.481,0.033,0.000,0.598,0.006,4467554
REV,2012,0.057,0.296,0.022,0.000,0.375,0.007,4467554
REV,2013,0.009,0.023,0.002,0.000,0.034,0.006,4467554
RINGHORNE ØST,2006,0.934,0.031,0.000,0.000,0.965,0.034,3505505
RINGHORNE ØST,2007,1.622,0.025,0.000,0.000,1.646,0.048,3505505
RINGHORNE ØST,2008,1.979,0.035,0.000,0.000,2.015,0.163,3505505
RINGHORNE ØST,2009,1.603,0.043,0.000,0.000,1.647,0.757,3505505
RINGHORNE ØST,2010,1.094,0.031,0.000,0.000,1.125,0.995,3505505
RINGHORNE ØST,2011,0.945,0.028,0.000,0.000,0.973,1.051,3505505
RINGHORNE ØST,2012,0.922,0.023,0.000,0.000,0.946,1.119,3505505
RINGHORNE ØST,2013,0.157,0.004,0.000,0.000,0.161,0.210,3505505
SIGYN,2003,0.000,0.913,0.611,0.888,2.412,0.006,1630100
SIGYN,2004,0.000,0.836,0.660,0.901,2.397,0.022,1630100
SIGYN,2005,0.000,0.844,0.657,0.872,2.374,0.042,1630100
SIGYN,2006,0.000,0.716,0.501,0.646,1.863,0.078,1630100
SIGYN,2007,0.000,0.649,0.492,0.598,1.740,0.095,1630100
SIGYN,2008,0.000,0.546,0.438,0.508,1.492,0.122,1630100
SIGYN,2009,0.000,0.485,0.370,0.440,1.295,0.124,1630100
SIGYN,2010,0.000,0.411,0.256,0.342,1.009,0.119,1630100
SIGYN,2011,0.000,0.438,0.275,0.343,1.056,0.150,1630100
SIGYN,2012,0.000,0.335,0.224,0.275,0.834,0.115,1630100
SIGYN,2013,0.000,0.051,0.035,0.043,0.128,0.018,1630100
SKARV,2013,0.076,0.272,0.068,0.000,0.416,0.000,4704482
SKIRNE,2004,0.216,0.657,0.000,0.000,0.873,0.000,2138816
SKIRNE,2005,0.297,1.197,0.000,0.000,1.493,0.000,2138816
SKIRNE,2006,0.271,1.277,0.000,0.000,1.548,0.000,2138816
SKIRNE,2007,0.212,1.023,0.000,0.000,1.235,0.000,2138816
SKIRNE,2008,0.199,1.108,0.000,0.000,1.307,0.000,2138816
SKIRNE,2009,0.206,1.204,0.000,0.000,1.409,0.000,2138816
SKIRNE,2010,0.154,1.002,0.000,0.000,1.156,0.000,2138816
SKIRNE,2011,0.112,0.795,0.000,0.000,0.907,0.000,2138816
SKIRNE,2012,0.081,0.613,0.000,0.000,0.694,0.000,2138816
SKIRNE,2013,0.007,0.090,0.000,0.000,0.098,0.000,2138816
SLEIPNER VEST,1996,0.000,0.000,0.207,0.497,0.704,0.000,43457
SLEIPNER VEST,1997,0.000,0.442,0.780,2.262,3.485,0.000,43457
SLEIPNER VEST,1998,0.000,1.453,0.865,2.260,4.578,0.000,43457
SLEIPNER VEST,1999,0.000,3.100,1.084,2.379,6.563,0.000,43457
SLEIPNER VEST,2000,0.000,0.000,1.069,2.262,3.331,0.089,43457
SLEIPNER VEST,2001,0.000,0.000,1.363,2.150,3.514,0.113,43457
SLEIPNER VEST,2002,0.000,0.000,1.341,1.988,3.329,0.093,43457
SLEIPNER VEST,2003,0.000,0.000,1.049,1.792,2.841,0.122,43457
SLEIPNER VEST,2004,0.000,0.000,0.871,1.486,2.357,0.144,43457
SLEIPNER VEST,2005,0.000,0.000,0.867,1.778,2.645,0.160,43457
SLEIPNER VEST,2006,0.000,0.000,0.894,1.592,2.486,0.190,43457
SLEIPNER VEST,2007,0.000,0.000,0.867,1.599,2.466,0.215,43457
SLEIPNER VEST,2008,0.000,0.000,0.701,1.267,1.968,0.127,43457
SLEIPNER VEST,2009,0.000,0.006,0.819,1.241,2.066,0.122,43457
SLEIPNER VEST,2010,0.000,0.000,0.747,1.047,1.794,0.114,43457
SLEIPNER VEST,2011,0.000,0.000,0.952,1.455,2.408,0.142,43457
SLEIPNER VEST,2012,0.000,0.000,0.867,1.331,2.197,0.220,43457
SLEIPNER VEST,2013,0.000,0.000,0.125,0.185,0.310,0.057,43457
SLEIPNER ØST,1993,0.000,0.834,0.299,0.440,1.573,0.000,43478
SLEIPNER ØST,1994,0.000,3.952,1.784,2.383,8.119,0.000,43478
SLEIPNER ØST,1995,0.000,5.195,2.489,3.168,10.852,0.000,43478
SLEIPNER ØST,1996,0.000,7.625,2.548,3.195,13.369,0.000,43478
SLEIPNER ØST,1997,0.000,7.500,2.187,2.700,12.387,0.000,43478
SLEIPNER ØST,1998,0.000,7.198,2.102,2.586,11.886,0.000,43478
SLEIPNER ØST,1999,0.000,8.069,2.206,2.637,12.913,0.000,43478
SLEIPNER ØST,2000,0.000,11.806,1.854,2.113,15.773,0.047,43478
SLEIPNER ØST,2001,0.000,11.641,1.821,1.877,15.339,0.044,43478
SLEIPNER ØST,2002,0.000,13.481,1.734,1.529,16.743,0.096,43478
SLEIPNER ØST,2003,0.000,13.233,1.067,1.015,15.315,0.065,43478
SLEIPNER ØST,2004,0.000,12.692,0.896,0.720,14.308,0.055,43478
SLEIPNER ØST,2005,0.000,14.321,0.790,0.607,15.719,0.093,43478
SLEIPNER ØST,2006,0.000,13.215,0.693,0.467,14.375,0.211,43478
SLEIPNER ØST,2007,0.000,13.420,0.605,0.413,14.438,0.224,43478
SLEIPNER ØST,2008,0.000,11.335,0.481,0.309,12.125,0.154,43478
SLEIPNER ØST,2009,0.000,10.083,0.400,0.219,10.702,0.048,43478
SLEIPNER ØST,2010,0.000,8.088,0.308,0.144,8.540,0.031,43478
SLEIPNER ØST,2011,0.000,8.098,0.259,0.143,8.500,0.031,43478
SLEIPNER ØST,2012,0.000,6.897,0.207,0.091,7.195,0.033,43478
SLEIPNER ØST,2013,0.000,1.024,0.024,0.012,1.060,0.004,43478
SNORRE,1992,1.558,0.000,0.087,0.000,1.645,0.000,43718
SNORRE,1993,6.909,0.215,0.495,0.000,7.620,0.000,43718
SNORRE,1994,9.872,0.454,0.610,0.000,10.936,0.000,43718
SNORRE,1995,11.374,0.627,0.680,0.000,12.681,0.000,43718
SNORRE,1996,11.482,0.611,0.628,0.000,12.721,0.000,43718
SNORRE,1997,10.770,0.577,0.568,0.000,11.915,0.000,43718
SNORRE,1998,10.091,0.457,0.615,0.000,11.163,0.000,43718
SNORRE,1999,9.399,0.308,0.557,0.000,10.264,0.000,43718
SNORRE,2000,8.587,0.292,0.535,0.000,9.415,6.285,43718
SNORRE,2001,11.545,0.521,0.975,0.000,13.041,6.353,43718
SNORRE,2002,12.640,0.450,0.936,0.000,14.026,6.134,43718
SNORRE,2003,13.598,0.406,0.667,0.000,14.671,7.101,43718
SNORRE,2004,11.539,0.193,0.262,0.000,11.993,7.409,43718
SNORRE,2005,8.956,0.343,0.405,0.000,9.703,5.902,43718
SNORRE,2006,8.315,0.147,0.220,0.000,8.682,7.815,43718
SNORRE,2007,8.382,0.064,0.084,0.000,8.530,9.809,43718
SNORRE,2008,8.472,0.229,0.183,0.000,8.884,8.474,43718
SNORRE,2009,6.006,0.139,0.095,0.000,6.241,6.781,43718
SNORRE,2010,5.830,0.138,0.095,0.000,6.063,8.117,43718
SNORRE,2011,5.517,0.119,0.088,0.000,5.723,7.717,43718
SNORRE,2012,4.450,0.034,0.026,0.000,4.510,7.854,43718
SNORRE,2013,0.739,0.000,0.000,0.000,0.739,0.988,43718
SNØHVIT,2007,0.000,0.145,0.014,0.111,0.270,0.000,2053062
SNØHVIT,2008,0.000,2.355,0.247,0.506,3.108,0.000,2053062
SNØHVIT,2009,0.000,3.333,0.325,0.599,4.256,0.000,2053062
SNØHVIT,2010,0.000,4.999,0.472,0.842,6.313,0.000,2053062
SNØHVIT,2011,0.000,4.315,0.404,0.718,5.437,0.000,2053062
SNØHVIT,2012,0.000,4.651,0.430,0.771,5.852,0.000,2053062
SNØHVIT,2013,0.000,0.391,0.037,0.063,0.491,0.000,2053062
STATFJORD,1979,0.259,0.000,0.000,0.000,0.259,0.000,43658
STATFJORD,1980,3.429,0.000,0.000,0.000,3.429,0.000,43658
STATFJORD,1981,7.928,0.000,0.000,0.000,7.928,0.000,43658
STATFJORD,1982,11.397,0.000,0.000,0.000,11.397,0.000,43658
STATFJORD,1983,19.044,0.000,0.000,0.000,19.044,0.000,43658
STATFJORD,1984,22.437,0.000,0.000,0.000,22.437,0.000,43658
STATFJORD,1985,28.762,0.454,0.302,0.000,29.518,0.000,43658
STATFJORD,1986,34.281,3.010,1.653,0.000,38.944,0.000,43658
STATFJORD,1987,34.959,3.260,1.861,0.000,40.080,0.000,43658
STATFJORD,1988,34.586,3.203,1.795,0.000,39.583,0.000,43658
STATFJORD,1989,33.993,3.014,1.633,0.000,38.639,0.000,43658
STATFJORD,1990,33.314,2.972,1.606,0.000,37.892,0.000,43658
STATFJORD,1991,34.858,2.838,1.506,0.000,39.202,0.000,43658
STATFJORD,1992,36.989,2.981,1.531,0.000,41.502,0.000,43658
STATFJORD,1993,33.304,2.960,1.357,0.000,37.622,0.000,43658
STATFJORD,1994,31.731,3.144,1.391,0.000,36.266,0.000,43658
STATFJORD,1995,25.878,2.942,1.315,0.000,30.135,0.000,43658
STATFJORD,1996,21.609,3.236,1.510,0.000,26.356,0.000,43658
STATFJORD,1997,19.155,3.094,1.443,0.000,23.692,0.000,43658
STATFJORD,1998,16.596,2.512,1.207,0.000,20.314,0.000,43658
STATFJORD,1999,12.519,2.280,1.047,0.000,15.846,0.000,43658
STATFJORD,2000,10.886,1.552,0.722,0.000,13.159,34.503,43658
STATFJORD,2001,10.126,1.434,0.646,0.000,12.206,34.919,43658
STATFJORD,2002,8.872,1.514,0.626,0.000,11.011,34.071,43658
STATFJORD,2003,7.755,1.194,0.622,0.000,9.570,35.440,43658
STATFJORD,2004,6.970,2.009,0.652,0.067,9.699,33.689,43658
STATFJORD,2005,5.563,1.960,0.764,0.045,8.332,38.967,43658
STATFJORD,2006,4.259,1.948,0.981,0.016,7.204,31.578,43658
STATFJORD,2007,3.981,2.012,1.016,0.045,7.054,36.166,43658
STATFJORD,2008,3.177,3.023,1.304,0.116,7.621,32.242,43658
STATFJORD,2009,2.111,2.475,1.027,0.096,5.709,20.124,43658
STATFJORD,2010,1.999,2.293,0.884,0.080,5.256,17.978,43658
STATFJORD,2011,1.882,1.349,0.423,0.041,3.695,20.302,43658
STATFJORD,2012,1.541,1.330,0.553,0.039,3.464,21.174,43658
STATFJORD,2013,0.266,0.223,0.134,0.008,0.631,4.041,43658
STATFJORD NORD,1995,2.548,0.119,0.070,0.000,2.737,0.000,43679
STATFJORD NORD,1996,3.307,0.329,0.159,0.000,3.795,0.000,43679
STATFJORD NORD,1997,3.935,0.173,0.092,0.000,4.200,0.000,43679
STATFJORD NORD,1998,3.035,0.166,0.088,0.000,3.289,0.000,43679
STATFJORD NORD,1999,3.393,0.157,0.089,0.000,3.639,0.000,43679
STATFJORD NORD,2000,3.998,0.121,0.081,0.000,4.200,1.023,43679
STATFJORD NORD,2001,2.841,0.114,0.108,0.000,3.063,2.702,43679
STATFJORD NORD,2002,2.275,0.138,0.126,0.000,2.538,2.892,43679
STATFJORD NORD,2003,2.830,0.184,0.137,0.000,3.152,3.299,43679
STATFJORD NORD,2004,2.163,0.153,0.116,0.000,2.432,3.644,43679
STATFJORD NORD,2005,1.906,0.266,0.198,0.000,2.371,3.791,43679
STATFJORD NORD,2006,1.310,0.160,0.115,0.000,1.585,3.700,43679
STATFJORD NORD,2007,1.127,0.089,0.064,0.000,1.279,4.721,43679
STATFJORD NORD,2008,0.744,0.038,0.027,0.000,0.809,3.907,43679
STATFJORD NORD,2009,0.286,0.016,0.007,0.000,0.309,1.296,43679
STATFJORD NORD,2010,0.409,0.031,0.012,0.000,0.452,1.857,43679
STATFJORD NORD,2011,0.246,0.024,0.008,0.000,0.277,2.124,43679
STATFJORD NORD,2012,0.165,0.010,0.003,0.000,0.178,1.251,43679
STATFJORD NORD,2013,0.003,0.001,0.000,0.000,0.004,0.013,43679
STATFJORD ØST,1994,0.611,0.032,0.014,0.000,0.657,0.000,43672
STATFJORD ØST,1995,3.229,0.136,0.066,0.000,3.431,0.000,43672
STATFJORD ØST,1996,3.356,0.221,0.107,0.000,3.683,0.000,43672
STATFJORD ØST,1997,4.150,0.256,0.137,0.000,4.543,0.000,43672
STATFJORD ØST,1998,4.236,0.246,0.130,0.000,4.612,0.000,43672
STATFJORD ØST,1999,3.769,0.278,0.156,0.000,4.203,0.000,43672
STATFJORD ØST,2000,2.822,0.344,0.230,0.000,3.396,1.387,43672
STATFJORD ØST,2001,2.197,0.304,0.287,0.000,2.788,1.947,43672
STATFJORD ØST,2002,1.917,0.214,0.194,0.000,2.326,1.958,43672
STATFJORD ØST,2003,1.992,0.242,0.181,0.000,2.416,2.679,43672
STATFJORD ØST,2004,1.349,0.194,0.148,0.000,1.691,2.825,43672
STATFJORD ØST,2005,1.129,0.388,0.289,0.000,1.806,3.261,43672
STATFJORD ØST,2006,1.136,0.332,0.238,0.000,1.706,2.785,43672
STATFJORD ØST,2007,1.183,0.311,0.219,0.000,1.713,3.928,43672
STATFJORD ØST,2008,0.782,0.113,0.079,0.000,0.974,2.930,43672
STATFJORD ØST,2009,0.552,0.069,0.035,0.000,0.655,2.068,43672
STATFJORD ØST,2010,0.817,0.109,0.048,0.000,0.974,2.239,43672
STATFJORD ØST,2011,0.393,0.057,0.029,0.000,0.479,1.847,43672
STATFJORD ØST,2012,0.462,0.047,0.024,0.000,0.532,2.259,43672
STATFJORD ØST,2013,0.065,0.020,0.012,0.000,0.098,0.304,43672
SYGNA,2000,0.642,0.000,0.000,0.000,0.642,0.002,104718
SYGNA,2001,2.550,0.000,0.000,0.000,2.550,0.000,104718
SYGNA,2002,1.813,0.000,0.000,0.000,1.813,0.439,104718
SYGNA,2003,1.638,0.000,0.000,0.000,1.638,1.177,104718
SYGNA,2004,1.143,0.000,0.000,0.000,1.143,1.311,104718
SYGNA,2005,0.691,0.000,0.000,0.000,0.691,1.793,104718
SYGNA,2006,0.413,0.000,0.000,0.000,0.413,1.603,104718
SYGNA,2007,0.377,0.000,0.000,0.000,0.377,1.946,104718
SYGNA,2008,0.298,0.000,0.000,0.000,0.298,2.095,104718
SYGNA,2009,0.130,0.000,0.000,0.000,0.130,1.141,104718
SYGNA,2010,0.054,0.000,0.000,0.000,0.054,0.327,104718
SYGNA,2011,0.063,0.000,0.000,0.000,0.063,0.219,104718
SYGNA,2012,0.051,0.000,0.000,0.000,0.051,0.136,104718
TAMBAR,2001,0.535,0.000,0.025,0.000,0.560,0.003,1028599
TAMBAR,2002,1.726,0.000,0.087,0.000,1.814,0.005,1028599
TAMBAR,2003,1.463,0.000,0.072,0.000,1.535,0.005,1028599
TAMBAR,2004,0.884,0.000,0.046,0.000,0.930,0.004,1028599
TAMBAR,2005,1.240,0.000,0.070,0.000,1.310,0.010,1028599
TAMBAR,2006,0.936,0.000,0.056,0.000,0.991,0.005,1028599
TAMBAR,2007,0.650,0.000,0.037,0.000,0.686,0.019,1028599
TAMBAR,2008,0.591,0.000,0.037,0.000,0.629,0.027,1028599
TAMBAR,2009,0.341,0.000,0.016,0.000,0.357,0.004,1028599
TAMBAR,2010,0.285,0.000,0.013,0.000,0.298,0.003,1028599
TAMBAR,2011,0.290,0.000,0.011,0.000,0.302,0.003,1028599
TAMBAR,2012,0.226,0.000,0.009,0.000,0.235,0.002,1028599
TAMBAR,2013,0.049,0.000,0.002,0.000,0.052,0.000,1028599
TOMMELITEN GAMMA,1988,0.204,0.255,0.041,0.000,0.500,0.000,43444
TOMMELITEN GAMMA,1989,0.785,1.086,0.170,0.000,2.041,0.000,43444
TOMMELITEN GAMMA,1990,0.691,1.250,0.184,0.000,2.125,0.000,43444
TOMMELITEN GAMMA,1991,0.467,1.001,0.124,0.000,1.591,0.000,43444
TOMMELITEN GAMMA,1992,0.437,1.171,0.124,0.000,1.732,0.000,43444
TOMMELITEN GAMMA,1993,0.396,1.298,0.140,0.000,1.834,0.000,43444
TOMMELITEN GAMMA,1994,0.270,0.993,0.109,0.000,1.372,0.000,43444
TOMMELITEN GAMMA,1995,0.224,0.876,0.095,0.000,1.195,0.000,43444
TOMMELITEN GAMMA,1996,0.189,0.788,0.083,0.000,1.061,0.000,43444
TOMMELITEN GAMMA,1997,0.141,0.648,0.072,0.000,0.862,0.000,43444
TOMMELITEN GAMMA,1998,0.069,0.327,0.039,0.000,0.435,0.000,43444
TOR,1978,1.207,0.341,0.000,0.000,1.548,0.000,43520
TOR,1979,4.526,1.157,0.140,0.000,5.823,0.000,43520
TOR,1980,3.590,1.288,0.278,0.000,5.155,0.000,43520
TOR,1981,1.884,1.177,0.229,0.000,3.290,0.000,43520
TOR,1982,1.531,1.342,0.272,0.000,3.145,0.000,43520
TOR,1983,0.968,1.087,0.255,0.000,2.310,0.000,43520
TOR,1984,0.867,0.936,0.217,0.000,2.020,0.000,43520
TOR,1985,0.824,0.779,0.201,0.000,1.805,0.000,43520
TOR,1986,0.625,0.464,0.117,0.000,1.205,0.000,43520
TOR,1987,0.477,0.343,0.089,0.000,0.909,0.000,43520
TOR,1988,0.483,0.318,0.096,0.000,0.897,0.000,43520
TOR,1989,0.510,0.312,0.089,0.000,0.912,0.000,43520
TOR,1990,0.473,0.242,0.068,0.000,0.783,0.000,43520
TOR,1991,0.346,0.161,0.038,0.000,0.545,0.000,43520
TOR,1992,0.362,0.144,0.031,0.000,0.538,0.000,43520
TOR,1993,0.346,0.095,0.022,0.000,0.463,0.000,43520
TOR,1994,0.339,0.074,0.019,0.000,0.432,0.000,43520
TOR,1995,0.339,0.067,0.018,0.000,0.424,0.000,43520
TOR,1996,0.359,0.063,0.017,0.000,0.439,0.000,43520
TOR,1997,0.347,0.057,0.017,0.000,0.421,0.000,43520
TOR,1998,0.231,0.036,0.011,0.000,0.278,0.000,43520
TOR,1999,0.221,0.037,0.011,0.000,0.269,0.000,43520
TOR,2000,0.256,0.041,0.011,0.000,0.307,0.469,43520
TOR,2001,0.257,0.035,0.010,0.000,0.301,0.715,43520
TOR,2002,0.214,0.025,0.008,0.000,0.247,0.379,43520
TOR,2003,0.163,0.017,0.007,0.000,0.187,0.316,43520
TOR,2004,0.197,0.021,0.008,0.000,0.227,0.177,43520
TOR,2005,0.180,0.020,0.008,0.000,0.208,0.037,43520
TOR,2006,0.164,0.024,0.009,0.000,0.197,0.031,43520
TOR,2007,0.315,0.054,0.016,0.000,0.385,0.187,43520
TOR,2008,0.307,0.033,0.013,0.000,0.353,0.391,43520
TOR,2009,0.292,0.024,0.010,0.000,0.326,0.377,43520
TOR,2010,0.237,0.014,0.007,0.000,0.258,0.224,43520
TOR,2011,0.219,0.008,0.005,0.000,0.232,0.264,43520
TOR,2012,0.223,0.007,0.005,0.000,0.236,0.158,43520
TOR,2013,0.033,0.001,0.001,0.000,0.035,0.032,43520
TORDIS,1994,1.555,0.093,0.041,0.000,1.689,0.000,43725
TORDIS,1995,4.146,0.278,0.171,0.000,4.594,0.000,43725
TORDIS,1996,4.504,0.364,0.199,0.000,5.067,0.000,43725
TORDIS,1997,4.122,0.390,0.197,0.000,4.709,0.000,43725
TORDIS,1998,3.970,0.320,0.196,0.000,4.486,0.000,43725
TORDIS,1999,4.420,0.338,0.216,0.000,4.975,0.000,43725
TORDIS,2000,3.994,0.304,0.199,0.000,4.497,1.232,43725
TORDIS,2001,4.754,0.336,0.323,0.000,5.413,1.103,43725
TORDIS,2002,4.616,0.317,0.319,0.000,5.251,1.303,43725
TORDIS,2003,4.115,0.329,0.261,0.000,4.705,1.624,43725
TORDIS,2004,3.686,0.281,0.215,0.000,4.182,2.274,43725
TORDIS,2005,3.026,0.247,0.190,0.000,3.463,2.438,43725
TORDIS,2006,1.668,0.107,0.089,0.000,1.864,2.821,43725
TORDIS,2007,2.430,0.092,0.076,0.000,2.598,3.047,43725
TORDIS,2008,1.609,0.002,0.002,0.000,1.613,4.494,43725
TORDIS,2009,1.095,0.005,0.005,0.000,1.105,3.301,43725
TORDIS,2010,0.736,0.000,0.000,0.000,0.736,1.642,43725
TORDIS,2011,0.590,0.408,0.340,0.000,1.339,1.025,43725
TORDIS,2012,0.223,0.018,0.015,0.000,0.256,0.396,43725
TORDIS,2013,0.073,0.006,0.005,0.000,0.083,0.059,43725
TROLL,1990,1.051,0.000,0.000,0.000,1.051,0.000,46437
TROLL,1991,0.176,0.000,0.000,0.000,0.176,0.000,46437
TROLL,1992,0.063,0.000,0.000,0.000,0.063,0.000,46437
TROLL,1993,0.060,0.000,0.000,0.000,0.060,0.000,46437
TROLL,1994,0.061,0.000,0.000,0.000,0.061,0.000,46437
TROLL,1995,2.856,0.000,0.000,0.000,2.856,0.000,46437
TROLL,1996,13.324,5.507,0.000,0.000,18.831,0.000,46437
TROLL,1997,14.767,14.317,0.000,0.000,29.084,0.000,46437
TROLL,1998,13.254,19.954,0.000,0.000,33.208,0.000,46437
TROLL,1999,12.909,25.461,0.000,0.218,38.588,0.000,46437
TROLL,2000,18.362,24.666,0.000,0.750,43.778,15.812,46437
TROLL,2001,19.503,21.433,0.000,0.639,41.576,18.490,46437
TROLL,2002,21.194,25.581,0.000,0.768,47.543,18.918,46437
TROLL,2003,20.821,26.169,0.000,1.512,48.502,21.917,46437
TROLL,2004,17.764,26.362,0.282,0.450,44.857,23.636,46437
TROLL,2005,14.093,28.340,1.310,0.000,43.742,22.594,46437
TROLL,2006,10.820,30.701,1.400,0.000,42.921,21.258,46437
TROLL,2007,9.426,35.780,1.369,0.000,46.574,21.661,46437
TROLL,2008,8.168,29.739,1.075,0.000,38.982,21.539,46437
TROLL,2009,7.849,24.401,1.065,0.000,33.316,20.957,46437
TROLL,2010,6.870,28.556,1.072,0.000,36.498,19.984,46437
TROLL,2011,7.264,24.796,0.930,0.000,32.989,19.843,46437
TROLL,2012,7.100,34.407,1.411,0.000,42.918,18.964,46437
TROLL,2013,1.091,5.975,0.237,0.000,7.303,1.590,46437
TRYM,2011,0.330,0.453,0.000,0.000,0.783,0.000,18081500
TRYM,2012,0.374,0.627,0.000,0.000,1.001,0.000,18081500
TRYM,2013,0.059,0.115,0.000,0.000,0.175,0.000,18081500
TUNE,2002,0.018,0.044,0.001,0.000,0.063,0.000,853376
TUNE,2003,1.139,3.332,0.042,0.000,4.513,0.048,853376
TUNE,2004,0.958,3.972,0.046,0.000,4.976,0.041,853376
TUNE,2005,0.506,3.118,0.034,0.000,3.658,0.032,853376
TUNE,2006,0.287,2.557,0.027,0.000,2.871,0.015,853376
TUNE,2007,0.165,1.801,0.020,0.000,1.985,0.027,853376
TUNE,2008,0.099,1.273,0.021,0.000,1.392,0.098,853376
TUNE,2009,0.225,2.112,0.036,0.000,2.373,0.024,853376
TUNE,2010,0.141,1.187,0.023,0.000,1.352,0.006,853376
TUNE,2011,0.092,0.870,0.017,0.000,0.979,0.007,853376
TUNE,2012,0.083,0.687,0.013,0.000,0.783,0.013,853376
TUNE,2013,0.008,0.071,0.001,0.000,0.080,0.001,853376
TYRIHANS,2009,1.596,0.343,0.145,0.000,2.084,0.001,3960848
TYRIHANS,2010,4.056,0.062,0.028,0.000,4.145,0.000,3960848
TYRIHANS,2011,5.121,0.270,0.125,0.000,5.516,0.000,3960848
TYRIHANS,2012,5.148,0.037,0.019,0.000,5.203,0.237,3960848
TYRIHANS,2013,0.624,0.013,0.006,0.000,0.644,0.040,3960848
ULA,1986,0.847,0.038,0.066,0.000,0.951,0.000,43800
ULA,1987,4.581,0.320,0.397,0.000,5.298,0.000,43800
ULA,1988,5.062,0.361,0.502,0.000,5.926,0.000,43800
ULA,1989,5.056,0.348,0.493,0.000,5.897,0.000,43800
ULA,1990,5.505,0.376,0.515,0.000,6.395,0.000,43800
ULA,1991,6.783,0.424,0.530,0.000,7.737,0.000,43800
ULA,1992,7.317,0.457,0.531,0.000,8.305,0.000,43800
ULA,1993,7.346,0.472,0.517,0.000,8.335,0.000,43800
ULA,1994,5.458,0.349,0.373,0.000,6.179,0.000,43800
ULA,1995,3.799,0.235,0.254,0.000,4.287,0.000,43800
ULA,1996,2.715,0.165,0.162,0.000,3.042,0.000,43800
ULA,1997,2.222,0.147,0.128,0.000,2.496,0.000,43800
ULA,1998,1.697,0.022,0.074,0.000,1.793,0.000,43800
ULA,1999,1.457,0.000,0.051,0.000,1.508,0.000,43800
ULA,2000,1.178,0.000,0.043,0.000,1.221,4.338,43800
ULA,2001,1.323,0.006,0.069,0.000,1.399,4.070,43800
ULA,2002,1.241,0.046,0.092,0.000,1.379,3.009,43800
ULA,2003,1.071,0.050,0.084,0.000,1.205,3.129,43800
ULA,2004,1.034,0.028,0.066,0.000,1.127,3.662,43800
ULA,2005,1.085,0.000,0.074,0.000,1.159,3.068,43800
ULA,2006,0.988,0.000,0.064,0.000,1.052,1.799,43800
ULA,2007,0.805,0.007,0.045,0.000,0.856,1.849,43800
ULA,2008,0.549,0.001,0.024,0.000,0.574,0.787,43800
ULA,2009,0.747,0.001,0.033,0.000,0.782,0.687,43800
ULA,2010,1.101,0.000,0.053,0.000,1.154,1.776,43800
ULA,2011,0.739,0.000,0.027,0.000,0.766,1.686,43800
ULA,2012,0.529,0.000,0.021,0.000,0.550,1.796,43800
ULA,2013,0.119,0.000,0.005,0.000,0.124,0.117,43800
URD,2005,0.191,0.011,0.003,0.000,0.205,0.000,2834734
URD,2006,2.045,0.069,0.018,0.000,2.132,0.351,2834734
URD,2007,0.846,0.032,0.008,0.000,0.886,0.527,2834734
URD,2008,0.510,0.021,0.006,0.000,0.537,0.494,2834734
URD,2009,0.363,0.007,0.002,0.000,0.372,0.401,2834734
URD,2010,0.414,0.003,0.001,0.000,0.418,0.736,2834734
URD,2011,0.314,0.002,0.000,0.000,0.316,0.581,2834734
URD,2012,0.325,0.003,0.001,0.000,0.329,0.694,2834734
URD,2013,0.046,0.000,0.000,0.000,0.046,0.153,2834734
VALE,2002,0.054,0.000,0.000,0.000,0.054,0.000,1578893
VALE,2003,0.153,0.119,0.000,0.000,0.272,0.000,1578893
VALE,2004,0.160,0.132,0.000,0.000,0.292,0.000,1578893
VALE,2005,0.077,0.062,0.000,0.000,0.139,0.000,1578893
VALE,2006,0.178,0.146,0.000,0.000,0.324,0.000,1578893
VALE,2007,0.173,0.136,0.000,0.000,0.310,0.000,1578893
VALE,2008,0.204,0.173,0.000,0.000,0.376,0.000,1578893
VALE,2009,0.183,0.156,0.000,0.000,0.339,0.000,1578893
VALE,2010,0.008,0.009,0.000,0.000,0.017,0.000,1578893
VALE,2011,0.016,0.015,0.000,0.000,0.031,0.000,1578893
VALE,2012,0.125,0.121,0.000,0.000,0.246,0.000,1578893
VALE,2013,0.029,0.033,0.000,0.000,0.062,0.000,1578893
VALHALL,1982,0.085,0.000,0.002,0.000,0.087,0.000,43548
VALHALL,1983,0.967,0.101,0.067,0.000,1.135,0.000,43548
VALHALL,1984,2.843,0.513,0.242,0.000,3.598,0.000,43548
VALHALL,1985,2.781,0.468,0.313,0.000,3.562,0.000,43548
VALHALL,1986,2.538,0.430,0.277,0.000,3.245,0.000,43548
VALHALL,1987,3.478,0.622,0.336,0.000,4.436,0.000,43548
VALHALL,1988,3.699,0.709,0.334,0.000,4.743,0.000,43548
VALHALL,1989,4.239,0.842,0.376,0.000,5.457,0.000,43548
VALHALL,1990,4.156,0.919,0.375,0.000,5.450,0.000,43548
VALHALL,1991,3.744,0.818,0.249,0.000,4.811,0.000,43548
VALHALL,1992,4.046,0.928,0.228,0.000,5.202,0.000,43548
VALHALL,1993,3.537,0.800,0.191,0.000,4.527,0.000,43548
VALHALL,1994,3.155,0.667,0.165,0.000,3.988,0.000,43548
VALHALL,1995,3.490,0.788,0.191,0.000,4.468,0.000,43548
VALHALL,1996,4.035,0.880,0.227,0.000,5.141,0.000,43548
VALHALL,1997,4.527,0.940,0.251,0.000,5.718,0.000,43548
VALHALL,1998,5.168,0.965,0.241,0.000,6.375,0.000,43548
VALHALL,1999,5.310,1.036,0.258,0.000,6.605,0.000,43548
VALHALL,2000,4.578,0.889,0.222,0.000,5.689,0.203,43548
VALHALL,2001,4.363,0.882,0.213,0.000,5.458,0.267,43548
VALHALL,2002,4.181,0.875,0.200,0.000,5.255,0.334,43548
VALHALL,2003,4.155,0.632,0.197,0.000,4.984,0.344,43548
VALHALL,2004,4.773,0.968,0.234,0.000,5.974,0.517,43548
VALHALL,2005,4.830,0.956,0.232,0.000,6.018,0.577,43548
VALHALL,2006,4.041,0.772,0.210,0.000,5.024,0.844,43548
VALHALL,2007,3.411,0.608,0.166,0.000,4.185,0.693,43548
VALHALL,2008,2.811,0.486,0.144,0.000,3.441,0.709,43548
VALHALL,2009,2.266,0.349,0.112,0.000,2.727,0.406,43548
VALHALL,2010,2.090,0.338,0.104,0.000,2.532,0.395,43548
VALHALL,2011,1.642,0.250,0.074,0.000,1.966,0.351,43548
VALHALL,2012,0.964,0.134,0.043,0.000,1.142,0.296,43548
VALHALL,2013,0.056,0.000,0.001,0.000,0.057,0.001,43548
VARG,1998,0.010,0.000,0.000,0.000,0.010,0.000,43451
VARG,1999,1.743,0.000,0.000,0.000,1.743,0.000,43451
VARG,2000,1.738,0.000,0.000,0.000,1.738,0.296,43451
VARG,2001,1.185,0.000,0.000,0.000,1.185,1.067,43451
VARG,2002,0.784,0.000,0.000,0.000,0.784,1.392,43451
VARG,2003,0.921,0.000,0.000,0.000,0.921,0.769,43451
VARG,2004,1.207,0.000,0.000,0.000,1.207,0.366,43451
VARG,2005,1.281,0.000,0.000,0.000,1.281,0.327,43451
VARG,2006,0.854,0.000,0.000,0.000,0.854,0.874,43451
VARG,2007,0.797,0.000,0.000,0.000,0.797,1.681,43451
VARG,2008,0.703,0.000,0.000,0.000,0.703,1.656,43451
VARG,2009,0.789,0.000,0.000,0.000,0.789,1.034,43451
VARG,2010,1.420,0.000,0.000,0.000,1.420,0.694,43451
VARG,2011,0.972,0.000,0.000,0.000,0.972,0.499,43451
VARG,2012,0.647,0.000,0.000,0.000,0.647,0.997,43451
VARG,2013,0.077,0.000,0.000,0.000,0.077,0.124,43451
VEGA,2010,0.018,0.023,0.000,0.000,0.041,0.000,4467595
VEGA,2011,0.658,0.742,0.360,0.044,1.804,0.052,4467595
VEGA,2012,0.858,1.042,0.627,0.062,2.589,0.114,4467595
VEGA,2013,0.186,0.253,0.158,0.017,0.614,0.015,4467595
VESLEFRIKK,1990,2.873,0.000,0.158,0.000,3.031,0.000,43618
VESLEFRIKK,1991,3.489,0.000,0.220,0.000,3.709,0.000,43618
VESLEFRIKK,1992,3.953,0.000,0.247,0.000,4.200,0.000,43618
VESLEFRIKK,1993,3.932,0.117,0.232,0.000,4.281,0.000,43618
VESLEFRIKK,1994,4.443,0.253,0.260,0.000,4.956,0.000,43618
VESLEFRIKK,1995,4.458,0.408,0.257,0.000,5.122,0.000,43618
VESLEFRIKK,1996,4.069,0.432,0.252,0.000,4.753,0.000,43618
VESLEFRIKK,1997,3.475,0.139,0.086,0.000,3.700,0.000,43618
VESLEFRIKK,1998,3.268,0.277,0.164,0.000,3.709,0.000,43618
VESLEFRIKK,1999,1.899,0.112,0.069,0.000,2.080,0.000,43618
VESLEFRIKK,2000,2.405,0.199,0.143,0.000,2.747,3.112,43618
VESLEFRIKK,2001,1.977,0.065,0.064,0.000,2.105,3.854,43618
VESLEFRIKK,2002,1.645,0.029,0.026,0.000,1.700,4.551,43618
VESLEFRIKK,2003,1.686,0.031,0.023,0.000,1.739,4.191,43618
VESLEFRIKK,2004,1.589,0.022,0.022,0.000,1.632,5.073,43618
VESLEFRIKK,2005,1.527,0.044,0.035,0.000,1.606,4.460,43618
VESLEFRIKK,2006,1.113,0.033,0.019,0.000,1.166,5.006,43618
VESLEFRIKK,2007,0.909,0.003,0.002,0.000,0.914,5.491,43618
VESLEFRIKK,2008,0.702,0.003,0.002,0.000,0.706,4.762,43618
VESLEFRIKK,2009,0.678,0.002,0.001,0.000,0.682,5.233,43618
VESLEFRIKK,2010,0.766,0.000,0.000,0.000,0.766,6.364,43618
VESLEFRIKK,2011,0.707,0.019,0.012,0.000,0.738,5.000,43618
VESLEFRIKK,2012,0.746,0.127,0.091,0.000,0.965,5.036,43618
VESLEFRIKK,2013,0.108,0.020,0.016,0.000,0.144,0.720,43618
VEST EKOFISK,1977,0.753,0.257,0.000,0.000,1.009,0.000,43513
VEST EKOFISK,1978,3.847,4.346,0.000,0.000,8.193,0.000,43513
VEST EKOFISK,1979,2.136,3.914,0.241,0.000,6.291,0.000,43513
VEST EKOFISK,1980,1.162,2.880,0.350,0.000,4.391,0.000,43513
VEST EKOFISK,1981,0.546,1.490,0.188,0.000,2.224,0.000,43513
VEST EKOFISK,1982,0.522,1.672,0.229,0.000,2.423,0.000,43513
VEST EKOFISK,1983,0.517,1.680,0.280,0.000,2.478,0.000,43513
VEST EKOFISK,1984,0.399,1.282,0.207,0.000,1.888,0.000,43513
VEST EKOFISK,1985,0.381,1.292,0.226,0.000,1.899,0.000,43513
VEST EKOFISK,1986,0.332,1.341,0.218,0.000,1.891,0.000,43513
VEST EKOFISK,1987,0.283,1.246,0.202,0.000,1.731,0.000,43513
VEST EKOFISK,1988,0.284,1.068,0.205,0.000,1.557,0.000,43513
VEST EKOFISK,1989,0.213,0.748,0.138,0.000,1.099,0.000,43513
VEST EKOFISK,1990,0.157,0.524,0.095,0.000,0.777,0.000,43513
VEST EKOFISK,1991,0.119,0.415,0.064,0.000,0.597,0.000,43513
VEST EKOFISK,1992,0.099,0.357,0.049,0.000,0.504,0.000,43513
VEST EKOFISK,1993,0.108,0.409,0.058,0.000,0.575,0.000,43513
VEST EKOFISK,1994,0.097,0.347,0.051,0.000,0.495,0.000,43513
VEST EKOFISK,1995,0.071,0.252,0.039,0.000,0.362,0.000,43513
VEST EKOFISK,1996,0.055,0.195,0.029,0.000,0.279,0.000,43513
VEST EKOFISK,1997,0.046,0.166,0.026,0.000,0.238,0.000,43513
VEST EKOFISK,1998,0.026,0.094,0.016,0.000,0.135,0.000,43513
VIGDIS,1997,1.597,0.000,0.000,0.000,1.597,0.000,43732
VIGDIS,1998,4.724,0.000,0.000,0.000,4.724,0.000,43732
VIGDIS,1999,5.109,0.000,0.000,0.000,5.109,0.000,43732
VIGDIS,2000,4.198,0.000,0.000,0.000,4.198,1.126,43732
VIGDIS,2001,3.670,0.000,0.000,0.000,3.670,2.284,43732
VIGDIS,2002,3.053,0.000,0.000,0.000,3.053,1.628,43732
VIGDIS,2003,3.362,0.038,0.053,0.000,3.453,3.173,43732
VIGDIS,2004,3.587,0.190,0.258,0.000,4.035,2.334,43732
VIGDIS,2005,3.691,0.187,0.228,0.000,4.107,1.991,43732
VIGDIS,2006,3.758,0.217,0.328,0.000,4.304,1.873,43732
VIGDIS,2007,3.277,0.209,0.293,0.000,3.779,2.612,43732
VIGDIS,2008,3.069,0.215,0.180,0.000,3.464,2.414,43732
VIGDIS,2009,2.633,0.199,0.142,0.000,2.974,2.868,43732
VIGDIS,2010,1.971,0.120,0.081,0.000,2.172,2.549,43732
VIGDIS,2011,2.035,0.142,0.115,0.000,2.292,3.748,43732
VIGDIS,2012,1.862,0.175,0.146,0.000,2.182,4.286,43732
VIGDIS,2013,0.314,0.017,0.012,0.000,0.344,0.781,43732
VILJE,2008,0.519,0.028,0.000,0.000,0.547,0.000,3392471
VILJE,2009,1.538,0.074,0.000,0.000,1.612,0.004,3392471
VILJE,2010,1.785,0.084,0.000,0.000,1.869,0.001,3392471
VILJE,2011,1.777,0.080,0.000,0.000,1.857,0.032,3392471
VILJE,2012,1.771,0.079,0.000,0.000,1.849,0.242,3392471
VILJE,2013,0.240,0.010,0.000,0.000,0.250,0.050,3392471
VISUND,1999,0.628,0.000,0.000,0.000,0.628,0.000,43745
VISUND,2000,2.253,0.000,0.000,0.000,2.253,0.581,43745
VISUND,2001,2.536,0.000,0.000,0.000,2.536,1.121,43745
VISUND,2002,2.459,0.000,0.000,0.000,2.459,0.668,43745
VISUND,2003,2.021,0.000,0.000,0.000,2.021,1.005,43745
VISUND,2004,1.863,0.000,0.000,0.000,1.863,1.487,43745
VISUND,2005,1.116,0.345,0.043,0.000,1.504,0.297,43745
VISUND,2006,1.210,1.039,0.127,0.000,2.376,0.597,43745
VISUND,2007,2.251,1.507,0.133,0.000,3.891,0.822,43745
VISUND,2008,1.724,0.793,0.089,0.000,2.606,0.374,43745
VISUND,2009,1.563,1.137,0.133,0.000,2.834,0.364,43745
VISUND,2010,1.403,1.116,0.107,0.000,2.626,0.446,43745
VISUND,2011,0.669,0.557,0.039,0.000,1.265,0.199,43745
VISUND,2012,0.719,0.456,0.042,0.000,1.217,3.283,43745
VISUND,2013,0.136,0.056,0.006,0.000,0.198,0.027,43745
VISUND SØR,2012,0.049,0.018,0.005,0.000,0.072,0.000,20461008
VISUND SØR,2013,0.063,0.047,0.011,0.000,0.121,0.001,20461008
VOLUND,2009,0.009,0.001,0.000,0.000,0.010,0.000,4380167
VOLUND,2010,0.801,0.081,0.000,0.000,0.883,0.001,4380167
VOLUND,2011,1.835,0.174,0.000,0.000,2.009,0.011,4380167
VOLUND,2012,1.996,0.186,0.000,0.000,2.182,0.064,4380167
VOLUND,2013,0.316,0.028,0.000,0.000,0.344,0.018,4380167
VOLVE,2008,1.770,0.155,0.067,0.026,2.019,0.005,3420717
VOLVE,2009,2.717,0.297,0.116,0.035,3.165,0.273,3420717
VOLVE,2010,1.699,0.157,0.056,0.017,1.928,1.889,3420717
VOLVE,2011,0.859,0.077,0.025,0.006,0.967,2.191,3420717
VOLVE,2012,0.587,0.045,0.011,0.003,0.646,2.110,3420717
VOLVE,2013,0.091,0.007,0.001,0.000,0.099,0.000,3420717
YME,1996,1.195,0.000,0.000,0.000,1.195,0.000,43807
YME,1997,1.980,0.000,0.000,0.000,1.980,0.000,43807
YME,1998,1.970,0.000,0.000,0.000,1.970,0.000,43807
YME,1999,1.484,0.000,0.000,0.000,1.484,0.000,43807
YME,2000,1.071,0.000,0.000,0.000,1.071,0.688,43807
YME,2001,0.207,0.000,0.000,0.000,0.207,0.226,43807
YTTERGRYTA,2009,0.117,0.301,0.111,0.000,0.529,0.002,4973114
YTTERGRYTA,2010,0.118,0.312,0.115,0.000,0.545,0.003,4973114
YTTERGRYTA,2011,0.055,0.317,0.123,0.000,0.495,0.001,4973114
YTTERGRYTA,2012,0.000,0.301,0.119,0.000,0.420,0.000,4973114
YTTERGRYTA,2013,0.000,0.042,0.018,0.000,0.059,0.000,4973114
ØST FRIGG,1988,0.000,0.391,0.000,0.001,0.393,0.000,43576
ØST FRIGG,1989,0.000,1.505,0.000,0.012,1.517,0.000,43576
ØST FRIGG,1990,0.000,1.375,0.000,0.010,1.385,0.000,43576
ØST FRIGG,1991,0.000,1.563,0.000,0.013,1.576,0.000,43576
ØST FRIGG,1992,0.000,1.111,0.000,0.012,1.123,0.000,43576
ØST FRIGG,1993,0.000,1.267,0.000,0.011,1.278,0.000,43576
ØST FRIGG,1994,0.000,0.983,0.000,0.007,0.990,0.000,43576
ØST FRIGG,1995,0.000,0.319,0.000,0.001,0.320,0.000,43576
ØST FRIGG,1996,0.000,0.610,0.000,0.000,0.611,0.000,43576
ØST FRIGG,1997,0.000,0.096,0.000,0.000,0.097,0.000,43576
ØST FRIGG,1998,0.000,0.000,0.000,0.000,0.000,0.000,43576
ÅSGARD,1999,3.901,0.000,0.000,0.000,3.901,0.000,43765
ÅSGARD,2000,7.837,0.523,0.086,0.098,8.544,0.093,43765
ÅSGARD,2001,8.320,3.892,1.306,0.681,14.200,0.136,43765
ÅSGARD,2002,8.232,7.247,2.224,2.592,20.296,0.198,43765
ÅSGARD,2003,6.944,10.073,3.526,4.329,24.872,0.295,43765
ÅSGARD,2004,5.658,10.203,3.488,3.853,23.202,0.409,43765
ÅSGARD,2005,4.637,10.513,3.639,3.351,22.140,0.438,43765
ÅSGARD,2006,4.836,9.770,3.609,2.209,20.424,0.438,43765
ÅSGARD,2007,6.793,11.441,4.160,0.000,22.394,0.552,43765
ÅSGARD,2008,5.949,11.417,4.022,0.000,21.388,0.677,43765
ÅSGARD,2009,5.729,12.319,4.554,0.000,22.602,0.876,43765
ÅSGARD,2010,5.026,11.829,4.462,0.000,21.317,0.917,43765
ÅSGARD,2011,3.932,12.083,4.832,0.000,20.848,0.725,43765
ÅSGARD,2012,4.001,12.211,5.103,0.000,21.314,0.683,43765
ÅSGARD,2013,0.537,1.653,0.699,0.000,2.888,0.106,43765
