pipNpdidPipe,pipNpdidFromFacility,pipNpdidToFacility,pipNpdidOperator,pipName,pipNameFromFacility,pipNameToFacility,pipNameCurrentOperator,pipCurrentPhase,pipMedium,pipMainGrouping,pipDimension,pipLineGeometryWKT
322634,277573,280569,17237817,"Gas HULDRA, HEIMDAL HRP","HULDRA","HEIMDAL HRP","Statoil Petroleum AS","IN SERVICE","Gas","Feeder",22.0,"MULTILINESTRING((2.64766459103228 60.8515355728183,2.28641801834561 60.4585609928012,2.26473601886254 60.4102939926488,2.26506201884858 60.401061992648,2.41847801506509 59.9765129934591,2.41928501504554 59.9712369934624,2.36872201600127 59.7324829930969,2.36534401607296 59.7274359930749,2.34343601654999 59.7037809929334,2.28722335744935 59.6579924407592),(2.27954503466099 59.6517267381666,2.2234310194132 59.6058539921253,2.21965601950818 59.6001009920979,2.21714001956658 59.5886649920772,2.21999501948766 59.582820992095,2.22399230624467 59.5792037351311))"
321070,277797,286169,17237817,"Condensate SLEIPNER R, KÅRSTØ","SLEIPNER R","KÅRSTØ","Statoil Petroleum AS","IN SERVICE","Condensate","Transportation",20.0,"LINESTRING(1.91790662332946 58.3726965657804,1.92195302764323 58.3746109894005,1.93015602735403 58.3768529894724,2.15344402041783 58.4034559912753,3.47440600287362 58.5924249975482,3.50407500273461 58.5961189976256,3.52769400262793 58.5966609976855,3.5387000025797 58.5987359977132,3.61565300226566 58.6311359979002,3.6964940019746 58.6871249980843,3.71310000191961 58.7044919981207,3.72490000188117 58.7147639981462,3.73541900184718 58.7205249981684,3.76392800175738 58.7315389982272,3.78725600168699 58.7431279982743,3.80030600164851 58.7471969983001,3.87302800144751 58.7641859984376,3.94224700127732 58.7920249985604,4.06427500101928 58.832207998757,4.08109700098768 58.8396329987823,4.1088530009376 58.8557329988233,4.12240800091388 58.8618139988429,4.23194200074016 58.8967059989906,4.88878900018357 59.139335999587,4.90272200017774 59.1471359995954,4.91258600017376 59.1563669996013,4.94250800016241 59.2069529996191,4.94779400016044 59.2129919996222,4.98642500014654 59.2453559996436,5.01562800013668 59.2650809996591,5.08735600011496 59.3239889996949,5.09596400011254 59.3283079996989,5.10736900010939 59.3322919997042,5.11845000010639 59.3347609997092,5.13020300010327 59.3361939997145,5.15178600009773 59.3361359997238,5.17609400009178 59.3330669997341,5.18638734629468 59.3332456283669)"
369498,277797,369424,1944954,"Gas SLEIPNER R, EASINGTON","SLEIPNER R","EASINGTON","GASSCO AS","IN SERVICE","Gas","Transportation",44.0,"LINESTRING(1.90135342699091 58.3649940878553,1.88003902915679 58.3566979890243,1.85176303021568 58.3416539887633,1.84256303055931 58.3295079886747,1.82701103115796 58.3176079885269,1.81879503147242 58.3061579884462,1.80089903218062 58.2926719882732,1.78854503266839 58.2756079881497,1.76658303356907 58.2593999879328,1.75127203419738 58.2381249877759,1.73748603478285 58.2274869876365,1.6141750403833 58.102285986319,1.6117710404939 58.0957599862905,1.61183804047473 58.0851369862868,1.60165304093174 58.0480539861617,1.40563005120199 57.6369679837164,1.31955005650664 57.5160259825687,1.29590105796179 57.4440499822237,1.19119906504067 57.2240399806822,1.17006606621971 57.0463239802923,1.16962006563453 56.803450980169,1.16054806629847 56.7894969800307,1.11355206991698 56.7478719793168,1.1092510702535 56.7428909792499,0.938820084455785 56.4435129764052,0.937693084545117 56.4378139763835,0.938976084401523 56.4316989764017,0.941970084098354 56.4268099764489,0.957752082541813 56.4088759767008,0.960008082310601 56.402988976735,0.959739082315424 56.3967149767274,0.704446106090418 55.5760589717732,0.59160011448463 54.4473809690461,0.539981120497427 54.3298169679216,0.397998139439453 54.163388964728,0.298413153653609 53.9604389623195,0.275542157045844 53.9075209617479,0.268078158199891 53.8949189615616,0.190580170368656 53.730351959577,0.180991171979664 53.7164939593284,0.172741173334277 53.6991829591121,0.169262173928921 53.6945149590214,0.16423717481045 53.6902419588909,0.129835181038148 53.6715039579926,0.123976182108395 53.6671209578378,0.116031183552533 53.6592309576265)"
327394,286841,286141,1944954,"Gas EUROPIPE-SCP, EMDEN","EUROPIPE-SCP","EMDEN","GASSCO AS","IN SERVICE","Gas","Transportation",40.0,"LINESTRING(4.228099650552 55.7037472659116,5.75180300000217 54.7760059998882,6.60220799999698 54.2312499999818,6.61749999999704 54.2204419999824,6.63761699999712 54.1998419999833,6.65670299999719 54.1820329999841,6.67095299999724 54.1718859999847,6.68340599999729 54.1656059999851,6.71236099999742 54.1564059999862,6.72527799999747 54.1504669999867,6.91509699999819 54.0249499999921,6.93972499999827 54.0096639999926,7.02397499999856 53.9718079999943,7.05874399999866 53.9553389999948,7.07604999999872 53.9484469999951,7.20129399999905 53.8918809999967,7.23010599999912 53.878021999997,7.2675939999992 53.8567749999974,7.28841099999925 53.8475779999976,7.33014399999933 53.8333639999979,7.37774199999941 53.8117719999982,7.38729199999943 53.8065829999983,7.39349699999944 53.8011189999983,7.46114999999954 53.6914999999987,7.45898999999953 53.6922999999987,7.40246999999945 53.6724999999984,7.32641999999931 53.6796999999979)"
327938,272561,271245,NULL,"Condensate FRIGG TCP2, OSEBERG A","FRIGG TCP2","OSEBERG A",NULL,"DECOMMISSIONED","Condensate","Transportation",16.0,"LINESTRING(2.08028403759126 59.884049623694,2.08785302347731 59.8862109912585,2.09409402328735 59.8894029913055,2.09915602313593 59.8941329913442,2.10126402307567 59.8993969913615,2.10085602310883 59.9263279913679,2.10243102306419 59.930732991381,2.10603902295764 59.9348309914086,2.76703900932913 60.4692109953458,2.77785300918451 60.4752279953943,2.80961700876899 60.485696995533,2.82074534267662 60.4887964339042)"
322464,271777,271945,1944954,"Gas HEIMDAL, DRAUPNER S","HEIMDAL","DRAUPNER S","GASSCO AS","IN SERVICE","Gas","Transportation",36.0,"MULTILINESTRING((2.2345135844201 59.5707469945465,2.24152801891803 59.5639329922348,2.24588901880202 59.5563419922618,2.24732201876217 59.5509719922698,2.246492018777 59.5414579922614,2.23214401911801 59.5023029921531,2.23140001913153 59.4938219921455,2.23262070083685 59.4816813624758),(2.23351667899915 59.4727626650516,2.24730301862109 59.3347249922061,2.26027501818644 59.1643079922449,2.47053101313014 58.2141419933506,2.4733110130716 58.1999279933643,2.47292467883199 58.193238863954))"
406833,406672,287597,5267845,"Oil GJØA, TOR II Y","GJØA","TOR II Y","GDF SUEZ E&P Norge AS","IN SERVICE","Oil","Transportation",16.0,"LINESTRING(3.90570028479399 61.3309898349618,3.90579600152389 61.3309749986453,3.92945400145996 61.3253139986819,3.9498200014067 61.3176729987126,3.95847600138449 61.3126909987254,3.96607800136516 61.3066639987364,3.97147300135148 61.3002739987441,3.97472600134316 61.2938539987485,4.06005217703767 60.8534249845968)"
310326,286533,286281,1944954,"Gas ZEEPIPE-SCP, ZEEBRUGGE","ZEEPIPE-SCP","ZEEBRUGGE","GASSCO AS","IN SERVICE","Gas","Transportation",40.0,"MULTILINESTRING((3.29932639564176 54.7850339300425,3.28226100318065 54.6291559967237,3.13674400379371 53.6983109961644,3.09173900395709 53.2633969959763,3.09173100395257 53.2475689959759,3.09587200391922 53.2239779959921,3.12816831333715 53.0990721298137),(3.13043369552582 53.0902788780214,3.2052390031657 52.7975419964065,3.2075080031499 52.7826169964146,3.20668100314772 52.7566469964114,3.1742250032608 52.520107996289,3.1746810032528 52.4994219962906,3.18514400317407 52.4152779963296,3.1848360031714 52.3989169963284,3.15653100326247 52.1695109962211,3.15269200327966 52.1555279962064,3.1480920033018 52.1439169961888,3.12704400340923 52.106252996107,3.11900800344896 52.0847469960754,3.11620300346127 52.0715809960644,3.0824030035872 51.8311689959301,3.02182800389715 51.6311359956795,3.01890600391148 51.6179829956672,3.01802800391385 51.6082999956636,3.01981100389573 51.5885189956715,3.02535800385449 51.5710919956954,3.03454700379086 51.5539609957346,3.04799400370212 51.5374219957914,3.05863100363403 51.5269779958359,3.22581400270257 51.3892329964851,3.23400600266252 51.3816109965147,3.23722200264598 51.3749139965262,3.23728900264434 51.3696639965266,3.22979700267403 51.3505079965))"
414837,278329,286729,17237817,"Gas TROLL A, KOLLSNES","TROLL A","KOLLSNES","Statoil Petroleum AS","IN SERVICE","Gas","Transportation",36.0,"LINESTRING(3.73558010700217 60.6460466105094,3.77618500186899 60.6478649983766,3.80484700177679 60.6451989984286,3.8458800016515 60.6368219985004,3.87896100155647 60.6338499985566,3.9122360014656 60.6275899986111,3.95062200136689 60.6253509986722,3.98764100127707 60.6185719987287,4.0118970012212 60.6165849987648,4.10971000101702 60.6052779989017,4.64414400034554 60.5015719994469,4.66081500033331 60.4989399994594,4.67298400032463 60.4980159994683,4.68940600031326 60.4980239994803,4.70931600029997 60.4996219994945,4.72261100029139 60.5020979995038,4.73347200028457 60.5053249995114,4.76108700026787 60.5158839995302,4.79896700024633 60.528193999555,4.83859457287074 60.5453805856676)"
365878,286729,286253,17237817,"Condensate KOLLSNES, STURE","KOLLSNES","STURE","Statoil Petroleum AS","IN SERVICE","Condensate","Transportation",8.0,"LINESTRING(4.85076050333488 60.6166497152206,4.84575163687055 60.5527943307467)"
326340,278357,286841,1944954,"Gas DRAUPNER E, EUROPIPE-SCP","DRAUPNER E","EUROPIPE-SCP","GASSCO AS","IN SERVICE","Gas","Transportation",40.0,"LINESTRING(2.45937418085121 58.1864291771626,2.45685301336922 58.1855669932625,2.4468060135561 58.1809889932007,2.43821901371687 58.1756419931471,2.43141101384457 58.1696499931041,2.42583601394858 58.1623219930681,2.42236401401 58.1511059930443,2.42891701365656 57.745277993002,2.43271101357658 57.7313969930229,2.5173140119607 57.5493169935017,2.52170601188263 57.5418079935262,2.52859401176352 57.5348719935653,2.53651401162906 57.5293139936104,2.62828601017498 57.4820389941182,2.63560601006585 57.4773329941571,2.64243300996434 57.471396994193,3.38300600303842 56.6530609971506,3.4085170029067 56.6215999972246,3.49002800251972 56.5285639974511,3.50380600245936 56.515643997488,3.74981400156903 56.2324389980753,3.77123300150748 56.2139329981208,3.79171700144999 56.1899779981634,3.84118600131837 56.1259939982626,4.16362200068782 55.7452999988089,4.16965300067915 55.7391779988176,4.17619400066994 55.734288998827,4.21714816500949 55.7101929828294)"
322668,277573,277321,17237817,"Condensate HULDRA, VESLEFRIKK A","HULDRA","VESLEFRIKK A","Statoil Petroleum AS","IN SERVICE","Condensate","Transportation",8.0,"LINESTRING(2.65652224095021 60.8525399899877,2.66359301097533 60.8474499949587,2.6764760107721 60.8424529950174,2.87872400799831 60.7912449958754,2.89305852811574 60.7865028038187)"
326918,277937,287065,1944954,"Gas EKOFISK J, NORPIPE Y","EKOFISK J","NORPIPE Y","GASSCO AS","IN SERVICE","Gas","Transportation",36.0,"LINESTRING(3.23266930404535 56.549606324055,3.23812200383332 56.5507579966789,3.24601100378458 56.5505609967057,3.2633940036786 56.5476059967641,3.27645300360025 56.5429529968071,3.28631900354139 56.5361469968392,3.30702200341894 56.5126939969049,3.32359355437094 56.4969415970824)"
327836,272561,287625,1944954,"Gas FRIGG TCP2, VESTERLED T","FRIGG TCP2","VESTERLED T","GASSCO AS","DECOMMISSIONED","Gas","Transportation",32.0,"MULTILINESTRING((1.32776665112899 59.6437560248168,1.35761405815445 59.6452359842259,1.41088905456431 59.6456139848464,1.58796104401066 59.6503329867732,1.60485604310847 59.6527689869473,1.62051104228938 59.6565809871078,1.64736904092263 59.6678249873819,1.70779203799974 59.7007109879849,1.73342203681521 59.7132079882329,1.81610803322129 59.7601829890078,1.82941103267147 59.7661939891278,1.89037203025898 59.7988439896666,1.90163902983174 59.8057999897641,1.9119080294477 59.8128359898526,1.91982202915697 59.8205859899214,1.92587502893841 59.8286919899746,1.93626102856986 59.8458749900666,1.94269402835028 59.8635889901262,1.95212202802333 59.8811309902095),(1.95212202802333 59.8811309902095,1.94971302810673 59.8768419901883),(1.95212202802333 59.8811309902095,1.96197302767578 59.8890869902919,1.97426602724355 59.8946839903922,1.98810702676277 59.8995269905036,2.001113026316 59.9019179906064,2.01052202599603 59.9025999906799,2.02026202566765 59.9023669907551,2.03523302516847 59.900032990869,2.04906502471254 59.8949389909722,2.0623700242783 59.8867839910694,2.06352050863879 59.8857281753032))"
371254,371216,364693,562,"Gas ORMEN LANGE B, NYHAMNA","ORMEN LANGE B","NYHAMNA","A/S Norske Shell","IN SERVICE","Gas","Feeder",30.0,"MULTILINESTRING((6.94381699999999 62.8503199999945,6.96151699999998 62.8610949999948,6.96329699999998 62.8640339999948,6.96213699999998 62.8671949999948,6.95599999999999 62.8706119999947,6.92586200000002 62.8781299999942,6.90096200000005 62.8916549999938,6.88300000000007 62.8976859999935,6.87625300000008 62.8992049999934,6.85176600000012 62.9012599999929,6.83645800000015 62.9013689999926,6.79626800000022 62.9049629999917,6.78649800000024 62.9069409999915,6.77856500000026 62.9101549999913,6.77293300000028 62.9144349999912,6.77040100000028 62.9190759999911,6.77451000000028 62.9329769999912,6.77264800000028 62.9419849999912,6.7659800000003 62.948312999991,6.75427900000033 62.9530629999907,6.74524000000036 62.9548019999905,6.73527300000039 62.9554689999902,6.63960200000073 62.9536699999875,6.62574600000079 62.9549069999871,6.6042390000009 62.9582509999864,6.50389100000152 62.9670279999826,6.45364100000193 62.9741099999804,6.4251750000022 62.979702999979,6.30122600000375 63.0074089999723,6.17801000000606 63.0490019999638,6.15978700000649 63.0560479999624,6.02851100001035 63.1173769999509,5.89535800001612 63.1998779999365,5.79386200002216 63.2675869999233,5.77840200002324 63.2830489999211,5.76607000002412 63.2894209999193,5.74515800002569 63.3033879999162,5.73570500002645 63.3192359999149,5.70521700002895 63.33542899991,5.69211200003012 63.361309999908,5.66907500003221 63.3745769999042,5.64803300003424 63.3946299999007,5.64020300003502 63.4000169998993,5.62200200003689 63.407722999896,5.6133680000378 63.4103839998944,5.59058500004029 63.4146479998902,5.56172500004365 63.4217649998845,5.53967100004638 63.42296799988,5.5240190000484 63.4248439998767,5.5011890000515 63.4317789998718,5.48100000005438 63.4357609998674,5.45288900005863 63.444543999861,5.43273700006186 63.4525109998563,5.41789100006434 63.4594569998527,5.39739500006789 63.4645849998476,5.38879600006944 63.4683279998455,5.38235200007063 63.4742189998439,5.37908600007126 63.4830709998432,5.38362010926316 63.4924790646122),(5.38782630759314 63.5012012483292,5.38990800006936 63.5055159998461,5.38687600006995 63.5164159998455,5.38680396898447 63.5239216888385))"
319166,287065,277265,1944954,"Gas NORPIPE Y, B-11","NORPIPE Y","B-11","GASSCO AS","IN SERVICE","Gas","Transportation",36.0,"LINESTRING(3.33330926295489 56.4861829205329,3.34815600318739 56.4707669970325,3.3728720030544 56.4422139971069,3.39214200295468 56.423421997164,3.50234200243547 56.3038499974729,3.54001700227756 56.2653309975722,3.61325800199725 56.2013779977565,3.61860000197819 56.1979389977695,3.64849700187331 56.1693939978409,3.69386100172394 56.130871997946,3.73377200160084 56.0935359980347,3.74761900156013 56.0823559980648,3.7912220014369 56.0381029981569,3.7976250014197 56.0334359981702,3.88331400120405 55.9453829983397,3.90299700115892 55.9276309983768,3.93688600108431 55.8928719984391,4.08486100080535 55.7491059986886,4.16351100068557 55.7018389988079,4.18340000065777 55.6887079988365,4.24311900058019 55.6532559989193,4.54634993374151 55.4656150483154)"
357492,280877,286729,1944954,"Gas KVITEBJØRN, KOLLSNES","KVITEBJØRN","KOLLSNES","GASSCO AS","IN SERVICE","Gas","Transportation",30.0,"MULTILINESTRING((2.50705394631691 61.0775940767367,2.51738801360497 61.0725019942965,2.52555559174723 61.0690555236847),(2.53930310395753 61.0632516215933,2.539539013184 61.0631519944074,2.5662060126944 61.0563509945397,2.59543101217429 61.0432889946804,2.63218301154951 61.0331879948546,2.67541601084888 61.0147859950522,2.69518601054051 61.00411199514,2.72638901007134 60.9924429952771,2.79235100913943 60.9654349955563,2.91472500761238 60.9196399960396,3.02610500642383 60.8764309964414,3.10183900571239 60.845008996695,3.21621900477071 60.8010669970504,3.34236700389436 60.7543259974059,3.41357200346485 60.72255699759,3.48921300305561 60.6937479977743,3.50502100297587 60.6891859978114,3.59599900255263 60.6723329980164,3.62166300244345 60.6690409980714,3.67339200223568 60.6602819981783,3.82961600170055 60.6454469984726,3.96828000132352 60.6248659986996,4.10833400101973 60.6069759988999,4.49242500047671 60.5438689993227,4.57647600039964 60.5274159993942,4.5959540003834 60.5222589994099,4.64010800034867 60.508372999444,4.66208300033249 60.5044669994604,4.67699900032192 60.5036129994714,4.69122600031212 60.5040699994817,4.70687400030168 60.5060389994929,4.72212400029181 60.5089069995037,4.73877800028139 60.5142399995152,4.75724800027027 60.5232849995278,4.78147600025617 60.5288959995438,4.80056000024559 60.5379219995561,4.8192860002355 60.5413969995679,4.82607600023196 60.5442309995722,4.83706825219642 60.5465616399433))"
321750,272337,286477,2052695,"Oil GYDA, ULA-Y","GYDA","ULA-Y","BP Norge AS","IN SERVICE","Oil","Transportation",20.0,"LINESTRING(3.08381386982995 56.9093237484195,3.04605300531229 56.9683949960057,3.04041700536063 56.9742359959839,2.85403563137812 57.0761069262779)"
321818,272421,286309,1944954,"Gas HEIDRUN, TJELDBERGODDEN","HEIDRUN","TJELDBERGODDEN","GASSCO AS","IN SERVICE","Gas","Transportation",16.0,"LINESTRING(7.32161898080418 65.319337208309,7.33553199999997 65.2973709999987,7.34674199999997 65.2605289999987,7.36943699999997 65.2381129999988,7.38729099999997 65.2229229999989,7.40294799999997 65.204467999999,7.40798199999997 65.196471999999,7.40949999999997 65.190406999999,7.41066599999997 65.141723999999,7.42959099999997 65.1043619999991,7.42750799999997 65.053473999999,7.44053399999997 65.0342409999991,7.45417799999996 65.0080109999991,7.47815999999996 64.9780499999992,7.50984499999996 64.9479289999993,7.55086899999997 64.9173889999994,7.60184499999997 64.8702999999995,7.70091999999998 64.7884979999997,7.73241599999998 64.7670589999997,7.75369199999998 64.7506789999997,7.77153499999998 64.7297739999998,7.87224799999998 64.6461719999999,7.87747599999999 64.6386799999999,7.88234499999999 64.6235659999999,7.87989899999998 64.5676499999999,7.88866199999998 64.5149379999999,7.90043899999999 64.4883119999999,7.92075999999999 64.4685359999999,7.93818199999999 64.4573519999999,7.95704599999999 64.4488909999999,7.96285099999999 64.4453959999999,7.98040899999999 64.4241259999999,8.02100499999999 64.4023439999999,8.02717999999999 64.3955149999999,8.02724799999999 64.389458,8.02176699999999 64.381523,8.00987999999999 64.3667979999999,7.98935599999999 64.3474499999999,7.97787599999999 64.3253859999999,7.93534999999999 64.2737729999999,7.93421799999999 64.2436979999999,7.93062199999999 64.2193299999999,7.92752699999999 64.1762849999999,7.91188799999999 64.1190949999999,7.90349899999999 64.0802989999999,7.89432299999998 64.0660779999999,7.89303599999998 64.0618289999999,7.90009699999998 64.0428159999999,7.91243199999998 64.0310749999999,7.91531499999999 64.0258789999999,7.91336299999998 63.9997439999999,7.92885299999999 63.9540099999999,7.93194699999999 63.8824119999999,7.94732599999999 63.8441509999999,7.95024199999999 63.8270109999999,8.01580499999999 63.7317959999999,8.02565099999999 63.685787,8.02479299999999 63.6748659999999,8.02623899999999 63.6704179999999,8.03395899999999 63.6638639999999,8.06622299999999 63.6503519999999,8.07352299999999 63.645744,8.08432699999999 63.6280819999999,8.092408 63.598042,8.12187699999999 63.575836,8.139589 63.556816,8.17088599999999 63.538845,8.183463 63.529522,8.205979 63.52243,8.222825 63.509861,8.224143 63.506439,8.220973 63.499657,8.224132 63.488358,8.227596 63.483467,8.228003 63.477337,8.226797 63.472942,8.21736 63.465031,8.218605 63.45985,8.214173 63.447376,8.218481 63.44162,8.225243 63.436909,8.226092 63.434402,8.224548 63.429253,8.22586 63.426682,8.229435 63.424099,8.239384 63.419899,8.243613 63.413692,8.251678 63.409321,8.263588 63.40554,8.276841 63.403973,8.323453 63.402828,8.36587 63.400276,8.382181 63.401245,8.427908 63.401913,8.581714 63.423069,8.606696 63.428795,8.623056 63.429485,8.636926 63.427555,8.64624 63.424473,8.651925 63.421478,8.665208 63.410534,8.665102 63.407822,8.65820407141155 63.3988774835477)"
308524,272029,277937,2052695,"Oil ULA PP, EKOFISK J","ULA PP","EKOFISK J","BP Norge AS","IN SERVICE","Oil","Transportation",20.0,"MULTILINESTRING((3.20232849225237 56.5515365029437,3.18442200418014 56.5525559964915,3.17314400425675 56.5545469964512,3.16034700434578 56.5594889964052,3.15242800440238 56.5655439963767,3.14717500444141 56.5744439963581,3.11471100470309 56.6863529962462,3.07151400505451 56.7671829960874,2.99635600570332 56.8447749957923,2.85554700711049 56.9659829951888,2.81626700755048 56.9898169950074,2.81043100761845 56.9950359949802,2.80824700764526 57.0004139949703,2.80900800763853 57.0059139949747,2.8457858270164 57.0749808384721),(2.85038190841397 57.083594468331,2.8525690071833 57.0876919951892,2.85397500717029 57.0941609951965,2.85358300717675 57.1008439951955,2.85146335487207 57.1075691286021))"
369461,364693,277797,1944954,"Gas NYHAMNA, SLEIPNER R","NYHAMNA","SLEIPNER R","GASSCO AS","IN SERVICE","Gas","Transportation",42.0,"LINESTRING(6.94577099999999 62.8515589999945,6.96004099999998 62.8606759999948,6.96108199999998 62.8643149999948,6.95867799999998 62.8676449999947,6.95357999999999 62.8701249999947,6.92317500000002 62.8785319999942,6.90103500000005 62.8907279999938,6.88842700000006 62.8957599999936,6.87960600000008 62.8984639999934,6.86831600000009 62.9000849999932,6.85171400000012 62.9011799999929,6.83735700000014 62.9012109999926,6.79507600000022 62.9046859999917,6.78640800000024 62.9063759999915,6.77802800000026 62.9096909999913,6.77230800000028 62.9137799999911,6.76949000000029 62.9186899999911,6.77365200000028 62.9330899999912,6.77163600000029 62.9417799999911,6.7648130000003 62.948092999991,6.75268000000033 62.9528729999907,6.74383000000036 62.9544909999905,6.73426000000039 62.9551239999902,6.66540700000062 62.9540519999883,6.64728000000069 62.9528499999878,6.61393500000085 62.9547959999867,6.55244400000118 62.9516939999845,6.46085500000185 62.9346809999807,6.43851000000205 62.9296109999796,6.20221500000544 62.8920019999653,6.17269100000607 62.8864099999631,6.09798000000794 62.8668399999568,5.8433400000184 62.8100699999282,5.19444200010892 62.6538429997783,5.18074700011262 62.6496849997734,5.16975800011566 62.6446039997694,5.14322200012324 62.6235389997594,4.98032700017991 62.4727209996893,4.96238900018739 62.4583279996806,4.94930400019297 62.4420129996741,4.92611400020332 62.4246559996624,4.89562400021759 62.3951759996465,4.88421300022321 62.3890989996405,4.78954600027508 62.3505439995872,4.6613840003622 62.3071369995051,4.65088600037028 62.3021429994978,4.6426590003767 62.2962909994919,4.38854100062866 62.0577579992783,4.34633500068196 61.9984019992356,4.33371600069846 61.9735489992222,4.31411600072521 61.9502979992015,4.30667200073552 61.9384919991934,4.29782700074808 61.9294469991839,4.28626200076465 61.9126399991712,4.26568500079534 61.8961519991486,4.23656100084082 61.8789669991162,4.20668500088968 61.8562889990815,4.1875880009221 61.8386419990587,4.17606700094191 61.8210029990443,4.16322700096465 61.8072319990283,4.15568400097815 61.7968479990188,4.14834200099129 61.7825999990091,4.14351100099947 61.758689999002,4.12951300102545 61.7395939989838,4.12351600103687 61.734004998976,4.08113800112119 61.7043799989203,4.01658400126112 61.6556849988302,4.006051001285 61.6400639988145,3.99260600131638 61.6268079987946,3.98611200133153 61.6153909987846,3.97632200135435 61.591922998769,3.96453000138305 61.5786669987508,3.63133200246418 61.3491519981511,3.57693300269806 61.3096429980333,3.49581100308384 61.2553369978466,3.46149800326107 61.2311399977632,3.44801000333286 61.2190819977294,3.41107700353759 61.1936069976355,3.40122300359369 61.1837619976096,3.39554200362569 61.1726259975939,3.39177100364406 61.1413989975807,3.39301900363274 61.1102829975804,3.3904130036458 61.0915569975716,3.39092000364018 61.0710139975705,3.3880070036551 61.052493997561,3.38726700365406 61.0100939975542,3.38449200366545 60.9702609975425,3.38619200365316 60.9534949975451,3.38355800366553 60.9279329975353,3.38480000365305 60.8886799975341,3.38207000366484 60.8545069975231,3.38442600364884 60.8392029975276,3.38194500366018 60.8131709975181,3.38397300363936 60.7461199975159,3.38029600365905 60.7298549975045,3.38050500365503 60.7088089975027,3.37761800366982 60.690692997493,3.3770600036693 60.6618309974884,3.37311300369085 60.6463889974762,3.37211100369136 60.6055109974689,3.36143200375192 60.5765149974371,3.35822700376973 60.563918997427,3.35489600378928 60.5578579974173,3.34697000383684 60.5481639973946,3.32573400396828 60.5320739973343,3.30237200411773 60.5161509972667,3.28404800423871 60.5054509972129,3.26267100438321 60.4893259971487,3.23153100460233 60.4706379970535,3.17218400504575 60.4285999968639,3.12505700542473 60.3969689967065,3.11830100548065 60.3902239966831,3.08106500579589 60.34258299655,3.03395800617093 60.0733179963437,2.66594701034263 59.2405469946262,2.29091901718915 58.760009992341,2.03596402388659 58.4389569903762,2.02551202420922 58.4310229902893,1.91801850312405 58.3726386303922)"
319268,271245,286253,17237817,"Oil OSEBERG A, STURE","OSEBERG A","STURE","Statoil Petroleum AS","IN SERVICE","Oil","Transportation",28.0,"LINESTRING(4.84374209367069 60.6184782345648,4.75182100027446 60.5855669995255,4.7450970002785 60.5809219995209,4.73072500028735 60.574032999511,4.71460600029763 60.5698499994997,4.7054970003036 60.5689689994933,4.6202610003649 60.5664999994302,4.59366700038611 60.5651139994091,4.54102500043134 60.5641249993657,4.25037200077498 60.554455999075,4.21780000082536 60.5494859990363,4.07601400107969 60.5228419988517,4.03621900116255 60.516430998795,3.97158600130892 60.5027749986977,3.94917200136345 60.4998669986626,3.88077500154304 60.5000469985512,3.81971700172078 60.5016309984454,3.77406400186511 60.5006559983621,3.70641700209877 60.500813998232,3.67519700221518 60.5021249981693,3.63418300237649 60.5007359980838,3.58996700256216 60.5013249979881,3.56270600268296 60.5019999979273,3.51125600292491 60.5048109978084,3.42497200337383 60.5060829975962,3.40244700350082 60.5078779975382,3.37738600364674 60.5074669974721,3.3607970037461 60.5059859974274,3.35204700379958 60.5059639974037,3.34210800386127 60.5068609973766,3.3257860039647 60.5096109973318,3.29818600414439 60.508993997254,3.2695970043385 60.5109779971717,3.2370720045689 60.5119999970754,3.22491100465758 60.5110939970386,3.19641700487094 60.5066169969506,3.08578300578459 60.4927079965883,3.06924200593405 60.4932919965317,2.96515600695821 60.5070779961588,2.9535390070815 60.5077389961151,2.93763900725292 60.5067719960543,2.8372949876284 60.4932162157704)"
323212,286169,286141,1944954,"Gas KÅRSTØ, EMDEN","KÅRSTØ","EMDEN","GASSCO AS","IN SERVICE","Gas","Transportation",42.0,"LINESTRING(5.51293165872611 59.2721270905956,5.5021680000369 59.2606279998436,5.49740300003738 59.2506409998423,5.49303000003785 59.2461849998411,5.46187500004142 59.2291259998323,5.45414500004236 59.2280649998301,5.36071800005518 59.2021899998013,5.34740500005723 59.1950419997969,5.34034500005832 59.1866679997944,5.33884800005853 59.1810419997939,5.33790800005851 59.1518969997934,5.33565200005879 59.1372109997925,5.26244400007073 58.9781759997651,5.25844100007141 58.9645959997635,5.25498800007137 58.8637619997614,5.25557700007116 58.8502459997615,5.27540200006684 58.7636869997683,5.33523500005581 58.6334759997888,5.45089400003871 58.3993989998244,5.49952200003278 58.2767029998377,5.60300200002259 58.0495799998634,5.62869000002041 57.9762729998693,5.63617300001983 57.9622189998709,5.66090600001803 57.9234889998764,5.66770700001746 57.8840369998777,5.70363000001509 57.8197519998852,5.70723800001485 57.8100169998859,5.71512400001431 57.7773479998874,5.74299300001268 57.7235179998929,5.74565100001248 57.7007139998933,5.78927700001011 57.5792009999013,5.84098700000783 57.4902229999102,5.84858300000752 57.4745559999115,6.00746000000245 57.0907899999344,6.01272000000232 57.0740929999351,6.01782300000218 57.0465889999357,6.0215110000021 57.0402369999362,6.02938000000194 57.0308459999372,6.03276400000187 57.0244599999376,6.11367300000038 56.8255839999469,6.11908100000028 56.8019909999474,6.12612300000017 56.7810779999482,6.13778200000001 56.7623709999494,6.15515699999978 56.7239609999512,6.22804199999898 56.542560999958,6.29125899999848 56.3776859999633,6.37782299999806 56.1645809999697,6.44843099999787 55.9789619999742,6.65763299999787 55.4278599999844,6.72054599999797 55.2682609999867,6.73394799999799 55.2261539999872,6.85401199999825 54.9057039999907,6.85521199999825 54.8965379999907,6.85251799999824 54.8878359999906,6.82412199999813 54.8489649999899,6.81979699999811 54.8398699999897,6.81887999999811 54.8300319999897,6.82237299999811 54.8158489999898,6.82430899999812 54.7991289999899,6.82720699999812 54.7944369999899,6.84533299999818 54.7738609999904,6.91566799999838 54.6656299999921,6.94883999999847 54.6299209999929,6.95543599999849 54.619430999993,7.17443799999899 53.9121739999964,7.182323999999 53.8896899999965,7.18777899999901 53.8827319999966,7.19415099999903 53.8769989999966,7.20174899999905 53.8720969999967,7.21023099999907 53.8679959999968,7.37786099999941 53.8100779999982,7.38673299999943 53.8055759999983,7.39247899999944 53.8009379999983,7.45898999999953 53.6922999999987,7.40310999999945 53.6743999999984,7.32641999999931 53.6796999999979)"
406790,406672,406731,1944954,"Gas GJØA, GJØA-T","GJØA","GJØA-T","GASSCO AS","IN SERVICE","Gas","Transportation",28.0,"LINESTRING(3.90501973950602 61.330236556612,3.92687800146673 61.3245509986779,3.93744600143875 61.3204959986939,3.94828400141038 61.31307999871,3.95308200139772 61.3049579987168,3.9521070013997 61.2956199987147,3.94420100141944 61.2867429987022,3.93026100145533 61.2797239986803,3.91235100150289 61.275660998652,3.67241400228955 61.2562899982256,3.60775900255594 61.2517399980935,3.55935500277281 61.2466619979891,3.40357700358614 61.2339519976212,3.35378200388688 61.2262379974922,3.17046600519654 61.2005229969666,3.07752700599953 61.1883509966675,2.98271800692985 61.1739919963375,2.93769100741534 61.1690029961719,2.88169700806055 61.1608699959572,2.83994200857328 61.1535299957905,2.76923800950889 61.1447029954961,2.70117501049334 61.1339259951965,2.61955301179295 61.1221999948163,2.58997501229832 61.1186259946727,2.47682101441215 61.1009669940922,1.96942802841459 61.0260309908224,1.95486502895331 61.024966990711,1.72866503858442 61.0191989888431,1.70937731171308 61.0202750341178)"
323076,286729,277797,1944954,"Gas KOLLSNES, SLEIPNER R","KOLLSNES","SLEIPNER R","GASSCO AS","IN SERVICE","Gas","Transportation",40.0,"LINESTRING(4.83862613145856 60.5453639169816,4.79744200024716 60.527316999554,4.68839700031379 60.4884639994793,4.67922500032003 60.4842329994726,4.6698530003265 60.4782249994656,4.66070800033286 60.4691359994586,4.64714700034232 60.4462859994479,4.61020000036982 60.4096779994184,4.46744200049561 60.2878809992923,4.42804700053626 60.2509529992536,4.38076400058909 60.2131639992051,4.30423900068416 60.1470189991208,4.26421400073919 60.115816999074,4.22270300079994 60.0730329990228,4.19285000084662 60.0499579989849,4.14481700092655 60.0079439989211,4.12328900096437 59.9866219988913,4.0828310010395 59.9539779988338,4.01711100117197 59.8898189987346,3.96882200127933 59.855863998658,3.95796100130456 59.8469359986402,3.85277200157191 59.7504999984566,3.82263900165709 59.7255579984005,3.71214700200416 59.6201529981791,3.70101700204232 59.6081889981554,3.68346400210429 59.5946419981178,3.66224400218117 59.5755969980714,3.62547200232097 59.5495919979891,3.6196330023437 59.5436859979756,3.60877200238613 59.5289359979501,3.60191100241361 59.5228529979341,3.58780600247144 59.5146389979012,3.54372800266094 59.4964029977961,3.53234400271201 59.4924169977683,3.49218600289976 59.4835499976685,3.43515800318661 59.4747469975208,3.38116900347994 59.4589139973732,3.30860300391274 59.4440359971641,3.27877500410339 59.4341169970738,3.26056400422322 59.4247529970172,3.20821100458339 59.3881389968482,3.09774400543141 59.3001309964641,3.00767200622319 59.2306999961232,2.84351900793014 59.0978169954313,2.66097501030205 58.9463219945445,2.13844702091519 58.5115719911939,2.03916102378499 58.4372189904013,1.96140002628562 58.3942999897459,1.91829480890874 58.3724955480323)"
326374,278357,286757,1944954,"Gas DRAUPNER E, DUNKERQUE","DRAUPNER E","DUNKERQUE","GASSCO AS","IN SERVICE","Gas","Transportation",42.0,"MULTILINESTRING((2.45861635357229 58.1873024260407,2.45759601335614 58.1871259932674,2.44233601364226 58.1831629931739,2.42818301391177 58.178203993086,2.41573501415173 58.1721119930075,2.40540001435257 58.1649969929414,2.39742701450782 58.1570739928895,2.39211701461017 58.1485599928541,2.38943201465952 58.1397019928351,2.39580401430096 57.7445409927925,2.38901901427076 57.4661329926933,2.39033901403366 57.1158139926357,2.39226701398519 57.097892992645,2.39753901387217 57.0801579926762,2.40132601379389 57.0714189926992,2.41131101359283 57.0543059927607,2.86224600685129 56.4085619951596,2.86919300677691 56.400481995191,3.25579800363223 56.090571996708,3.2729350035289 56.0753779967649,3.28037900348456 56.0674289967892,3.28722500344405 56.0592989968114,3.29856000337724 56.0424879968477,3.40248600281111 55.8630559971642,3.4118720027626 55.8366549971909,3.4134860027536 55.8277169971953,3.41418900274736 55.8097529971965,3.30107695257596 54.7939039862964),(3.30010595881889 54.7850263587227,3.28374500317404 54.635039996729,3.13714900379041 53.6953739961659,3.0925610039522 53.2647709959796,3.09252200394726 53.2468029959791,3.09559900392239 53.2289309959911,3.1291955299109 53.0991847813458),(3.13147234875952 53.0903587742235,3.20511900316761 52.8025739964061,3.20906900313992 52.7757379964203,3.2067630031453 52.7488169964116,3.17586400325312 52.5248789962952,3.17526200325163 52.5069119962928,3.1860800031696 52.4172739963331,3.1859610031655 52.3992959963326,3.15980300324861 52.1841349962336,3.15687300325969 52.1662559962224,3.15117000328612 52.1486239962006,3.14266800332842 52.1314349961678,3.1280740034033 52.106006996111,3.12120800343744 52.0885469960841,3.11890800344806 52.079665996075,3.08861400356062 51.864726995955,3.08848000355868 51.8557619959545,3.09231000353346 51.8471179959701,3.09040500354199 51.8383099959625,3.0820610035892 51.8310359959287,3.06216300370534 51.8179549958471,3.05310200375897 51.8109399958096,2.99933300409103 51.7685319955809,2.98223900420145 51.7540209955061,2.81979700539239 51.6275559947424,2.80452100551671 51.6123199946655,2.72191700622715 51.517520994234,2.7117680063224 51.511218994179,2.64735400696796 51.4911459938193,2.62494900720323 51.4799269936901,2.61126200735277 51.47732899361,2.59689700751388 51.476767993525,2.58321300766901 51.4741939934432,2.57189000779746 51.468692993375,2.54005600816701 51.4504659931802,2.53028100828289 51.4438819931194,2.5222870083774 51.4364129930695,2.47517300895302 51.3912279927693,2.46915900902732 51.3830949927303,2.44514300932248 51.3407209925732,2.43798700941551 51.3329929925258,2.42660000957019 51.3276329924495,2.4134420097536 51.3240509923604,2.4024080099078 51.3183859922852,2.38454501015827 51.3043289921623,2.37068701035268 51.2886159920661,2.31789201110404 51.2050399916917,2.29585401143291 51.1718559915313,2.28289301162497 51.146148991436,2.27408601174932 51.1197549913713,2.26805301182031 51.0847019913275,2.26499401186432 51.0759239913049,2.25669101199038 51.0587429912428,2.25270901204759 51.0464059912131))"
321002,277797,286533,1944954,"Gas SLEIPNER R, ZEEPIPE-SCP","SLEIPNER R","ZEEPIPE-SCP","GASSCO AS","IN SERVICE","Gas","Transportation",40.0,"LINESTRING(1.91575495338471 58.3649035517372,1.93901902701769 58.3524169895408,1.94411102683502 58.3473279895829,1.94636402675206 58.3425609896007,1.97228302566929 58.1384939897561,1.97685002549932 58.1200999897891,1.98331102527142 58.1054109898391,2.36734701472729 57.5002059925586,2.37573901454838 57.4859919926108,2.38255001440202 57.4701889926521,2.38726101429665 57.451113992679,2.38834401426673 57.4370689926833,2.38951701404703 57.1113809926295,2.3935310139553 57.0891329926517,2.39876901384524 57.0748919926832,2.40445001372938 57.0638609927181,2.44367201296366 57.0072309929588,2.86277200684484 56.4056309951618,2.87154400675193 56.3978059952017,3.25750800362167 56.0884029967137,3.27387200352312 56.0734809967679,3.28436900346071 56.0617419968021,3.29537200339575 56.0463419968375,3.39413300285322 55.8767309971397,3.40719700278668 55.8498609971776,3.41275600275682 55.8266329971931,3.41354400275103 55.8138109971948,3.41258100275322 55.8000919971912,3.30030500828162 54.7939540883697)"
329502,280709,271833,17237817,"Oil/gas GULLFAKS SØR H, GULLFAKS A","GULLFAKS SØR H","GULLFAKS A","Statoil Petroleum AS","IN SERVICE","Oil/gas","Transportation",8.0,"MULTILINESTRING((2.18403101314396 61.1798182409295,2.18323302155961 61.1803969923879,2.17860182780313 61.1814294502663),(2.16594474294932 61.181423018054,2.15897202226647 61.1791919922282,2.15801151171489 61.1782179301051),(2.15239449433945 61.1725203674738,2.07937802467488 61.0982549916544,2.07571402479212 61.0958819916278,2.06733102506387 61.0926359915673,2.06379402517824 61.0898479915411,2.06273602520975 61.0853809915318,2.07309792299149 61.0601034197735))"
370369,370654,363441,17237817,"Condensate SNØHVIT PLEM-1, MELKØYA","SNØHVIT PLEM-1","MELKØYA","Statoil Petroleum AS","IN SERVICE","Condensate","Transportation",28.0,"LINESTRING(21.2414763222439 71.5687062222285,21.2628043002515 71.5640639819328,21.3178940608482 71.5575409832387,21.3497349185275 71.5525359840324,21.4034536717758 71.5412139854291,21.4398224995246 71.5349119864564,21.4635263851024 71.5299299871457,21.6906311927508 71.4909209951521,21.7364839300627 71.4815749970614,21.8238974069057 71.4661330010513,21.8701861179474 71.4565430033241,21.9416486540801 71.4459460071465,21.9841723681203 71.4379880095534,22.0206221171671 71.4288330116793,22.0748307323224 71.419876015075,22.214473679017 71.3930050247583,22.2701562323541 71.3840480290702,22.2860921017822 71.3807910303408,22.3008679798292 71.3763810315168,22.4324688452641 71.3276820426777,22.4937322848637 71.3060760484276,22.6617236378054 71.2427980660485,22.7187050385492 71.2274630728167,22.7559136371611 71.2131880773642,22.8252568637431 71.1907040863507,22.9372035432175 71.1628341022885,22.9548443273471 71.1573261049313,22.9676901693175 71.1514361068482,22.9948518324316 71.1351851109061,23.0399432626804 71.1038211177872,23.077843773172 71.0743641237356,23.128717097621 71.0389791321279,23.1389749618441 71.0237121337116,23.1399349588028 70.9946901333316,23.1583747114652 70.9708711362857,23.1663016027729 70.9650271376561,23.1962161838891 70.9545061431409,23.2699511163193 70.9377061574664,23.2850758909965 70.9358831605508,23.3917292426584 70.9279101835533,23.4077699863974 70.9253161871654,23.4209207752325 70.9215321901294,23.4293076403293 70.9177091920083,23.4428814220205 70.9082721950113,23.4585181706881 70.8922501984088,23.5002404845348 70.8601002079193,23.528089019576 70.8341372143635,23.5366018741979 70.8301392164459,23.5596224760724 70.8224872222172,23.6142655115194 70.8011322362938,23.6329891747795 70.7924272412347,23.6412580255214 70.7873842434156,23.6477659091325 70.7802282450751,23.6511908514531 70.7688832457914,23.6499418768226 70.764252245344,23.6449599709222 70.7598042438604,23.6292242632902 70.7520222393436,23.5986598208648 70.7426302308477,23.566685394405 70.7313232221453,23.529043056429 70.7173312121644,23.5252031236806 70.7147452111385,23.526298106392 70.7113802113444,23.5365729341966 70.7004622137225,23.5413818523424 70.697357214885,23.5519596700668 70.6936422175248,23.5742962800277 70.6890342232441,23.5875040872636 70.6853936911436)"
322532,280569,286225,1944954,"Gas HEIMDAL HRP, ST.FERGUS","HEIMDAL HRP","ST.FERGUS","GASSCO AS","IN SERVICE","Gas","Transportation",32.0,"MULTILINESTRING((-1.82531768998668 57.5787058908137,-1.79273772555397 57.5828278923445,-1.77623474326389 57.5843078931141,-1.75974576078587 57.5846278938764,-1.7102298123152 57.5800358961322,-1.67766784517846 57.5762108976009,-1.64460687765248 57.5739078990874,-1.62766289393473 57.573891899849,-1.61109090957357 57.5761469005984,-1.58537693316543 57.5877329017811,-1.57474594271482 57.5945579022742,-1.51397999536929 57.6482939051116,-1.50483200310999 57.6558169055328,-1.49519101129436 57.6611609059678,-1.48698001804664 57.6710219063534,-1.36374111580146 57.7780249119099,-1.35598212162074 57.7860109122566,-1.32771314272659 57.8083389134932,-1.31973014855988 57.816255913845,-1.31016315575698 57.8165809142396,-1.302702160924 57.8317279145886,-1.2487021991794 57.8773079169108,-1.16979125224448 57.9462919202389,-1.15065526467852 57.961132921028,-1.13480527475384 57.9769999216872,-1.06226031958878 58.0377329246285,-1.05436332428841 58.0456829249477,-1.0169823463096 58.0756419264274,-0.965305375602439 58.1220669284533,-0.938030390623788 58.1448139295032,-0.9089604063195 58.1670079306059,-0.865821428845712 58.2056169322342,-0.846649438653476 58.2204559329441,-0.829977447010365 58.2361689335637,-0.801632461039763 58.2586279345986,-0.775318473741895 58.2817419355544,-0.744793488057183 58.3137999366627,-0.701305507966944 58.3525169382036,-0.678763517949352 58.376791939001,-0.57068256356865 58.4787689426946,-0.54681857309096 58.5026669434911,-0.512385586551675 58.5337359446196,-0.496902592453464 58.5497999451259,-0.471805601893797 58.5733189459346,-0.464680604519591 58.5814779461655,-0.430074617162287 58.6124719472603,-0.389668631428527 58.6521559485248,-0.38036663466343 58.6597439488099,-0.338760648766417 58.6990389500808,-0.292721663869051 58.7368389514501,-0.267202671964772 58.7601829522013,-0.259632674319623 58.7683809524247,-0.256743675154972 58.7772529525198,-0.258455674512316 58.7862689524883,-0.264752672398346 58.7945219523291,-0.28280566635593 58.8100169518564,-0.286446665062708 58.8190279517713,-0.285202665260421 58.8390029518415,-0.279355667092647 58.8473919520187,-0.268841670448409 58.854499952322,-0.25407167516627 58.8591939527365,-0.236896680609213 58.8614329532095,-0.184935696666614 58.8596889546057,-0.167999701723313 58.8611309550576,-0.152449706277122 58.8648889554737,-0.138891710176873 58.8703419558378,-0.113827717243784 58.8827829565089,-0.0193917424677832 58.9353669589787,0.0170892483285168 58.9545999599027,0.0394692428438232 58.9684309604648,0.123750223093701 59.0137419625192,0.134683220647227 59.0207499627813,0.171794212486805 59.039680963654,0.31390818369977 59.1188419668618,0.387194170242739 59.1573829684266,0.47109215592636 59.2030829701495,0.482875154020642 59.2129169703894,0.495331151993444 59.2160579706333,0.555886142550333 59.2484309718155,0.578750139129331 59.2621279722537,0.691836123213356 59.3185499743328,0.725817118771999 59.3391609749367,0.751378115513859 59.3515249753807,0.786772111143631 59.3714889759879,0.824586106628977 59.3903329766214,0.860569102490986 59.4100889772136,0.922308095716582 59.4420669782005,0.933742094509407 59.4489219783803,0.959006091882211 59.4614469787713,0.98112808964399 59.4754609791116,1.05568608242898 59.5137579802198,1.10355007807814 59.5401329809076,1.29049406295806 59.6358439834099,1.30513306188752 59.6410189835927,1.31056786309891 59.6419228973274),(1.32771085186209 59.6439554453652,1.34107905931033 59.6449279840292,1.5955360436102 59.6556969868537,1.64870904083766 59.6550939873888,1.66228704015842 59.6572879875238,1.68479403905895 59.6643069877466,1.6989300383789 59.6661299878837,1.87081803088919 59.665904989445,1.89383502998908 59.6628229896399,2.10935502261322 59.6163409913233,2.19792302008303 59.5959589919476,2.20531501988319 59.5934979919978,2.21071701973748 59.5905379920339,2.22194130229035 59.5783784395681))"
314610,278273,286701,17237817,"Oil TROLL B, MONGSTAD","TROLL B","MONGSTAD","Statoil Petroleum AS","IN SERVICE","Oil","Transportation",16.0,"LINESTRING(3.51916681451686 60.7747795785402,3.57111100267261 60.776080997971,3.60630300251891 60.7835829980484,3.63838900238537 60.7874309981167,3.69721900215635 60.7899859982364,3.74108600199827 60.7893109983212,3.76696900190997 60.7900969983698,3.83613100169091 60.7951359984941,3.94254700139735 60.8071889986703,4.22315800082674 60.8248169990544,4.36803900062212 60.8325779992133,4.47380800050242 60.8420669993149,4.48791900048812 60.8447919993276,4.54867800043065 60.8602169993803,4.56075800041994 60.8621779993904,4.5717310004104 60.8628499993993,4.58689400039749 60.8623469994115,4.60906100037922 60.8593639994288,4.62507200036653 60.8595579994412,4.66024200033983 60.8528689994673,4.67687800032788 60.8542169994794,4.69198600031738 60.8579219994903,4.70250600031024 60.8594169994977,4.71266900030345 60.8597639995048,4.72785800029353 60.8590749995152,4.74715800028137 60.8604859995281,4.79844200025104 60.854952999561,4.82849200023463 60.8505689995794,4.8847440002065 60.8514439996122,4.97202800016858 60.8441109996587,4.98422200016379 60.8413279996648,5.00132500015721 60.8331889996731,5.0135080001527 60.829441999679,5.02800000014742 60.8189939996857,5.0302281549014 60.8179244937297)"
425280,410651,272365,17237817,"Gas GUDRUN, SLEIPNER A","GUDRUN","SLEIPNER A","Statoil Petroleum AS","INSTALLATION","Gas","Transportation",14.0,"LINESTRING(1.75046115356245 58.8424157479186,1.75865803461937 58.8379099880858,1.76254903444413 58.8331019881208,1.76215203445617 58.8288099881153,1.75666203468594 58.8210189880598,1.75880303457751 58.8087389880751,1.7721910339393 58.7595909881824,1.81854203183223 58.6097339885572,1.84230803082444 58.5572449887556,1.87174202956299 58.4435819889805,1.88201002911128 58.3829859890511,1.88469502900629 58.3785139890735,1.88987902880926 58.3743209891182,1.89558502859572 58.3715739891679,1.89880129152425 58.3705226142695)"
326068,272393,287373,562,"Gas DRAUGEN, DRAUGEN T","DRAUGEN","DRAUGEN T","A/S Norske Shell","IN SERVICE","Gas","Transportation",16.0,"MULTILINESTRING((7.791002186207 64.3505758319287,7.80554599999998 64.3460769999998,7.81553699999998 64.3414539999998,7.82264799999998 64.3349079999998,7.82416999999998 64.3263779999998,7.81619799999998 64.3149949999998,7.79658999999998 64.3027419999998,7.77826999999998 64.2785949999998,7.77027599999998 64.2735289999998,7.75870799999998 64.2694849999997,7.74451699999997 64.2669299999998,7.73668944671 64.266233223212),(7.72225369598446 64.2649470219456,7.71283499999997 64.2641069999997,7.40462099999995 64.2286149999989,7.31730099999994 64.2168049999985,7.26944520905369 64.207099987334),(7.25085395138185 64.203323682331,7.08151100000001 64.1687699999967,7.06467800000002 64.1661449999965,7.00385000000006 64.1657559999958,6.99069000000008 64.1665119999956,6.4507990000024 64.2315519999817,6.4507642723252 64.2315582001382))"
319676,280541,280569,1944954,"Gas OSEBERG D, HEIMDAL HRP","OSEBERG D","HEIMDAL HRP","GASSCO AS","IN SERVICE","Gas","Transportation",36.0,"LINESTRING(2.82408154415033 60.4869180418355,2.82094100862375 60.4853709955809,2.81562400869025 60.4807169955576,2.80978500876254 60.471358995531,2.77607400919349 60.427409995377,2.76565600932839 60.4074669953272,2.76547000931818 60.3674849953183,2.74270300959167 60.2421679951913,2.7394760096249 60.2062069951693,2.73788200964527 60.2002069951609,2.71883000990713 60.1736869950681,2.69992101016883 60.1349489949721,2.68291001041384 60.1122969948869,2.61794501138596 59.9949299945437,2.60082801165905 59.9739569944524,2.41133901510941 59.7744179933637,2.3465250164797 59.7031359929524,2.22570301935286 59.6042589921403,2.22239901943575 59.5992429921163,2.21967301949985 59.5883939920945,2.22130501945393 59.5836829921041,2.2255168618753 59.579542929495)"
326884,277937,286645,2410696,"Oil EKOFISK J, 37/4-BP","EKOFISK J","37/4-BP","ConocoPhillips Skandinavia AS","IN SERVICE","Oil","Transportation",34.0,"LINESTRING(3.20190308048509 56.54913109798,3.18751900415819 56.5468919965021,3.16350800431993 56.5418939964153,3.14095800447624 56.534555996332,3.10140000476101 56.5155919961814,3.0453030051914 56.4856639959589,3.00470600552492 56.4676139957917,2.81438100735699 56.3912469949308,2.66547200914562 56.3330329941609,2.60291101000423 56.3070189938099,2.45555001231527 56.2477439929149,2.41443301303818 56.229813992647,2.37179401382881 56.2136579923608,2.24696701638956 56.1621079914698,2.12125301938481 56.1111419904888,2.0804310204555 56.0934609901511,2.03735302164438 56.0774079897847,1.93477202471908 56.0337059888666,1.72745603214017 55.9474579868077,1.61863387301344 55.902799363905)"
318010,271301,286365,1944954,"Gas STATFJORD B, STAT-SSTC","STATFJORD B","STAT-SSTC","GASSCO AS","IN SERVICE","Gas","Transportation",30.0,"LINESTRING(1.83151777961669 61.202456711125,1.84236974337796 61.1899443911949)"
307674,282613,286169,1944954,"Gas ÅSGARD ERB, KÅRSTØ","ÅSGARD ERB","KÅRSTØ","GASSCO AS","IN SERVICE","Gas","Transportation",42.0,"MULTILINESTRING((6.80088880250444 65.1022858032158,6.80129675784405 65.0889943256),(6.80157126236224 65.0800411147721,6.80182700000051 65.0716929999929,6.79687400000052 65.0468979999928,6.77088436464614 64.9710574057502),(6.76786234733566 64.9622112695738,6.75593400000064 64.9272379999919,6.71929500000076 64.830787999991,6.71452700000078 64.8230509999909,6.6842320000009 64.7893909999901,6.66722100000098 64.7644119999896,6.66345700000099 64.7555239999895,6.661567000001 64.7384189999894,6.65728600000102 64.7293619999893,6.63608700000112 64.7051159999887,6.62757200000117 64.6913069999885,6.58460700000141 64.6312869999871,6.54967900000164 64.5902559999859,6.54007400000171 64.5758129999856,6.53516100000174 64.5565869999854,6.53858800000171 64.5333629999855,6.53772100000172 64.5242769999854,6.51143200000191 64.4558179999844,6.48969000000208 64.4105449999835,6.48943700000208 64.4018099999835,6.49417500000203 64.3831099999837,6.49296200000204 64.3736189999836,6.47706800000218 64.3433459999829,6.4734980000022 64.3116229999827,6.46399000000228 64.2852629999824,6.45294000000239 64.2666239999818,6.44289839383512 64.2376829877434),(6.43982748038917 64.22882040004,6.38427400000308 64.0675279999784,6.37944200000314 64.0589369999782,6.35275500000349 64.0303959999768,6.29792500000428 63.9612579999736,6.29294600000435 63.9492839999733,6.29287900000435 63.9317019999733,6.28793300000443 63.921885999973,6.28096900000454 63.9149819999725,6.25146600000506 63.8931959999707,6.2442450000052 63.8862759999702,6.23222400000543 63.8704219999694,6.22578500000554 63.8500709999689,6.21719300000572 63.8390119999683,6.20277200000602 63.8290859999673,6.16973100000677 63.8138009999649,6.15714700000707 63.8037379999639,6.14048400000748 63.7825929999626,6.13242600000768 63.7565989999619,6.12623300000784 63.7464789999613,6.06511900000962 63.690059999956,6.03615200001058 63.6576839999532,5.99669494476135 63.6042377141258),(5.99043071274481 63.5957333629325,5.94602300001408 63.5352939999436,5.80990200002124 63.3545069999259,5.66483300003221 63.1819189999024,5.61194200003733 63.1322249998924,5.58828100003984 63.1151699998877,4.98514400017876 62.5754319996932,4.92521000020467 62.5262489996639,4.86781100023236 62.4637759996333,4.82385400025593 62.4327769996087,4.78205800028007 62.3864899995837,4.76346700029151 62.3720399995722,4.60368937965578 62.2233254572924),(4.59514862276211 62.2153302742533,4.41797900059251 62.048419999305,4.4137450005974 62.0416149993009,4.36799000065183 61.9387779992543,4.31015100072719 61.8207859991921,4.28510200076163 61.7529529991632,4.26625500078873 61.7099379991411,4.25227900080954 61.6834679991248,4.24379100082211 61.6579129991142,4.22710200084769 61.6186519990938,4.21344500086838 61.5642739990757,4.17487100093225 61.4943429990271,4.13628200099968 61.4098469989756,4.13456002383991 61.4058906587668),(4.13075782739095 61.3971514584866,4.08722900109133 61.2967639989065,4.08171900110194 61.2810589988984,4.08117900110269 61.2726859988972,4.08509400109283 61.2305069989002,4.11011000103142 60.9593159989195,4.11253500102619 60.9465899989221,4.24546200078553 60.6436809990729,4.26081180662499 60.6093110351608),(4.26470477956241 60.6005816354398,4.33509900065256 60.4418489991651,4.38085700059211 60.3226049992088,4.41407300055171 60.2503429992398,4.50734800045028 60.0280879993215,4.52007400043768 59.9937169993319,4.56835200039305 59.884223999371,4.57435800038758 59.8612399993755,4.60056200036533 59.8030319993959,4.62694900034394 59.7395629994158,4.63334500033905 59.7308499994207,4.64077000033351 59.7240909994264,4.7288320002738 59.6561239994909,4.75717400025672 59.6377939995104,4.80067300023221 59.6030389995391,4.80593500022937 59.5971719995424,4.8126170002257 59.5834429995465,4.81795100022287 59.5764659995498,4.83679200021322 59.5598029995615,4.84946700020688 59.5448489995692,4.88998700018778 59.5035589995931,4.91059400017871 59.4864849996049,4.92882100017094 59.4665149996151,4.93747300016738 59.4591329996198,4.9464120001638 59.4539299996247,4.95611700016 59.44971099963,4.9877310001482 59.4404719996469,5.00605500014169 59.4339599996563,5.03185000013291 59.4208339996692,5.04952700012712 59.4063149996777,5.06030700012366 59.3951489996828,5.06984500012071 59.3882899996873,5.11453500010759 59.3511849997076,5.12431800010491 59.3450129997119,5.13676400010159 59.3400379997174,5.15205100009767 59.336413999724,5.1747390000921 59.3334079997335,5.18639987943479 59.3334021061264))"
321036,277797,271945,1944954,"Gas SLEIPNER R, DRAUPNER S","SLEIPNER R","DRAUPNER S","GASSCO AS","IN SERVICE","Gas","Transportation",30.0,"LINESTRING(2.46078569661194 58.1918968468015,2.26995001734261 58.2417609920676,2.23201401826583 58.2522969918052,2.00395302480659 58.3279139900806,1.91901402773699 58.3635469893711,1.91618064150703 58.365222933621)"
324844,277265,377218,1944954,"Gas B-11, H-7 BP","B-11","H-7 BP","GASSCO AS","IN SERVICE","Gas","Transportation",36.0,"LINESTRING(4.55692537260462 55.4590032571894,4.65178300022873 55.3993689993653,4.8093080001532 55.3019469994902,5.03547500008119 55.1583329996334,5.04644400007856 55.1524329996394,5.11650000006323 55.1069779996757,5.12578100006138 55.1001669996803,5.1801190000514 55.0660919997061,5.19298300004924 55.0592919997119,5.29190300003469 54.9940999997537,5.34730800002806 54.9587499997748,5.36499700002615 54.9484579997813,5.38698600002388 54.932674999789,5.41537800002118 54.9164719997987,5.43710800001923 54.9006219998058,5.46484200001694 54.8840359998147,5.48533600001535 54.869441999821,5.53051400001218 54.8404969998343,5.53951100001159 54.8337109998368,5.5816000000091 54.8087689998483,5.60593600000777 54.7878939998546,5.63313300000641 54.7671719998614,5.67534700000452 54.7295249998715,5.72012200000281 54.6941419998814,5.78485000000077 54.6376499998947,5.86930799999887 54.5932889999102,5.88902499999853 54.5841969999135,6.00006899999707 54.5269109999304,6.02999571794813 54.5122235744812)"
309000,277321,286505,17237817,"Gas VESLEFRIKK A, STT-IN","VESLEFRIKK A","STT-IN","Statoil Petroleum AS","IN SERVICE","Gas","Transportation",10.75,"LINESTRING(2.89832043981899 60.5652825331024,2.89830300770913 60.5657279959115,2.88590000790775 60.7703439958999,2.88894400787362 60.7766689959131,2.89141726068059 60.7786197974272)"
315018,279421,286701,17237817,"Oil TROLL C, MONGSTAD","TROLL C","MONGSTAD","Statoil Petroleum AS","IN SERVICE","Oil","Transportation",20.0,"MULTILINESTRING((3.62278038978768 60.8782820189483,3.62881000243238 60.872573998104,3.65270800233449 60.8653789981529,3.673348002253 60.8620609981946,3.7028617922336 60.8604142545407),(3.71560105326931 60.8592648639358,3.75076400196977 60.8551559983445,3.77976000187221 60.854316998398,3.85042800165238 60.8562809985229,3.8667990016048 60.8561519985506,4.05112994647877 60.8490090484691),(4.06934493962888 60.848289259824,4.2316930008138 60.8417629990651,4.29862900071412 60.8398169991406,4.3248760006781 60.8399659991688,4.41235100056942 60.8441579992575,4.47020900050616 60.8429639993117,4.48645500048957 60.8434219993263,4.5022740004739 60.8453669993403,4.5139970004626 60.8476789993506,4.54994000042949 60.8587039993814,4.57008200041178 60.861140999398,4.5854160003987 60.8608509994102,4.60798700038005 60.857867999428,4.62410000036726 60.8582459994404,4.66091300033931 60.8515319994678,4.67773100032725 60.85283299948,4.6932320003165 60.8563839994911,4.70291900030993 60.857558999498,4.72729100029387 60.8574679995147,4.74166300028476 60.8585279995245,4.75153500027864 60.858401999531,4.80449200024764 60.8523829995647,4.82682800023549 60.8488269995783,4.8376640002298 60.8484379995848,4.88656100020561 60.8493649996132,4.97011200016931 60.8414569996577,4.98246500016444 60.8387489996639,5.00040900015754 60.8314059996727,5.01554600015194 60.82750299968,5.02800000014742 60.8189939996857,5.0302281549014 60.8179244937297))"
377106,271301,377070,1944954,"Gas STATFJORD B, FLAGS-T","STATFJORD B","FLAGS-T","GASSCO AS","IN SERVICE","Gas","Transportation",32.0,"MULTILINESTRING((1.82331406481977 61.2041776060259,1.82297203445512 61.2033269897453,1.83840303377682 61.192634989867,1.84096334872405 61.1895915127591),(1.84779822560356 61.1814635507208,1.85492703305561 61.1729809899921,1.85492903305234 61.1697389899905,1.84870003329834 61.1527749899316,1.82614603424138 61.1293949897348,1.81702303462006 61.1108089896498,1.79751903546146 61.0894389894754,1.78620503594669 61.0667149893679,1.76755803677771 61.0461269891974,1.76038803710494 61.0410879891327,1.75182303750175 61.0373269890563,1.70668900423119 61.0239470430007))"
371292,371216,364693,562,"Gas ORMEN LANGE B, NYHAMNA","ORMEN LANGE B","NYHAMNA","A/S Norske Shell","IN SERVICE","Gas","Feeder",30.0,"MULTILINESTRING((6.94377 62.8503369999945,6.96069999999998 62.8607189999948,6.96228699999998 62.8640319999948,6.96092499999998 62.8670569999948,6.95522099999999 62.8702119999947,6.92510400000002 62.8781889999942,6.89929300000005 62.8921959999938,6.87643100000008 62.8991339999933,6.85370000000012 62.9011249999929,6.83680800000014 62.9012989999926,6.79670800000022 62.9047019999917,6.78648800000024 62.9066769999915,6.77831800000026 62.9098829999913,6.77256500000028 62.9141469999912,6.76994900000029 62.9187949999911,6.77411300000028 62.9330439999912,6.77226100000029 62.9418249999912,6.7658300000003 62.948087999991,6.75376500000033 62.9529809999907,6.74439800000036 62.9547689999905,6.73476800000039 62.9553849999902,6.63955400000073 62.9535369999875,6.62574800000079 62.9547589999871,6.6032660000009 62.9580849999863,6.50451200000151 62.9666369999826,6.45339400000194 62.9737489999804,6.42265500000223 62.9797339999789,6.30082600000375 63.0069839999722,6.17732500000608 63.0486399999638,6.15973400000649 63.0554609999624,6.02751500001039 63.1172219999508,5.89905800001592 63.1966289999369,5.79284100002223 63.2674259999232,5.77766700002329 63.282644999921,5.76567800002415 63.2888089999193,5.74411100002577 63.3031939999161,5.73476700002652 63.3189249999147,5.70413600002904 63.3352769999099,5.69098300003021 63.3611199999078,5.66906300003221 63.3737519999042,5.64649100003439 63.3951189999004,5.63881200003516 63.400330999899,5.61827500003728 63.4086169998953,5.58840800004053 63.4146679998897,5.57548600004202 63.4184659998872,5.52581300004817 63.4240779998771,5.5165300000494 63.4262179998751,5.49892400005182 63.4320119998714,5.47316800005553 63.4355489998656,5.44170700006039 63.4443859998584,5.4354810000614 63.4471169998569,5.42596300006298 63.4541349998546,5.41941200006408 63.4574389998531,5.39078700006907 63.465328999846,5.38448100007022 63.4679809998444,5.37968400007111 63.4718799998432,5.37799200007144 63.4764589998428,5.37913300007125 63.4852849998432,5.38288251394415 63.4925911943418),(5.38730857543929 63.501210907685,5.38953300006943 63.5055409998461,5.38525600007025 63.5179539998451,5.38600605836073 63.5239802261599))"
313556,286365,286169,1944954,"Gas STAT-SSTC, KÅRSTØ","STAT-SSTC","KÅRSTØ","GASSCO AS","IN SERVICE","Gas","Transportation",30.0,"MULTILINESTRING((1.84950441352611 61.1817181092146,1.85618303300385 61.1740189900027,1.86955003243728 61.1642749901059,1.87756403210363 61.1603639901683,1.95351402909641 61.1304829907474,2.00997523240635 61.099593861504),(2.02220267585764 61.0928930422271,2.7807720092053 60.6691559954462,2.79077200906909 60.6617719954876,2.89313637657083 60.5649436651306),(2.90201513225966 60.5565128910125,2.92613600738622 60.5335829960146,3.15121400520899 60.4016919967928,3.16023900513529 60.3976309968214,3.17047500505304 60.3942779968538,3.19191100488501 60.389680996921,3.35629700375563 60.3772389974009,3.3727190036564 60.373977997445,3.38683100357253 60.3677969974821,3.4407140032665 60.3339249976186,3.51184200289596 60.2696329977877,3.54604200273231 60.2471059978662,3.56415800264885 60.2339109979068,3.57961700257925 60.2209499979408,3.61161100244144 60.2057419980106,3.66156400223844 60.1727469981151,3.68224400215901 60.1608689981572,3.71210600204834 60.1391079982162,3.75587800189549 60.1115809983003,3.79180600177737 60.0851219983666,3.82811900166532 60.0683249984321,3.83617800164126 60.0638109984463,3.8840250015041 60.0287939985279,3.91158900143004 60.0130999985736,4.10207800099934 59.8871279988577,4.12516100095572 59.8690609988886,4.18485800085083 59.8287829989657,4.21073100080854 59.8096889989976,4.23843600076546 59.7933749990311,4.29075800068942 59.7583969990917,4.3212420006483 59.7398109991255,4.34942800061211 59.7194969991558,4.4065750005442 59.6813939992147,4.41947200052983 59.6734249992275,4.47590600047095 59.6444389992818,4.48338600046354 59.6383469992887,4.53581400041414 59.5862389993353,4.54231400040837 59.5812499993409,4.55304200039907 59.5752579993502,4.6023280003588 59.5542779993916,4.61367800035001 59.5477169994007,4.63899400033091 59.5247219994206,4.67448100030575 59.4975359994476,4.68004400030191 59.4907029994518,4.69571100029119 59.463841999463,4.70192500028711 59.4574029994675,4.71185300028074 59.4504639994746,4.94033100016489 59.3435439996198,4.95158300016046 59.339027999626,4.96269700015621 59.3358969996321,4.97376900015208 59.333707999638,4.99685800014379 59.3310389996502,5.03259700013173 59.3274329996684,5.04569200012754 59.3269219996749,5.066981000121 59.3282669996853,5.11729400010672 59.3364779997087,5.12896100010361 59.3375889997139,5.1472060000989 59.3373809997219,5.17424400009222 59.3337439997333,5.18641111870859 59.3335424288823))"
321784,377218,286141,1944954,"Gas H-7 BP, EMDEN","H-7 BP","EMDEN","GASSCO AS","IN SERVICE","Gas","Transportation",36.0,"LINESTRING(6.0409815006881 54.50585806918,6.08631399999643 54.4749469999415,6.10415799999634 54.4645359999436,6.11930299999627 54.4534109999453,6.16832799999611 54.4208969999507,6.37000599999615 54.2889859999683,6.45702799999635 54.189313999974,6.4726829999964 54.174880999975,6.49661099999648 54.1578189999764,6.54315799999665 54.1187419999789,6.56236699999673 54.1046309999798,6.57222199999677 54.0955689999803,6.631080999997 54.049227999983,6.64016099999703 54.0406969999834,6.65181099999708 54.0324309999839,6.69528599999726 53.9972859999856,6.70059399999728 53.9900249999858,6.74004699999742 53.9216579999872,6.77086899999754 53.8667469999882,6.77446099999755 53.8584779999883,6.78254699999758 53.8477889999885,6.81242499999769 53.7941829999894,6.81650299999771 53.7889279999895,6.83170299999776 53.76240299999,6.85645599999785 53.7161889999906,6.88128099999794 53.6754499999913,6.90119999999802 53.6554029999917,6.96119999999826 53.645399999993,6.99119999999836 53.6253999999936,7.02447999999846 53.5335399999942,7.02447999999842 53.3539999999942,7.18928999999894 53.3461999999966)"
357605,280877,287597,17237817,"Condensate KVITEBJØRN, TOR II Y","KVITEBJØRN","TOR II Y","Statoil Petroleum AS","IN SERVICE","Condensate","Transportation",16.0,"LINESTRING(2.50858643717115 61.079032813222,2.52868901339169 61.0747409943552,2.54211701314051 61.0734709944232,2.57004101263261 61.0735509945632,2.59394301221004 61.0690609946796,2.61989301176656 61.0668979948043,2.65543701118363 61.0675319949721,2.70020801048443 61.0637249951762,2.73605700995182 61.057414995334,2.81735900883355 61.0485529956774,2.95577600718458 61.0347139962149,3.11758400560737 61.0159029967723,3.19450000497203 61.0080029970128,3.2344050046685 61.0051959971318,3.26149300447172 61.0019299972102,3.30464000417377 60.9989589973317,3.35639600383952 60.9941409974716,3.49752100304515 60.9787859978224,3.56305400272877 60.9731059979713,3.60994700252042 60.9670449980724,3.62367900246206 60.9644049981012,3.64732000236424 60.9583279981497,3.7871240018529 60.9214859984163,3.81236400177179 60.9141729984608,3.83953100168809 60.9076539985077,4.05222387441089 60.8511089018362)"
323042,286169,271945,1944954,"Gas KÅRSTØ, DRAUPNER S","KÅRSTØ","DRAUPNER S","GASSCO AS","IN SERVICE","Gas","Transportation",28.0,"LINESTRING(5.18640611174224 59.3334799168275,5.17363600009237 59.3335999997331,5.14578900009926 59.3372689997213,5.12619400010434 59.3368809997127,5.11392200010762 59.3351139997072,5.10250800011074 59.332224999702,5.09396100011312 59.328985999698,5.0858530001154 59.3246779996942,5.01274700013763 59.2640919996576,4.98494200014706 59.2449469996428,4.94555300016129 59.2121079996209,4.93864700016388 59.2040359996169,4.91090600017445 59.1567779996003,4.89958900017905 59.1464359995935,4.88306400018604 59.1379809995835,4.22676900074769 58.895910998984,4.12065300091696 58.8619359988404,4.10870300093791 58.8565889988232,4.07762500099416 58.8385829987771,4.06620800101564 58.8336829987599,3.93858300128593 58.7915559985542,3.87266100144853 58.764949998437,3.85893100148472 58.7612609984118,3.81440300160788 58.7524439983276,3.7865000016893 58.7436719982729,3.76145000176507 58.7311419982222,3.73504400184847 58.7213079981677,3.72556100187913 58.7163939981476,3.71921700189974 58.711399998134,3.69255300198808 58.6853669980757,3.62192800224186 58.6361169979151,3.60773100229642 58.6284079978816,3.37722200336876 58.5475279972771,3.0379920057452 58.4126249961317,2.58775301113847 58.2538689940291,2.57565801132995 58.2479809939615,2.47950601295414 58.1918609933996,2.47911126572718 58.1916830666062)"
326408,271945,287065,1944954,"Gas DRAUPNER S, NORPIPE Y","DRAUPNER S","NORPIPE Y","GASSCO AS","IN SERVICE","Gas","Transportation",36.0,"LINESTRING(2.47373433335451 58.1843420818099,2.47414701303619 58.1613549933615,2.47906901272893 57.7452249933096,2.48043601270016 57.7370909933163,2.81406100758127 57.0063799949989,2.81877500752549 56.9991269950204,2.82351900747057 56.9942379950423,2.99971100567326 56.842715995806,3.0711440050578 56.768582996086,3.07780800500261 56.7581409961111,3.16408600432782 56.5944579964215,3.17040000428256 56.5862549964437,3.17264700426675 56.5841829964516,3.2296910038928 56.5838359966524,3.23962900383031 56.5818979966863,3.24772600377967 56.5783959967135,3.25424600373877 56.5728759967352,3.32434466088982 56.4970478022679)"
321852,272421,287261,17237817,"Gas HEIDRUN, NORNE/HEIDRUN T","HEIDRUN","NORNE/HEIDRUN T","Statoil Petroleum AS","IN SERVICE","Gas","Transportation",16.0,"LINESTRING(7.30123435984658 65.3265856844358,7.28548599999998 65.3314669999984,7.27547099999999 65.3330459999984,7.26416599999999 65.3337099999983,7.25285899999999 65.3333589999982,7.243918 65.3321689999982,7.234232 65.3299559999981,7.226424 65.3270949999981,7.217829 65.321708999998,7.15867300000002 65.2641749999976,7.15307700000003 65.2609629999975,7.12165300000004 65.2475279999973,7.10174100000005 65.2355349999971,7.07485300000007 65.2166979999968,7.06434000000008 65.2052229999967,7.02764500000011 65.1722559999963,6.96448100000019 65.1347729999955,6.9531330000002 65.1257629999954,6.93786900000022 65.1163019999952,6.90968500000027 65.1039199999947,6.86390800000036 65.087157999994,6.8474820000004 65.0849909999937,6.8120817753292 65.0846230234878)"
329536,280709,280653,17237817,"Oil/gas GULLFAKS SØR H, GULLFAKS SØR I","GULLFAKS SØR H","GULLFAKS SØR I","Statoil Petroleum AS","IN SERVICE","Oil/gas","Transportation",8.0,"LINESTRING(2.04477025070232 61.0530664403272,2.0484890256587 61.0524749914167,2.05520802543432 61.052775991465,2.06513549123328 61.0542973637234)"
306314,286645,286673,2410696,"Oil 37/4-BP, 36/22-BP","37/4-BP","36/22-BP","ConocoPhillips Skandinavia AS","IN SERVICE","Oil","Transportation",34.0,"LINESTRING(1.60597065120621 55.8973966629435,1.58273903842896 55.8871139851968,1.37672804925863 55.8008169826355,1.29563105421047 55.7654829815348,1.02955607371278 55.6524919775305,0.969269078909348 55.6257609765342,0.524147128493268 55.4321969680667,0.243150172503516 55.3086939616201,0.221989176310561 55.300305961098,0.209205754493777 55.2941503648024)"
319132,282221,287261,1944954,"Gas NORNE ERB, NORNE/HEIDRUN T","NORNE ERB","NORNE/HEIDRUN T","GASSCO AS","IN SERVICE","Gas","Transportation",16.0,"LINESTRING(8.07858566977243 66.0293236409195,8.051758 66.0348429999999,8.037298 66.0360109999999,8.023205 66.0357969999999,8.008574 66.0341419999999,7.99498699999999 66.0310059999999,7.98361599999999 66.0265269999999,7.97517299999999 66.0208659999999,7.96996399999999 66.0124589999999,7.96608899999999 65.981636,7.96625599999999 65.9644319999999,7.94428599999999 65.9138259999999,7.93903999999999 65.9062419999999,7.89853299999999 65.8627239999999,7.88720499999999 65.8439179999999,7.88624799999999 65.8337099999999,7.88294799999999 65.8272019999999,7.86651999999999 65.8141559999999,7.83943399999999 65.8047259999998,7.83074999999999 65.7993929999998,7.79474299999999 65.7614359999998,7.75334099999998 65.7103039999998,7.74511699999998 65.7028879999998,7.73982899999998 65.6998439999998,7.71640799999998 65.6901469999997,7.69285399999998 65.6727749999997,7.66686999999998 65.6570659999997,7.61887599999998 65.6338809999996,7.55363599999997 65.5973659999995,7.46732199999997 65.5613249999992,7.38704799999998 65.5118029999989,7.28879699999999 65.4694059999985,7.26978199999999 65.4626539999984,7.26183699999999 65.4578779999983,7.244511 65.4279939999982,7.217187 65.373740999998,7.208752 65.326148999998,7.204465 65.3103789999979,7.15885000000002 65.2650909999976,7.15233400000002 65.2613219999975,7.12977800000004 65.2525249999973,7.11092900000005 65.2436069999972,7.07504900000007 65.2178119999968,7.06350600000008 65.2053529999967,7.02662800000011 65.1723939999963,6.98689300000016 65.1500779999958,6.96186800000019 65.1336979999955,6.9519960000002 65.1256559999954,6.93589700000023 65.1158289999951,6.87296300000034 65.0906599999942,6.86454000000036 65.0880739999941,6.8486300000004 65.0859149999938,6.8120391166135 65.0848310441916)"
365843,286253,286701,17237817,"Condensate STURE, MONGSTAD","STURE","MONGSTAD","Statoil Petroleum AS","IN SERVICE","Condensate","Transportation",12.75,"LINESTRING(5.0302281549014 60.8179244937297,5.02800000014742 60.8189939996857,5.01615200015172 60.8273279996802,5.00377500015628 60.8298869996743,4.96407200017172 60.8404579996546,4.94665600017889 60.8433909996456,4.88478100020645 60.8490069996122,4.82965100023398 60.84789299958,4.79273000025419 60.8494219995573,4.78209800026023 60.8454969995505,4.77204700026608 60.8440929995441,4.76618600026951 60.8402629995402,4.7576270002746 60.8364369995345,4.74131400028461 60.8332939995237,4.73152200029074 60.829978999517,4.72866800029254 60.828193999515,4.72812100029285 60.8256759995146,4.73164900029052 60.8206099995169,4.73135900029064 60.8158299995166,4.73514400028815 60.810790999519,4.73776500028638 60.8027569995206,4.76351800027014 60.7727849995371,4.76407500026966 60.7622489995372,4.75924600027246 60.7555999995339,4.73931900028455 60.7456319995205,4.72257500029513 60.740676999509,4.72015000029666 60.7384799995073,4.72021900029658 60.7358669995072,4.72288200029482 60.733699999509,4.7389440002845 60.7262649995198,4.75726400027313 60.7192309995319,4.78233400025819 60.7077669995479,4.80302200024638 60.6965259995608,4.80921000024292 60.6922529995646,4.82251600023559 60.6793709995725,4.84195900022519 60.6572189995838,4.84325800022446 60.6518779995845,4.84563800022321 60.6484529995859,4.84421300022386 60.643176999585,4.84733500022222 60.6380879995867,4.84506200022332 60.6343279995853,4.84911447715792 60.6254746667832)"
425234,410651,272365,17237817,"Oil GUDRUN, SLEIPNER A","GUDRUN","SLEIPNER A","Statoil Petroleum AS","INSTALLATION","Oil","Transportation",12.0,"MULTILINESTRING((1.75049139408058 58.842439735615,1.76002603456013 58.8382469880989,1.76443503436237 58.8331709881388,1.76315303440788 58.8248329881232,1.76456203433832 58.8178499881337,1.76025403451741 58.81128398809,1.75962803454061 58.8079539880827,1.77262503392107 58.7598989881866,1.81906303181115 58.609744988562,1.84272503080843 58.5575959887595,1.87223202954508 58.4441879889851,1.87567802940966 58.4394079890144,1.91632568073423 58.4016593183876),(1.92400703997981 58.394514790553,1.94419502686036 58.3757209895931,1.94597402679586 58.3730439896074,1.9459430267937 58.3697849896061,1.9430260268916 58.3662149895799,1.9388060270368 58.3640479895428,1.93343502722408 58.3627639894961,1.92362002757189 58.3629599894111,1.91606609960035 58.3651521278893))"
328244,283285,286253,17237817,"Oil GRANE, STURE","GRANE","STURE","Statoil Petroleum AS","IN SERVICE","Oil","Transportation",28.0,"LINESTRING(2.49295205387074 59.1708111980672,2.50338101301004 59.1812519937501,2.55011501219169 59.2087359940154,2.55991901202624 59.21523299407,2.57172101183059 59.2250399941357,2.69734500990748 59.3063619947936,2.81237100839549 59.3823319953418,2.85368100790498 59.4108049955269,3.11748300532618 59.5857009965702,3.18068700483031 59.6173709967864,3.20394500465823 59.628135996863,3.2250800045071 59.6408079969316,3.23740500442129 59.6499209969712,3.27377500417535 59.6703639970849,3.29454900403995 59.679355997148,3.32917900382234 59.6909069972502,3.3758850035461 59.7121929973839,3.38188700351221 59.7170679974009,3.39486200344071 59.7332459974379,3.40128900340537 59.7383579974557,3.41620400332437 59.7484469974967,3.44349300318014 59.7636379975698,3.4765930030135 59.7890659976567,3.52272300279318 59.8159519977728,3.58599700251477 59.8588519979248,3.60408400244001 59.8728679979667,3.62013600237514 59.8834499980032,3.63969700229797 59.8945689980469,3.6957290020901 59.9384609981682,3.735353001953 59.96575899825,3.76460200185684 59.9844439983083,3.81037100171458 60.0114399983961,3.89533400147641 60.0711209985496,3.94052000136188 60.099978998626,3.97548900127886 60.125220998683,4.03208200115368 60.1609039987707,4.06111800109394 60.1828959988139,4.09179100103367 60.2033539988581,4.1286030009653 60.2297709989094,4.29965200069672 60.3398699991228,4.35329700062741 60.3773839991821,4.56591400040828 60.5099599993851,4.63180000035576 60.5528559994387,4.64610800034512 60.5595469994498,4.66511600033137 60.5651169994641,4.68140300031993 60.5677149994761,4.71301600029866 60.5696749994986,4.72817600028895 60.5732079995092,4.73794700028287 60.5771139995159,4.75235000027414 60.5857509995258,4.84374246686827 60.6184779381767)"
306280,286673,286113,2410696,"Oil 36/22-BP, TEESSIDE","36/22-BP","TEESSIDE","ConocoPhillips Skandinavia AS","IN SERVICE","Oil","Transportation",34.0,"LINESTRING(0.197505243162584 55.2881598620225,0.142617191231813 55.2646719590895,0.103128199056841 55.245941958061,0.0827252032221428 55.2377219575231,0.00348122010650986 55.2015499553819,-0.0991077561443603 55.1593809524957,-0.138691746404317 55.141599951345,-0.194846732033745 55.1126749496749,-0.233849721620098 55.0936079484913,-0.274555710335712 55.076657947237,-0.313807699091308 55.0586469460054,-0.332496693617145 55.0488779454107,-0.352863687522134 55.0405389447593,-0.49116064328827 54.978066940183,-0.647471586699786 54.9053999346941,-0.921671467894656 54.7793059242483,-0.96008044905161 54.7607889227005,-1.01867441913442 54.733763920301,-1.0613883963121 54.718757918527,-1.11557436668466 54.6808609162189,-1.1339573560396 54.6800109154404,-1.28889969443253 54.6280708973411)"
325524,277405,287037,17237817,"Gas BRAGE, BRAGE-T","BRAGE","BRAGE-T","Statoil Petroleum AS","IN SERVICE","Gas","Transportation",8.625,"LINESTRING(3.0378713609404 60.5433290874573,3.00987700651007 60.5438189963297,2.90680115298153 60.5593219366385)"
322498,280569,283285,17237817,"Condensate HEIMDAL HRP, GRANE","HEIMDAL HRP","GRANE","Statoil Petroleum AS","IN SERVICE","Condensate","Transportation",18.0,"MULTILINESTRING((2.48731045665623 59.1718748121394,2.48681901333212 59.2136989936635,2.5038130130409 59.262530993771,2.50386201304315 59.2691379937728,2.50152901308862 59.2745969937609,2.48814601334356 59.2882609936883,2.36882114320683 59.398989735674),(2.36169756064546 59.4055728900048,2.31384601708116 59.4497149926763,2.24735301876701 59.5596199922725,2.23516502016352 59.5710799941923))"
323110,286729,278357,1944954,"Gas KOLLSNES, DRAUPNER E","KOLLSNES","DRAUPNER E","GASSCO AS","IN SERVICE","Gas","Transportation",40.0,"LINESTRING(4.83864634249928 60.5453532418554,4.79760000024707 60.5272479995541,4.69258400031095 60.4890669994824,4.67613300032212 60.4803999994703,4.66428300033029 60.4686359994612,4.6539340003374 60.4488329994531,4.64463300034403 60.4379499994458,4.46823400049479 60.287333999293,4.42996600053418 60.2513499992555,4.38276700058671 60.2130169992071,4.35613300061819 60.1869999991786,4.34633400063007 60.1751169991678,4.34103300063647 60.1653179991618,4.32541700065527 60.1234969991434,4.31851700066398 60.1130979991354,4.30990000067513 60.1037639991256,4.25376700075226 60.0540809990594,4.10590000099302 59.9063339988639,4.0508170010992 59.8614309987834,4.00960000118464 59.8197169987197,3.95700000130194 59.7629169986342,3.84480000158756 59.6511189984363,3.81350000167687 59.6249999983774,3.78161700177167 59.5893139983148,3.73476700192086 59.5526009982204,3.65810000218768 59.4785839980553,3.61476700235126 59.4242169979556,3.56740000254381 59.3785819978428,3.53873300266641 59.3458669977717,3.47516700295936 59.2919849976086,3.44446700311021 59.2617989975259,3.41725000324993 59.2375979974509,3.38058400344475 59.1900519973455,3.23820000430955 59.0447649969054,3.21610000446033 59.0257149968324,3.16430000483043 58.9723849966545,3.15098300492979 58.9584009966075,3.13436700505565 58.9378169965476,3.04866700575498 58.849063996227,3.02775000593859 58.8293299961454,2.82566700799056 58.6176149952756,2.67125000995656 58.4538499945067,2.6498170102598 58.4289019943919,2.4639500132599 58.2292669933143,2.45783301336879 58.2193179932754,2.45723301337501 58.2098659932699,2.46145001329119 58.2003669932933,2.46853649569712 58.1930459005083)"
