wlbName,wlbOilSampleTestType,wlbOilSampleTestNumber,wlbOilSampleTopDepth,wlbOilSampleBottomDepth,wlbOilSampleFluidType,wlbOilSampleTestDate,wlbOilSampledateReceivedDate,wlbNpdidWellbore,wlbOilSampleDateUpdated,dateSyncNPD
1/2-1,DST,DST1,3122.30,3137.00,NULL,1989-05-27,1991-09-09,1382,9999-12-31,2013-05-08
1/3-10,DST,NULL,0.00,0.00,NULL,9999-12-31,2011-08-06,5614,9999-12-31,2013-05-08
1/3-11,DST,NULL,0.00,0.00,NULL,9999-12-31,9999-12-31,5806,9999-12-31,2013-05-08
1/3-3,DST,DST3A,4202.00,4208.00,WATER,1983-03-06,1991-10-28,87,9999-12-31,2013-05-08
1/3-3,DST,"DST0,1    ",0.00,0.00,NULL,1983-02-20,1991-10-28,87,9999-12-31,2013-05-08
1/3-3,DST,TEST1,4529.00,4552.00,NULL,1983-08-02,1995-08-09,87,9999-12-31,2013-05-08
1/3-3,DST,"DST0,2    ",4240.00,4233.00,NULL,1983-02-25,1991-10-28,87,9999-12-31,2013-05-08
1/3-3,DST,DST2,4233.00,4240.00,NULL,1983-02-27,1991-10-28,87,9999-12-31,2013-05-08
1/3-3,DST,"DST0,3    ",0.00,0.00,WATER,1983-03-06,1991-10-28,87,9999-12-31,2013-05-08
1/3-3,DST,TEST3C,0.00,0.00,WATER,1983-03-06,1995-08-09,87,9999-12-31,2013-05-08
1/3-3,DST,3B,0.00,0.00,NULL,1983-03-13,9999-12-31,87,9999-12-31,2013-05-08
1/3-3,DST,NULL,4211.00,4214.00,NULL,9999-12-31,9999-12-31,87,9999-12-31,2013-05-08
1/3-3,DST,NULL,0.00,0.00,NULL,9999-12-31,1995-08-09,87,9999-12-31,2013-05-08
1/6-1,DST,DST4,3153.00,3159.00,NULL,1972-11-20,1991-02-06,239,9999-12-31,2013-05-08
1/6-3,DST,TEST1,3228.00,3266.00,NULL,1974-07-20,1991-03-06,241,9999-12-31,2013-05-08
1/6-3,DST,"TEST1,1   ",0.00,0.00,NULL,1974-07-23,1991-03-06,241,9999-12-31,2013-05-08
1/9-1,DST,DST 1,3298.00,3302.00,NULL,1976-12-23,1980-01-01,243,9999-12-31,2013-05-08
1/9-1,DST,TEST1A,0.00,0.00,NULL,1976-12-25,1991-10-01,243,9999-12-31,2013-05-08
1/9-1,DST,TEST1B,3312.00,3306.00,NULL,1976-12-25,1980-01-01,243,9999-12-31,2013-05-08
1/9-1,DST,TEST4,3148.00,3157.00,NULL,1977-01-11,1980-01-01,243,9999-12-31,2013-05-08
1/9-1,DST,TEST5,3120.00,3133.00,NULL,1977-01-17,1980-01-01,243,9999-12-31,2013-05-08
1/9-1,DST,DST6,3105.00,3109.00,NULL,1977-01-26,1980-01-01,243,9999-12-31,2013-05-08
1/9-1,DST,DST 8,3055.00,3068.00,NULL,1977-01-31,1980-01-01,243,9999-12-31,2013-05-08
1/9-2,DST,DST 1,3197.00,3209.00,NULL,1977-07-27,1980-01-01,244,9999-12-31,2013-05-08
1/9-2,DST,TEST2,3130.00,3154.00,NULL,1977-08-02,1991-10-01,244,9999-12-31,2013-05-08
1/9-3,DST,TEST3,3126.00,3125.00,NULL,1978-09-14,1980-01-01,245,9999-12-31,2013-05-08
1/9-3,DST,TEST4,3094.00,3112.00,NULL,1978-09-19,1980-01-01,245,9999-12-31,2013-05-08
1/9-4,DST,TEST1,3292.00,3296.00,NULL,1977-12-01,1991-10-01,247,9999-12-31,2013-05-08
1/9-4,DST,TEST2,3235.00,3255.00,NULL,1977-12-15,1980-01-01,247,9999-12-31,2013-05-08
1/9-4,DST,TEST3,3176.00,3198.00,NULL,1977-12-24,1980-01-01,247,9999-12-31,2013-05-08
1/9-4,DST,TEST4,3137.00,3127.00,NULL,1977-12-29,1980-01-01,247,9999-12-31,2013-05-08
1/9-6 S,DST,TEST2A,3636.00,3655.00,NULL,1982-09-17,1991-10-01,44,2012-10-12,2013-05-08
1/9-6 S,DST,TEST2B,3655.00,3636.00,NULL,1982-09-17,1991-10-01,44,2012-10-12,2013-05-08
1/9-6 S,DST,TEST3,3523.00,3587.00,NULL,1982-10-03,1991-10-01,44,2012-10-12,2013-05-08
1/9-6 S,DST,TEST4,3417.00,3459.00,NULL,1982-11-25,1991-10-01,44,2012-10-12,2013-05-08
1/9-A-4 H,DST,NULL,3135.40,3307.00,NULL,1988-06-28,1991-10-01,1035,9999-12-31,2013-05-08
1/9-A-6 H,DST,TEST1,3361.00,3410.00,NULL,1988-05-09,1991-10-01,1244,9999-12-31,2013-05-08
15/12-18 S,DST,NULL,0.00,0.00,OIL,9999-12-31,9999-12-31,5607,9999-12-31,2013-05-08
15/12-18 S,MDT,NULL,0.00,2683.60,OIL,9999-12-31,2011-08-06,5607,9999-12-31,2013-05-08
15/12-19,DST,NULL,0.00,0.00,OIL,9999-12-31,2011-06-17,5705,9999-12-31,2013-05-08
15/12-19,DST,NULL,0.00,0.00,WATER,9999-12-31,2011-06-17,5705,9999-12-31,2013-05-08
15/12-5,DST,FMT2,2935.00,2935.00,NULL,1986-04-20,1991-10-01,113,9999-12-31,2013-05-08
15/12-6 S,DST,TEST1,2922.00,2930.00,NULL,1990-10-13,1991-10-01,1524,9999-12-31,2013-05-08
15/12-6 S,DST,TEST2,2875.00,2895.00,NULL,1990-10-24,1991-10-01,1524,9999-12-31,2013-05-08
15/12-8,DST,TEST1,2838.00,2869.00,NULL,1991-07-09,1991-10-01,1778,9999-12-31,2013-05-08
15/12-9 S,DST,DST2,0.00,3385.00,NULL,1992-09-28,1992-10-12,1978,9999-12-31,2013-05-08
15/3-2,DST,NULL,0.00,0.00,NULL,9999-12-31,1991-10-28,310,9999-12-31,2013-05-08
15/3-2,DST,NULL,0.00,0.00,NULL,9999-12-31,1995-08-09,310,9999-12-31,2013-05-08
15/3-2,DST,NULL,0.00,0.00,NULL,9999-12-31,1995-08-09,310,9999-12-31,2013-05-08
15/3-3,DST,NULL,4615.00,4632.00,OIL,9999-12-31,1991-10-28,313,9999-12-31,2013-05-08
15/3-3,DST,NULL,4967.00,4990.00,NULL,9999-12-31,1995-08-09,313,9999-12-31,2013-05-08
15/3-5,DST,NULL,0.00,0.00,NULL,9999-12-31,1991-10-28,52,9999-12-31,2013-05-08
15/3-8,DST,NULL,4141.00,4183.00,OIL,2006-03-04,2006-03-20,5175,9999-12-31,2013-05-08
15/3-8,DST,NULL,0.00,4128.00,OIL,9999-12-31,2010-12-09,5175,9999-12-31,2013-05-08
15/3-8,DST,NULL,0.00,4510.00,OIL,9999-12-31,9999-12-31,5175,9999-12-31,2013-05-08
15/3-8,FMT,NULL,0.00,4508.70,CONDENSATE,9999-12-31,9999-12-31,5175,9999-12-31,2013-05-08
15/5-5,DST,TEST1,2183.50,2154.00,NULL,1995-09-25,1995-10-03,2635,9999-12-31,2013-05-08
15/5-7,DST,NULL,0.00,0.00,OIL,9999-12-31,2011-03-10,5842,9999-12-31,2013-05-08
15/6-11 A,DST,NULL,4158.00,4139.58,OIL,2011-02-25,2011-02-25,6526,9999-12-31,2013-05-08
15/6-12,DST,1A-1B,0.00,0.00,OIL,2011-01-29,2011-03-21,6518,9999-12-31,2013-05-08
15/6-12,MDT,NULL,0.00,3806.00,OIL,9999-12-31,9999-12-31,6518,9999-12-31,2013-05-08
15/6-2,DST,DST7,3582.60,0.00,NULL,1974-07-28,1991-06-21,317,9999-12-31,2013-05-08
15/6-3,DST,TEST2,3490.80,3496.80,NULL,1974-12-15,1991-06-21,318,9999-12-31,2013-05-08
15/8-1,DST,TEST2,3911.00,3926.00,NULL,1981-12-17,1991-10-01,321,9999-12-31,2013-05-08
15/8-1,DST,TEST3,3688.00,3697.00,NULL,1981-12-24,1991-10-01,321,9999-12-31,2013-05-08
15/8-1,DST,TEST4,3643.00,3653.00,NULL,1981-12-29,1991-10-01,321,9999-12-31,2013-05-08
15/9-1,DST,TEST1,0.00,0.00,NULL,1977-05-17,1991-10-01,322,9999-12-31,2013-05-08
15/9-1,DST,TEST2,0.00,0.00,NULL,1977-05-23,1991-10-01,322,9999-12-31,2013-05-08
15/9-10,DST,NULL,0.00,0.00,NULL,1993-09-27,9999-12-31,69,9999-12-31,2013-05-08
15/9-11,DST,TEST1,2797.00,2807.00,NULL,1981-12-01,1991-10-01,329,9999-12-31,2013-05-08
15/9-11,DST,TEST2,2410.00,2432.00,NULL,1980-12-08,1991-10-01,329,9999-12-31,2013-05-08
15/9-11,DST,TEST3,2395.00,2415.00,NULL,1981-12-15,1991-10-01,329,9999-12-31,2013-05-08
15/9-12,DST,TEST1B,3585.00,3595.00,NULL,1982-04-14,1991-10-01,330,9999-12-31,2013-05-08
15/9-12,DST,TEST2,3512.00,3522.00,NULL,1982-04-20,1991-10-01,330,9999-12-31,2013-05-08
15/9-13,DST,TEST1,2765.00,2769.00,NULL,1982-05-16,1991-10-01,45,9999-12-31,2013-05-08
15/9-13,DST,TEST2,2422.00,2427.00,NULL,1982-05-20,1991-10-01,45,9999-12-31,2013-05-08
15/9-15,DST,TEST1,2880.00,2890.00,NULL,1982-07-20,1991-10-01,74,9999-12-31,2013-05-08
15/9-15,DST,TEST2,2830.00,2850.00,NULL,1982-07-25,1991-10-01,74,9999-12-31,2013-05-08
15/9-17,DST,TEST1,2803.00,2813.00,NULL,1983-08-13,1991-10-01,60,9999-12-31,2013-05-08
15/9-17,DST,TEST2,2776.00,2741.00,NULL,1983-03-18,1991-10-01,60,9999-12-31,2013-05-08
15/9-17,DST,TEST3,2385.00,2405.00,NULL,1983-03-24,1991-10-01,60,9999-12-31,2013-05-08
15/9-19 A,DST,TEST1A,3885.00,3889.00,NULL,1997-10-27,1997-11-10,3145,9999-12-31,2013-05-08
15/9-19 A,DST,TEST2B,3865.00,3826.00,NULL,1997-10-30,1997-11-07,3145,9999-12-31,2013-05-08
15/9-19 SR,DST,TEST1,4338.00,4316.00,NULL,1993-04-19,1993-05-10,2105,9999-12-31,2013-05-08
15/9-5,DST,TEST2,3588.00,3593.00,NULL,1980-03-21,1991-10-01,326,9999-12-31,2013-05-08
15/9-7,DST,TEST3,3555.00,3565.00,NULL,1981-04-19,1991-10-01,218,9999-12-31,2013-05-08
15/9-8,DST,TEST1,3450.00,3460.00,NULL,1981-05-15,1991-10-01,327,9999-12-31,2013-05-08
15/9-9,DST,TEST2,2386.00,2392.00,NULL,1981-07-02,1991-10-01,328,9999-12-31,2013-05-08
15/9-9,DST,TEST3,2323.00,2333.00,NULL,1981-07-06,1991-10-01,328,9999-12-31,2013-05-08
15/9-A-10,DST,NULL,2366.30,2297.30,CONDENSATE,1993-09-27,1993-10-01,2174,9999-12-31,2013-05-08
15/9-B-13,DST,NULL,0.00,0.00,NULL,9999-12-31,1997-01-27,2816,9999-12-31,2013-05-08
15/9-B-24,DST,NULL,0.00,0.00,NULL,1997-05-03,1997-05-29,3006,9999-12-31,2013-05-08
15/9-B-4,DST,NULL,0.00,0.00,NULL,9999-12-31,9999-12-31,3170,9999-12-31,2013-05-08
15/9-C-2 AH,DST,NULL,0.00,0.00,NULL,1998-06-25,1998-07-07,3185,9999-12-31,2013-05-08
15/9-C-2 H,DST,NULL,0.00,0.00,NULL,9999-12-31,1993-07-14,2024,9999-12-31,2013-05-08
15/9-D-1 H,DST,NULL,0.00,0.00,NULL,1993-06-03,1993-07-16,2082,9999-12-31,2013-05-08
15/9-D-3 H,DST,NULL,0.00,0.00,NULL,1993-05-16,1993-06-09,2083,9999-12-31,2013-05-08
16/1-10,DST,NULL,0.00,0.00,NULL,9999-12-31,2011-08-06,5879,9999-12-31,2013-05-08
16/1-11,DST,NULL,2445.00,2415.00,OIL,2010-04-16,9999-12-31,6157,9999-12-31,2013-05-08
16/1-13,DST,NULL,0.00,1924.50,NULL,9999-12-31,2011-08-06,6232,9999-12-31,2013-05-08
16/1-13,DST,NULL,0.00,1965.00,NULL,9999-12-31,2011-08-06,6232,9999-12-31,2013-05-08
16/1-15,DST,NULL,0.00,0.00,NULL,9999-12-31,2011-08-06,6517,9999-12-31,2013-05-08
16/1-15,MDT,NULL,0.00,2067.80,OIL,2011-05-07,2012-01-30,6517,9999-12-31,2013-05-08
16/2-3,DST,NULL,0.00,1720.50,OIL,9999-12-31,2011-03-10,5551,9999-12-31,2013-05-08
16/2-4,MDT,NULL,0.00,1858.00,OIL,9999-12-31,9999-12-31,5625,9999-12-31,2013-05-08
16/2-6,DST,NULL,0.00,0.00,NULL,2010-09-11,9999-12-31,6374,2012-10-16,2013-05-08
16/4-4,DST,NULL,0.00,0.00,CONDENSATE,9999-12-31,2011-03-10,5441,9999-12-31,2013-05-08
16/7-4,DST,DST 1,2590.00,2597.00,CONDENSATE,1982-11-28,1991-06-21,91,9999-12-31,2013-05-08
16/7-4,DST,"DST 1,1   ",2565.00,2572.00,NULL,1982-11-28,1980-01-01,91,9999-12-31,2013-05-08
16/7-4,DST,DST2,2525.00,2535.00,CONDENSATE,1982-11-30,1991-06-21,91,9999-12-31,2013-05-08
16/7-4,DST,"DST 2,1   ",2500.00,2535.00,CONDENSATE,1982-11-30,1980-01-01,91,9999-12-31,2013-05-08
16/7-7 S,DST,DST1,2852.00,2785.00,OIL,1997-12-09,1997-12-16,3244,9999-12-31,2013-05-08
16/7-7 S,DST,NULL,0.00,0.00,NULL,1997-12-13,9999-12-31,3244,9999-12-31,2013-05-08
17/12-4,DST,NULL,0.00,0.00,NULL,9999-12-31,9999-12-31,6137,9999-12-31,2013-05-08
17/12-4 A,DST,NULL,0.00,0.00,OIL,9999-12-31,2011-06-17,6178,9999-12-31,2013-05-08
18/10-1,DST,NULL,2389.50,2402.00,NULL,9999-12-31,1991-10-28,342,9999-12-31,2013-05-08
2/11-A-1,DST,NULL,0.00,0.00,NULL,9999-12-31,9999-12-31,1615,9999-12-31,2013-05-08
2/12-1,DST,DST1,4630.00,4647.00,NULL,1986-12-22,1991-02-28,1014,9999-12-31,2013-05-08
2/12-1,DST,DST2,4600.00,4612.00,NULL,1986-12-18,1991-02-28,1014,9999-12-31,2013-05-08
2/1-9,DST,NULL,0.00,0.00,NULL,9999-12-31,1991-07-22,1667,9999-12-31,2013-05-08
2/1-9,DST,DST1,4108.00,4078.00,NULL,1991-06-14,9999-12-31,1667,9999-12-31,2013-05-08
2/2-1,DST,DST1,3715.00,3730.00,NULL,9999-12-31,1991-02-20,46,9999-12-31,2013-05-08
2/2-5,DST,TEST-1,0.00,0.00,NULL,1992-02-12,1992-03-24,1846,9999-12-31,2013-05-08
2/4-17,DST,NULL,4340.90,4387.50,NULL,1992-01-19,1992-02-10,1792,9999-12-31,2013-05-08
2/4-A-14,PROD,NULL,3679.00,3482.00,OIL,1984-07-08,2000-10-02,592,9999-12-31,2013-05-08
2/4-A-3,DST,NULL,0.00,0.00,NULL,1996-03-11,1996-04-15,559,9999-12-31,2013-05-08
2/4-A-5,DST,NULL,0.00,0.00,NULL,1996-03-11,1996-04-15,576,9999-12-31,2013-05-08
2/4-A-7,DST,NULL,0.00,0.00,NULL,1996-03-10,1996-04-15,579,9999-12-31,2013-05-08
2/4-A-9,DST,NULL,0.00,0.00,NULL,1996-03-12,1996-04-15,583,9999-12-31,2013-05-08
2/4-B-10,PROD,NULL,4173.00,4123.00,OIL,1988-07-17,2000-10-02,615,9999-12-31,2013-05-08
2/4-B-12,DST,NULL,0.00,0.00,NULL,1996-02-22,1996-04-15,616,9999-12-31,2013-05-08
2/4-B-13,DST,NULL,2956.00,0.00,NULL,1996-02-21,1996-04-15,1848,9999-12-31,2013-05-08
2/4-B-16,DST,NULL,0.00,0.00,NULL,1996-02-23,1996-04-15,620,9999-12-31,2013-05-08
2/4-B-18,DST,NULL,3278.00,0.00,NULL,1996-03-13,1996-04-15,624,9999-12-31,2013-05-08
2/4-B-19,DST,NULL,3091.00,0.00,NULL,1996-03-13,1996-04-15,625,9999-12-31,2013-05-08
2/4-B-21,DST,NULL,3381.00,0.00,NULL,1996-03-08,1996-04-15,629,9999-12-31,2013-05-08
2/4-B-23,DST,NULL,3401.00,0.00,NULL,1996-03-13,1996-04-15,633,9999-12-31,2013-05-08
2/4-B-7,DST,NULL,3685.00,0.00,NULL,1996-03-04,1996-04-15,606,9999-12-31,2013-05-08
2/4-B-8,DST,NULL,2935.00,0.00,NULL,1996-03-09,1996-04-15,608,9999-12-31,2013-05-08
2/4-B-9,PROD,NULL,4447.00,4233.00,OIL,1984-01-04,2000-10-02,611,9999-12-31,2013-05-08
2/4-C-14,DST,NULL,0.00,0.00,NULL,1996-02-28,1996-04-15,663,9999-12-31,2013-05-08
2/4-C-17,DST,NULL,0.00,0.00,NULL,1996-03-09,1996-04-15,1572,9999-12-31,2013-05-08
2/4-C-8,DST,NULL,0.00,0.00,NULL,1996-03-02,1996-04-15,652,9999-12-31,2013-05-08
2/4-E-13,DST,NULL,0.00,0.00,NULL,1996-04-08,1995-04-17,737,9999-12-31,2013-05-08
2/4-E-6,DST,NULL,0.00,0.00,NULL,1996-04-06,1996-04-17,1786,9999-12-31,2013-05-08
2/4-X-47,PROD,NULL,4581.00,4002.00,OIL,1997-08-12,2000-10-02,3157,9999-12-31,2013-05-08
2/5-11,DST,DST1,3381.00,3363.00,NULL,1997-10-28,1997-12-23,3084,9999-12-31,2013-05-08
2/5-11,DST,DST2,0.00,0.00,NULL,1997-11-03,1997-12-23,3084,9999-12-31,2013-05-08
2/5-7,DST,PT-2,3263.00,3287.00,NULL,9999-12-31,1991-03-06,25,9999-12-31,2013-05-08
2/6-5,DST,DST1,0.00,0.00,NULL,1997-01-04,2000-04-11,2885,9999-12-31,2013-05-08
2/7-19,DST,NULL,0.00,0.00,NULL,2000-10-30,2000-10-02,1367,9999-12-31,2013-05-08
2/7-19 R,DST,DST1,4711.60,4838.40,NULL,1990-02-16,1991-09-09,1512,9999-12-31,2013-05-08
2/7-20,DST,DST 1,4099.50,4258.00,NULL,1988-06-07,1991-09-09,1062,2012-10-16,2013-05-08
2/7-21 S,DST,DST1,4578.40,4613.40,NULL,1989-11-28,1992-08-07,1394,9999-12-31,2013-05-08
2/7-21 S,DST,NULL,4446.40,4518.60,NULL,1989-12-10,1991-09-09,1394,9999-12-31,2013-05-08
2/7-21 S,DST,DST3,4308.30,4337.60,NULL,1989-12-30,1991-09-09,1394,9999-12-31,2013-05-08
2/7-22,DST,DST1,4489.00,4496.00,NULL,1990-09-30,1996-04-15,1495,9999-12-31,2013-05-08
2/7-26 S,DST,DST 1,4605.50,4696.90,NULL,1991-08-24,1991-09-26,1756,9999-12-31,2013-05-08
2/7-26 S,DST,DST 2,4309.80,4538.40,NULL,1991-09-03,1991-09-26,1756,9999-12-31,2013-05-08
2/7-27 S,DST,DST1,4484.80,4742.10,NULL,1992-06-01,1992-08-07,1878,2012-12-05,2013-05-08
2/7-31,DST,DST1,0.00,0.00,NULL,1999-05-23,2000-02-14,3573,9999-12-31,2013-05-08
2/7-A-10,DST,NULL,0.00,0.00,NULL,1996-04-04,1996-04-17,787,9999-12-31,2013-05-08
2/7-A-14,DST,NULL,0.00,0.00,NULL,1996-03-20,1996-04-17,790,9999-12-31,2013-05-08
2/7-B-13,DST,NULL,0.00,0.00,NULL,1996-03-03,1996-04-15,816,9999-12-31,2013-05-08
2/7-B-15,DST,NULL,0.00,0.00,NULL,1996-03-10,1996-04-15,1426,9999-12-31,2013-05-08
2/7-D-20,DST,NULL,4090.00,4283.00,NULL,1996-02-23,1996-04-15,2121,9999-12-31,2013-05-08
2/7-D-21,DST,NULL,4337.00,4548.00,NULL,9999-12-31,1996-04-15,2111,9999-12-31,2013-05-08
2/7-D-26,DST,NULL,4331.00,4560.00,NULL,9999-12-31,1996-04-15,2120,9999-12-31,2013-05-08
2/7-D-27,DST,NULL,4505.00,4762.00,NULL,9999-12-31,1996-04-15,2096,9999-12-31,2013-05-08
2/8-14,DST,NULL,0.00,0.00,NULL,9999-12-31,9999-12-31,1552,2012-10-16,2013-05-08
24/6-2,DST,TEST1,2165.75,2156.75,NULL,1998-06-30,1998-07-13,3397,9999-12-31,2013-05-08
24/6-4,DST,NULL,0.00,0.00,NULL,9999-12-31,2011-08-06,4745,9999-12-31,2013-05-08
24/9-3,DST,1,1796.00,1805.00,OIL,1981-03-21,1991-07-22,346,9999-12-31,2013-05-08
24/9-3,DST,NULL,1764.40,1782.20,NULL,1981-04-01,1991-07-22,346,9999-12-31,2013-05-08
24/9-7,DST,NULL,0.00,0.00,NULL,9999-12-31,2011-08-06,4910,9999-12-31,2013-05-08
24/9-7 A,DST,NULL,0.00,1996.00,OIL,2005-02-09,2011-08-06,4919,9999-12-31,2013-05-08
25/10-2 R,FIT,FIT-1,0.00,2697.50,NULL,1972-07-02,9999-12-31,511,9999-12-31,2013-05-08
25/10-5,DST,DST1,1763.00,1756.00,NULL,1981-07-11,1991-06-21,365,9999-12-31,2013-05-08
25/10-5,DST,DST2,1740.00,1732.00,NULL,1981-07-12,1991-06-21,365,9999-12-31,2013-05-08
25/10-8,DST,DST1,2392.00,2398.00,NULL,1997-03-30,1997-11-13,2955,9999-12-31,2013-05-08
25/1-1,DST,NULL,0.00,0.00,NULL,1971-07-06,1995-08-09,190,9999-12-31,2013-05-08
25/1-11,DST,NULL,0.00,2119.90,CONDENSATE,9999-12-31,2010-04-23,6187,9999-12-31,2013-05-08
25/1-11,FMT,NULL,0.00,2158.00,OIL,9999-12-31,2011-12-13,6187,9999-12-31,2013-05-08
25/11-14 S,DST,TEST1,1992.20,2015.20,NULL,1990-11-23,1990-12-04,1672,9999-12-31,2013-05-08
25/11-15,DST,DST1,1736.00,1775.00,NULL,1991-12-18,1992-01-10,1872,9999-12-31,2013-05-08
25/11-18,DST,NULL,0.00,0.00,NULL,1994-10-14,1994-10-18,2358,9999-12-31,2013-05-08
25/11-21 A,DST,NULL,0.00,0.00,NULL,1996-05-01,1996-08-19,2812,9999-12-31,2013-05-08
25/11-25 S,DST,NULL,0.00,0.00,CONDENSATE,9999-12-31,2011-03-10,5642,9999-12-31,2013-05-08
25/11-5,DST,DST1,1750.00,1765.00,NULL,1974-04-30,1991-06-21,366,9999-12-31,2013-05-08
25/11-6,DST,DST1,1725.00,1740.00,NULL,1978-09-21,1991-06-21,367,9999-12-31,2013-05-08
25/11-8,DST,DST1,1720.00,1735.00,NULL,1979-09-11,1991-06-21,369,9999-12-31,2013-05-08
25/2-10 S,RFT,RFT-5,0.00,2252.00,NULL,1986-02-14,1995-08-09,855,9999-12-31,2013-05-08
25/2-13,DST,NULL,2252.00,0.00,NULL,1986-02-14,1995-08-09,1459,9999-12-31,2013-05-08
25/2-13,DST,DST2B,2706.00,2713.00,NULL,1989-12-20,9999-12-31,1459,9999-12-31,2013-05-08
25/2-13,DST,DST3B,0.00,3396.96,WATER,1990-01-01,1995-08-09,1459,9999-12-31,2013-05-08
25/2-13,DST,DST4,3403.00,3411.00,WATER,1990-01-07,1991-10-28,1459,9999-12-31,2013-05-08
25/2-13,DST,DST5,3343.00,3382.00,OIL,1990-01-15,1991-10-28,1459,9999-12-31,2013-05-08
25/2-13,DST,DST5,3343.00,3382.00,NULL,1990-01-15,1991-10-28,1459,9999-12-31,2013-05-08
25/2-13,DST,DST5,3343.00,3382.00,NULL,1990-01-15,1991-10-28,1459,9999-12-31,2013-05-08
25/2-6,DST,NULL,3561.00,0.00,NULL,9999-12-31,1995-08-09,358,9999-12-31,2013-05-08
25/2-6,DST,NULL,3267.00,0.00,NULL,9999-12-31,1995-08-09,358,9999-12-31,2013-05-08
25/2-6,RFT,NULL,3561.00,0.00,NULL,9999-12-31,9999-12-31,358,9999-12-31,2013-05-08
25/2-6,RFT,NULL,3267.50,0.00,NULL,9999-12-31,9999-12-31,358,9999-12-31,2013-05-08
25/4-1,DST,NULL,0.00,0.00,NULL,9999-12-31,1995-08-09,359,9999-12-31,2013-05-08
25/4-5,DST,TEST1,4154.00,4176.00,NULL,1981-03-15,1995-08-09,201,9999-12-31,2013-05-08
25/4-5,DST,DST2,4065.00,4088.00,NULL,1981-03-09,1995-08-09,201,9999-12-31,2013-05-08
25/4-6 S,DST,DST1,3802.00,3819.00,NULL,1991-08-14,1992-04-01,1703,9999-12-31,2013-05-08
25/4-7,MDT,NULL,0.00,2110.00,OIL,2003-04-14,2011-08-06,4716,9999-12-31,2013-05-08
25/4-8,DST,NULL,0.00,2120.00,OIL,9999-12-31,2003-06-16,4765,9999-12-31,2013-05-08
25/5-1,DST,NULL,0.00,0.00,NULL,9999-12-31,1991-10-28,884,9999-12-31,2013-05-08
25/5-1,DST,DST3,3002.00,2987.00,NULL,9999-12-31,1991-10-28,884,9999-12-31,2013-05-08
25/5-1,DST,DST3B,3002.00,2987.00,NULL,1987-07-31,1991-10-28,884,9999-12-31,2013-05-08
25/5-2,DST,DST2,3196.00,3201.00,NULL,1989-06-27,1991-10-28,1346,9999-12-31,2013-05-08
25/5-3,DST,DST1,2386.00,2405.00,NULL,1990-03-08,1991-10-28,1488,9999-12-31,2013-05-08
25/5-5,DST,NULL,2169.50,2158.80,NULL,1995-11-15,9999-12-31,2661,9999-12-31,2013-05-08
25/6-1,DST,DST1,2277.00,2280.00,OIL,1986-01-30,1991-02-20,524,9999-12-31,2013-05-08
25/7-2,DST,NULL,4148.00,4273.00,NULL,1990-07-11,1991-07-22,1494,9999-12-31,2013-05-08
25/7-3,DST,DST1,2107.40,2096.40,OIL,1995-08-22,1996-04-15,2623,9999-12-31,2013-05-08
25/7-5,DST,DST1,2043.00,2052.00,NULL,1997-08-18,1997-08-28,3132,9999-12-31,2013-05-08
25/8-1,DST,TEST1,1762.00,1755.00,NULL,1970-06-30,1991-06-21,173,9999-12-31,2013-05-08
25/8-11,DST,DST1,1910.00,1893.00,NULL,1997-11-15,1997-12-03,3209,9999-12-31,2013-05-08
25/8-11,DST,NULL,1910.00,1893.00,NULL,1997-11-15,1997-12-03,3209,9999-12-31,2013-05-08
25/8-14 S,DST,NULL,0.00,0.00,NULL,9999-12-31,9999-12-31,4805,9999-12-31,2013-05-08
25/8-5 S,DST,DST1,2149.00,2118.00,NULL,1994-09-15,1994-09-26,2390,9999-12-31,2013-05-08
29/3-1,DST,DST1B,3807.00,3810.00,NULL,1986-08-24,1990-11-30,904,9999-12-31,2013-05-08
29/3-1,DST,DST2B,3725.00,3682.00,NULL,1986-09-02,1990-11-30,904,9999-12-31,2013-05-08
29/3-1,DST,DST2C,3699.00,3682.00,NULL,1986-09-05,1990-11-30,904,9999-12-31,2013-05-08
3/7-2,RFT,NULL,2909.00,0.00,WATER,9999-12-31,1995-08-09,220,9999-12-31,2013-05-08
3/7-4,DST,DST1A,3440.00,3537.00,NULL,1990-01-01,1991-03-06,1467,9999-12-31,2013-05-08
3/7-4,DST,DST1B,3470.00,3440.00,NULL,1990-01-03,1991-03-06,1467,9999-12-31,2013-05-08
3/7-A-1 AH,DST,PROD TEST,4934.00,4254.00,CONDENSATE,2011-01-27,2011-01-30,6469,9999-12-31,2013-05-08
3/7-A-1 AH,DST,NULL,4394.00,4254.00,OIL,9999-12-31,2012-10-25,6469,9999-12-31,2013-05-08
3/7-A-1 AH,DST,NULL,4394.00,4254.00,OIL,9999-12-31,2012-10-25,6469,9999-12-31,2013-05-08
3/7-A-1 AH,DST,NULL,4394.00,4254.00,OIL,9999-12-31,2012-10-25,6469,9999-12-31,2013-05-08
3/7-A-1 AH,DST,NULL,4394.00,4254.00,OIL,9999-12-31,2012-10-25,6469,9999-12-31,2013-05-08
3/7-A-1 AH,DST,NULL,4394.00,4254.00,OIL,9999-12-31,2012-10-25,6469,9999-12-31,2013-05-08
3/7-A-1 AH,DST,NULL,4394.00,4254.00,OIL,9999-12-31,2012-10-25,6469,9999-12-31,2013-05-08
3/7-A-1 AH,DST,NULL,4394.00,4254.00,OIL,9999-12-31,2012-10-25,6469,9999-12-31,2013-05-08
3/7-A-1 AH,DST,NULL,4394.00,4254.00,OIL,9999-12-31,2012-10-25,6469,9999-12-31,2013-05-08
3/7-A-1 AH,DST,NULL,4394.00,4254.00,OIL,9999-12-31,2012-10-25,6469,9999-12-31,2013-05-08
3/7-A-1 AH,DST,NULL,4394.00,4254.00,OIL,9999-12-31,2012-10-25,6469,9999-12-31,2013-05-08
3/7-A-1 AH,DST,NULL,4394.00,4254.00,OIL,9999-12-31,2012-10-25,6469,9999-12-31,2013-05-08
3/7-A-1 AH,PROD,PROD TEST,4934.00,4254.00,CONDENSATE,2011-01-29,2011-01-30,6469,9999-12-31,2013-05-08
30/2-1,DST,DST1,3785.00,3792.00,NULL,1982-09-23,1991-10-01,72,9999-12-31,2013-05-08
30/2-1,DST,DST2,3761.00,3771.00,NULL,1982-09-30,1991-10-01,72,9999-12-31,2013-05-08
30/2-1,DST,DST2B,0.00,0.00,OIL,1982-09-25,1991-10-01,72,9999-12-31,2013-05-08
30/2-1,DST,DST3,3720.00,3728.00,NULL,1982-10-07,1991-10-01,72,9999-12-31,2013-05-08
30/2-2,DST,TEST3,3935.00,3974.00,NULL,1985-04-23,1991-10-01,457,9999-12-31,2013-05-08
30/2-3,DST,DST1,3895.00,0.00,NULL,1992-09-09,1992-10-12,1970,9999-12-31,2013-05-08
30/2-3,DST,DST2,3874.00,0.00,NULL,1992-09-15,1992-10-12,1970,9999-12-31,2013-05-08
30/2-3,DST,DST3,3794.00,0.00,NULL,1992-09-23,1992-10-12,1970,9999-12-31,2013-05-08
30/3-2,DST,TEST1,2916.00,2923.00,NULL,1980-12-23,1991-10-01,203,9999-12-31,2013-05-08
30/3-2,DST,TEST2C,2870.00,2874.00,NULL,1981-01-24,1991-10-01,203,9999-12-31,2013-05-08
30/3-4,DST,TEST1,3079.00,3096.00,NULL,1985-05-01,1991-10-01,460,9999-12-31,2013-05-08
30/3-4,DST,TEST3,2903.00,2923.00,NULL,1985-05-21,1991-10-01,460,9999-12-31,2013-05-08
30/3-4,DST,TEST4,2866.00,2882.00,OIL,1985-05-24,1991-10-01,460,9999-12-31,2013-05-08
30/3-4,DST,TEST5,2850.00,2857.00,OIL,1985-06-02,1991-11-05,460,9999-12-31,2013-05-08
30/3-9,DST,NULL,0.00,0.00,CONDENSATE,9999-12-31,2011-03-10,4053,9999-12-31,2013-05-08
30/3-A-1,DST,NULL,2876.50,0.00,NULL,9999-12-31,1991-11-05,1080,9999-12-31,2013-05-08
30/3-A-1,DST,"TEST1,1   ",3234.00,3250.00,NULL,1987-09-08,1991-11-05,1080,9999-12-31,2013-05-08
30/3-A-1,DST,TEST2,3071.00,3088.00,NULL,1987-09-14,1991-11-05,1080,9999-12-31,2013-05-08
30/3-A-13,DST,PRODTEST,5028.50,5026.50,NULL,1992-06-01,1992-07-02,1925,9999-12-31,2013-05-08
30/3-A-14,DST,NULL,0.00,0.00,NULL,1993-01-27,1993-02-09,1943,9999-12-31,2013-05-08
30/3-A-2,DST,NULL,3498.00,0.00,NULL,9999-12-31,1991-11-05,1175,9999-12-31,2013-05-08
30/3-A-3,DST,NULL,3194.00,0.00,NULL,1988-07-12,1991-11-05,1209,9999-12-31,2013-05-08
30/3-A-4,DST,NULL,3580.00,0.00,NULL,1988-08-07,1991-11-05,1234,9999-12-31,2013-05-08
30/3-A-5,DST,NULL,0.00,0.00,NULL,9999-12-31,1991-11-05,1307,9999-12-31,2013-05-08
30/5-2,DST,DST1B,3601.30,3627.80,NULL,1996-12-04,1996-12-17,2886,9999-12-31,2013-05-08
30/5-2,DST,DST2,3529.00,3591.00,NULL,1996-12-10,1996-12-17,2886,9999-12-31,2013-05-08
30/6-1,DST,DST1,2320.00,2330.00,NULL,1979-09-09,1980-01-01,380,9999-12-31,2013-05-08
30/6-1,DST,DST2,2301.00,2305.00,CONDENSATE,1980-09-15,1980-01-01,380,9999-12-31,2013-05-08
30/6-10,DST,RFT2,0.00,2467.50,NULL,9999-12-31,1991-02-28,92,9999-12-31,2013-05-08
30/6-10 A,DST,TEST1,2600.00,2602.00,NULL,1983-02-07,1991-02-28,56,9999-12-31,2013-05-08
30/6-10 A,DST,DST3,2446.00,2555.00,NULL,1983-02-18,1991-02-28,56,9999-12-31,2013-05-08
30/6-10 A,DST,DST4,2480.00,2487.00,NULL,1983-02-22,1991-02-28,56,9999-12-31,2013-05-08
30/6-13,DST,DST1,2640.00,2650.00,NULL,1983-04-27,1991-02-28,7,9999-12-31,2013-05-08
30/6-14,DST,DST1A,2783.00,2788.00,NULL,1984-01-29,1991-02-28,53,9999-12-31,2013-05-08
30/6-15,DST,DST2,3323.80,3330.40,NULL,1984-08-14,1991-02-28,110,9999-12-31,2013-05-08
30/6-15,DST,DST3,3265.00,3250.00,NULL,1984-08-28,1991-02-28,110,9999-12-31,2013-05-08
30/6-16,DST,DST1,2944.00,2920.00,NULL,1985-01-14,1991-02-28,333,9999-12-31,2013-05-08
30/6-16,DST,DST2,2855.00,2868.00,NULL,1985-01-18,1991-02-28,333,9999-12-31,2013-05-08
30/6-17,DST,NULL,0.00,0.00,NULL,9999-12-31,9999-12-31,487,9999-12-31,2013-05-08
30/6-17 R,DST,DST1,2401.00,2414.00,NULL,1986-10-28,1991-02-28,849,9999-12-31,2013-05-08
30/6-18,DST,DST1A,3307.00,3324.00,NULL,1985-10-20,1991-02-28,488,9999-12-31,2013-05-08
30/6-19,DST,DST1,2945.00,2954.00,OIL,1986-06-06,1991-02-28,489,9999-12-31,2013-05-08
30/6-19,DST,DST2,2907.00,2932.30,OIL,1986-06-11,1991-02-28,489,9999-12-31,2013-05-08
30/6-19,DST,DST3,2876.00,2784.00,NULL,1986-06-15,1991-02-28,489,9999-12-31,2013-05-08
30/6-2,DST,DST1A,2212.00,2222.00,CONDENSATE,1979-12-01,1980-01-01,381,9999-12-31,2013-05-08
30/6-21,DST,DST1,2645.50,2657.50,NULL,9999-12-31,1991-02-28,1037,9999-12-31,2013-05-08
30/6-22,DST,DST1,2917.00,2936.00,OIL,1988-07-08,1991-02-28,1225,9999-12-31,2013-05-08
30/6-22,DST,DST2,2908.75,2912.25,OIL,1988-07-07,1991-02-28,1225,9999-12-31,2013-05-08
30/6-23,DST,NULL,2860.00,2881.00,NULL,9999-12-31,9999-12-31,1545,9999-12-31,2013-05-08
30/6-23,DST,DST2,2827.00,2853.00,NULL,1990-06-18,9999-12-31,1545,9999-12-31,2013-05-08
30/6-23,DST,DST3,2803.00,2812.00,NULL,1990-06-21,9999-12-31,1545,9999-12-31,2013-05-08
30/6-3,DST,TEST1,2476.00,2486.00,CONDENSATE,1980-02-18,1991-11-05,382,9999-12-31,2013-05-08
30/6-4,DST,DST 1,2655.00,2665.00,NULL,1981-04-25,1981-01-01,383,9999-12-31,2013-05-08
30/6-4,DST,DST 2,2630.50,2638.00,NULL,1981-05-04,1981-01-01,383,9999-12-31,2013-05-08
30/6-9,DST,DST5,2460.00,2463.00,NULL,1982-12-10,1991-02-28,83,9999-12-31,2013-05-08
30/8-1 SR,DST,TEST1B,4796.39,4700.00,NULL,1996-02-17,1996-05-15,2719,9999-12-31,2013-05-08
30/8-4 S,DST,NULL,0.00,0.00,OIL,2009-01-19,9999-12-31,5974,9999-12-31,2013-05-08
30/9-1,DST,DST2A,2727.00,2733.00,NULL,1983-01-15,1991-02-28,65,9999-12-31,2013-05-08
30/9-1,DST,DST3,2689.00,2692.00,NULL,1983-01-21,1991-02-28,65,9999-12-31,2013-05-08
30/9-10,DST,DST1A,2757.00,2776.00,NULL,1990-12-10,1991-02-28,1514,9999-12-31,2013-05-08
30/9-10,DST,DST1B,2779.70,2824.70,NULL,1990-12-10,1991-02-28,1514,9999-12-31,2013-05-08
30/9-13 S,DST,TEST1,3086.50,3094.50,OIL,1991-09-14,1991-10-01,1811,9999-12-31,2013-05-08
30/9-13 S,DST,TEST2,3023.90,3072.90,NULL,1991-09-29,1991-10-14,1811,9999-12-31,2013-05-08
30/9-13 S,DST,DST3,2958.10,2986.10,CONDENSATE,1991-10-04,1991-10-14,1811,9999-12-31,2013-05-08
30/9-14,DST,TEST2,3127.00,3084.00,OIL,1993-05-04,1993-05-26,2076,9999-12-31,2013-05-08
30/9-16,DST,DST1,2753.00,2722.00,OIL,1994-04-23,9999-12-31,2361,9999-12-31,2013-05-08
30/9-16,DST,DST2,2694.10,2685.10,OIL,1994-08-02,9999-12-31,2361,9999-12-31,2013-05-08
30/9-19 A,DST,TEST1,3347.00,3363.00,OIL,1998-12-05,1999-01-19,3593,9999-12-31,2013-05-08
30/9-3,DST,NULL,0.00,0.00,NULL,9999-12-31,9999-12-31,55,9999-12-31,2013-05-08
30/9-3 A,DST,DST1,2916.00,2910.00,OIL,1984-05-11,1991-02-28,102,9999-12-31,2013-05-08
30/9-4 S,DST,DST1,3422.00,3416.00,OIL,1985-03-11,1991-02-28,452,9999-12-31,2013-05-08
30/9-4 S,DST,DST2,3324.00,3311.00,CONDENSATE,1985-03-20,1991-02-28,452,9999-12-31,2013-05-08
30/9-6,DST,DST1,2637.90,2645.50,OIL,1987-04-08,1991-02-28,1027,9999-12-31,2013-05-08
30/9-6,DST,DST2,2591.50,2596.50,OIL,1987-04-12,1991-02-28,1027,9999-12-31,2013-05-08
30/9-7,DST,TEST1,2811.00,2822.00,NULL,1989-01-01,1991-02-28,1306,9999-12-31,2013-05-08
30/9-8,DST,DST2A,2837.00,2848.00,NULL,1989-09-19,1991-02-28,1421,9999-12-31,2013-05-08
30/9-8,DST,DST2B,2825.00,2848.00,NULL,1989-09-21,1991-02-28,1421,9999-12-31,2013-05-08
30/9-9,DST,TEST1,2394.40,2409.40,OIL,1989-10-26,1991-02-28,1442,9999-12-31,2013-05-08
30/9-9,DST,NULL,2294.60,2310.60,NULL,1989-10-31,1991-02-28,1442,9999-12-31,2013-05-08
31/2-11,DST,NULL,1576.00,1582.00,NULL,1983-05-08,1991-11-05,6,9999-12-31,2013-05-08
31/2-12,DST,DST1,1428.00,1452.00,CONDENSATE,1983-07-30,1991-03-06,14,9999-12-31,2013-05-08
31/2-13 S,DST,DST1,1801.00,1806.00,OIL,1984-03-03,1991-03-06,93,9999-12-31,2013-05-08
31/2-14,DST,TEST-1,1590.00,1583.00,OIL,1984-06-10,1991-03-06,106,9999-12-31,2013-05-08
31/2-15,DST,TEST1,1572.00,1584.00,NULL,1984-10-18,1991-03-06,439,9999-12-31,2013-05-08
31/2-2,DST,NULL,0.00,0.00,NULL,1980-07-02,1991-11-05,227,9999-12-31,2013-05-08
31/2-3,DST,DST1,1577.00,1582.00,WATER,1980-06-06,1991-11-05,236,9999-12-31,2013-05-08
31/2-5,NULL,NULL,0.00,0.00,NULL,9999-12-31,9999-12-31,210,9999-12-31,2013-05-08
31/2-5,DST,NULL,0.00,0.00,OIL,1984-04-13,1991-03-06,210,9999-12-31,2013-05-08
31/2-5 R2,DST,NULL,1591.00,1594.00,OIL,1984-04-13,9999-12-31,501,9999-12-31,2013-05-08
31/2-6,DST,TEST1,1576.00,1579.00,NULL,1981-09-20,1991-03-06,399,9999-12-31,2013-05-08
31/2-6,DST,TEST2,1518.00,1536.00,NULL,1981-10-06,1991-03-06,399,9999-12-31,2013-05-08
31/2-7,DST,DST1,1584.00,1590.00,NULL,1982-06-06,1991-03-06,70,9999-12-31,2013-05-08
31/3-1,DST,TEST1,1519.00,1529.00,OIL,1983-09-22,1991-11-05,20,9999-12-31,2013-05-08
31/3-1,DST,TEST2,1373.00,1383.00,NULL,1983-10-04,1991-11-05,20,9999-12-31,2013-05-08
31/4-6,DST,DST1,2159.00,2163.00,NULL,1982-04-14,1991-02-28,43,9999-12-31,2013-05-08
31/4-6,DST,NULL,0.00,0.00,NULL,9999-12-31,9999-12-31,43,9999-12-31,2013-05-08
31/4-7,DST,DST1,2398.00,2390.00,NULL,1984-08-31,1991-02-28,235,9999-12-31,2013-05-08
31/4-7,DST,DST2,2039.00,2028.00,CONDENSATE,1984-09-06,1991-02-28,235,9999-12-31,2013-05-08
31/4-9,DST,DST2,2169.60,2171.60,OIL,1987-03-01,1991-11-05,1026,9999-12-31,2013-05-08
31/5-2,DST,DST1,1577.00,1581.00,OIL,1984-07-01,1991-02-20,32,9999-12-31,2013-05-08
31/5-2,DST,DST2,1574.00,1576.00,OIL,1984-08-09,1991-02-20,32,9999-12-31,2013-05-08
31/5-2,DST,"DST2,1    ",0.00,0.00,OIL,1984-08-02,1991-02-20,32,9999-12-31,2013-05-08
31/5-2,DST,DST3,1546.50,1554.50,NULL,1984-08-24,1991-02-20,32,9999-12-31,2013-05-08
31/5-2,DST,DST3B,0.00,0.00,CONDENSATE,1984-08-25,1991-02-20,32,9999-12-31,2013-05-08
31/5-3,DST,DST2,1582.30,1586.30,OIL,1984-06-02,1991-02-20,101,9999-12-31,2013-05-08
31/6-1,DST,DST1,1562.50,1567.50,WATER,1983-09-29,1991-02-28,22,9999-12-31,2013-05-08
31/6-1,DST,DST2,1435.00,1441.00,CONDENSATE,1983-10-18,1991-02-28,22,9999-12-31,2013-05-08
31/6-1,DST,DST3,0.00,0.00,CONDENSATE,1983-10-18,1991-02-28,22,9999-12-31,2013-05-08
31/6-2,DST,TEST1,1510.00,1506.00,NULL,1984-08-06,1991-11-05,34,9999-12-31,2013-05-08
31/6-2,PROD,TEST1,0.00,0.00,NULL,1984-08-06,9999-12-31,34,9999-12-31,2013-05-08
31/6-5,DST,TEST1A,1568.00,1558.00,NULL,1984-05-15,1991-11-05,105,9999-12-31,2013-05-08
31/6-6,DST,DST1A,0.00,0.00,NULL,1984-07-15,1991-11-05,127,9999-12-31,2013-05-08
31/6-6,PROD,TEST1A,0.00,0.00,CONDENSATE,1984-07-15,9999-12-31,127,9999-12-31,2013-05-08
33/12-8 A,DST,NULL,0.00,0.00,CONDENSATE,9999-12-31,2011-03-10,4532,9999-12-31,2013-05-08
33/12-8 S,DST,NULL,0.00,2914.00,OIL,2002-04-21,2011-03-10,4493,9999-12-31,2013-05-08
33/9-12,DST,TEST2,2505.00,2508.00,NULL,1987-07-25,1991-11-05,1069,9999-12-31,2013-05-08
33/9-12,DST,TEST3,2463.00,2489.00,NULL,1987-07-29,1991-11-05,1069,9999-12-31,2013-05-08
33/9-13 S,DST,"TEST1,1   ",2758.00,2787.00,NULL,1987-11-26,1991-11-05,1028,9999-12-31,2013-05-08
33/9-13 S,DST,"TEST1,2   ",2758.00,2787.00,OIL,1987-11-28,1991-11-05,1028,9999-12-31,2013-05-08
33/9-13 S,DST,TEST2,2727.00,2740.70,NULL,1987-12-13,1991-11-05,1028,9999-12-31,2013-05-08
33/9-14,DST,TEST1,2746.80,2759.80,OIL,1988-03-23,1991-11-05,1226,9999-12-31,2013-05-08
33/9-14,DST,"TEST2,1   ",2718.00,2732.00,OIL,1988-03-28,1991-11-05,1226,9999-12-31,2013-05-08
33/9-14,DST,"TEST2,2   ",2675.00,2705.00,OIL,1988-03-31,1991-11-05,1226,9999-12-31,2013-05-08
33/9-C-32,DST,NULL,0.00,0.00,NULL,1991-04-24,1991-11-05,909,9999-12-31,2013-05-08
33/9-C-36,DST,NULL,0.00,0.00,NULL,1989-08-13,1991-11-05,1388,9999-12-31,2013-05-08
33/9-M-2 H,DST,NULL,0.00,0.00,NULL,9999-12-31,9999-12-31,2155,9999-12-31,2013-05-08
33/9-M-2 H,PROD,TEST1,0.00,0.00,OIL,1994-07-27,1994-09-22,2155,9999-12-31,2013-05-08
34/10-1,DST,DST1,1930.00,1935.00,NULL,1978-08-21,1980-01-01,424,2012-12-05,2013-05-08
34/10-1,DST,DST3,1788.00,1792.00,NULL,1978-08-29,1980-01-01,424,2012-12-05,2013-05-08
34/10-11,DST,TEST2,1891.00,1896.00,NULL,1981-02-23,1991-12-05,211,9999-12-31,2013-05-08
34/10-13,DST,TEST2,2003.00,2009.00,NULL,1981-12-23,1991-12-05,431,9999-12-31,2013-05-08
34/10-16,DST,TEST1,3397.00,3407.00,OIL,1983-09-10,1991-12-05,59,9999-12-31,2013-05-08
34/10-16,DST,TEST2,3177.00,3187.00,NULL,1983-09-17,1991-12-05,59,9999-12-31,2013-05-08
34/10-17,DST,TEST2,2880.00,2895.00,NULL,1983-08-07,1991-12-05,5,9999-12-31,2013-05-08
34/10-17,DST,TEST3,2835.00,2845.00,NULL,1983-06-22,1991-12-05,5,9999-12-31,2013-05-08
34/10-17,DST,TEST4,2754.00,2790.00,CONDENSATE,1983-06-28,1991-12-05,5,9999-12-31,2013-05-08
34/10-2,DST,TEST2,3353.00,3365.00,NULL,1979-07-22,1991-11-05,425,2012-12-05,2013-05-08
34/10-2,DST,TEST3,3335.00,3345.00,NULL,1979-07-26,1980-01-01,425,2012-12-05,2013-05-08
34/10-2,DST,TEST3A,3335.00,0.00,NULL,1979-07-28,1991-11-05,425,2012-12-05,2013-05-08
34/10-2,DST,TEST4,3110.00,3115.00,NULL,1979-08-02,1980-01-01,425,2012-12-05,2013-05-08
34/10-2,DST,DST5,3018.00,3028.00,NULL,1979-08-05,1980-01-01,425,2012-12-05,2013-05-08
34/10-21,DST,TEST2,3290.00,3312.00,CONDENSATE,1984-10-13,1991-12-05,221,9999-12-31,2013-05-08
34/10-23,DST,TEST1,4085.00,4095.00,CONDENSATE,1985-09-28,1991-12-05,476,9999-12-31,2013-05-08
34/10-3,DST,DST 2,1940.00,1935.00,NULL,1979-06-01,1980-01-01,426,2012-12-05,2013-05-08
34/10-30,DST,TEST1,3460.00,3473.00,NULL,1986-04-15,1991-12-05,877,9999-12-31,2013-05-08
34/10-30,DST,TEST2,3297.00,3318.00,NULL,1986-04-21,1991-12-05,877,9999-12-31,2013-05-08
34/10-30,DST,TEST3,3125.00,3155.00,NULL,1986-04-30,1991-12-05,877,9999-12-31,2013-05-08
34/10-32 R,DST,TEST2,3368.00,3374.00,OIL,1987-08-02,1991-12-05,1128,9999-12-31,2013-05-08
34/10-33,DST,"TEST1,1   ",3378.00,3394.00,NULL,1988-11-29,1991-12-05,1302,9999-12-31,2013-05-08
34/10-33,DST,TEST2,0.00,0.00,NULL,1988-12-08,1991-12-05,1302,9999-12-31,2013-05-08
34/10-33,DST,"TEST2,1   ",3279.00,3307.00,OIL,1988-12-08,1991-12-05,1302,9999-12-31,2013-05-08
34/10-33 C,DST,DST 1B,0.00,0.00,NULL,1990-04-11,1991-12-05,1384,9999-12-31,2013-05-08
34/10-34,DST,TEST1,2001.00,1994.00,NULL,1991-05-23,1991-12-05,1747,9999-12-31,2013-05-08
34/10-35,DST,TEST1,4015.00,4025.00,NULL,1992-06-01,1992-07-02,1874,2013-03-12,2013-05-08
34/10-35,DST,TEST2,3995.00,3984.00,NULL,1992-06-09,1992-07-02,1874,2013-03-12,2013-05-08
34/10-35,DST,TEST3,3929.00,3920.00,NULL,1992-06-15,1992-07-02,1874,2013-03-12,2013-05-08
34/10-36,DST,TEST1,3371.20,3373.20,NULL,1992-06-28,1992-07-23,1940,9999-12-31,2013-05-08
34/10-38 S,DST,TEST1B,0.00,0.00,NULL,1995-05-23,1995-07-17,2517,9999-12-31,2013-05-08
34/10-4,DST,DST1A,1880.00,1885.00,NULL,1979-10-05,1980-01-01,427,2012-12-06,2013-05-08
34/10-4,DST,DST 2,1824.00,1826.00,NULL,1979-10-12,1980-01-01,427,2012-12-06,2013-05-08
34/10-47 S,DST,NULL,0.00,0.00,OIL,9999-12-31,2011-03-10,4609,9999-12-31,2013-05-08
34/10-6,DST,NULL,3037.50,0.00,NULL,1991-04-06,1991-12-05,429,2012-12-06,2013-05-08
34/10-7,DST,NULL,1833.00,1840.00,NULL,9999-12-31,1980-01-01,222,2012-11-15,2013-05-08
34/10-7,DST,DST 1,1558.00,1865.00,NULL,1980-03-17,1991-12-05,222,2012-11-15,2013-05-08
34/10-7,DST,TEST2,1835.00,1865.00,OIL,1983-07-01,1991-12-05,222,2012-11-15,2013-05-08
34/10-8,DST,DST 1,1845.00,1848.00,NULL,1980-05-17,1980-01-01,230,2012-11-15,2013-05-08
34/10-9,DST,NULL,2078.00,2084.00,NULL,9999-12-31,9999-12-31,140,2012-11-16,2013-05-08
34/10-9,DST,DST 2A,2084.00,2090.00,NULL,1980-06-21,1980-01-01,140,2012-11-16,2013-05-08
34/10-9,DST,DST 3,1906.00,1910.00,NULL,1980-06-24,1980-01-01,140,2012-11-16,2013-05-08
34/10-A-16,DST,NULL,0.00,0.00,NULL,1990-07-31,1991-12-05,1285,9999-12-31,2013-05-08
34/10-A-22,DST,TEST4C,2195.00,0.00,CONDENSATE,1989-03-23,1991-12-05,1379,9999-12-31,2013-05-08
34/10-A-30,DST,NULL,0.00,0.00,NULL,1993-01-28,1993-02-09,1682,9999-12-31,2013-05-08
34/10-A-37,DST,NULL,0.00,0.00,NULL,1995-03-22,1995-04-24,1947,9999-12-31,2013-05-08
34/10-A-37,DST,NULL,0.00,0.00,NULL,1993-01-28,1993-02-09,1947,9999-12-31,2013-05-08
34/10-A-5 H,PROD,PROD 1,1933.00,1886.00,NULL,1987-03-24,1991-12-05,942,9999-12-31,2013-05-08
34/10-B-23,DST,NULL,0.00,0.00,NULL,1993-01-26,1993-02-09,1982,9999-12-31,2013-05-08
34/10-B-5,DST,NULL,0.00,0.00,NULL,9999-12-31,1991-12-05,1124,9999-12-31,2013-05-08
34/10-C-1,DST,NULL,0.00,0.00,NULL,1993-01-24,1993-02-09,1472,9999-12-31,2013-05-08
34/10-C-14,DST,NULL,0.00,0.00,NULL,1993-01-25,1993-02-09,2017,9999-12-31,2013-05-08
34/10-C-2,DST,NULL,0.00,0.00,NULL,1990-07-28,1991-12-05,1491,9999-12-31,2013-05-08
34/10-C-6,DST,RFT,3037.50,0.00,NULL,1991-04-06,1992-04-01,1716,9999-12-31,2013-05-08
34/10-C-7,DST,TEST2,3341.00,3099.00,NULL,1991-10-15,1992-04-01,1045,9999-12-31,2013-05-08
34/11-1,DST,DST1,4114.00,4093.50,CONDENSATE,1994-10-11,1994-10-20,2377,2012-11-16,2013-05-08
34/11-2 S,DST,TEST1B,4260.00,4185.00,CONDENSATE,1996-05-01,1996-08-19,2733,2012-11-16,2013-05-08
34/3-1 S,DST,NULL,0.00,0.00,OIL,9999-12-31,2011-06-17,5811,9999-12-31,2013-05-08
34/3-2 S,DST,NULL,0.00,0.00,WATER,9999-12-31,2011-06-17,6249,9999-12-31,2013-05-08
34/4-10 R,DST,NULL,0.00,3966.50,OIL,2000-04-09,9999-12-31,4051,9999-12-31,2013-05-08
34/4-13 S,DST,NULL,4813.71,4803.00,OIL,2010-12-12,2010-11-19,6442,2013-01-15,2013-05-08
34/4-4,DST,DST2,2572.00,2578.00,NULL,1982-12-31,1991-02-20,41,2012-12-22,2013-05-08
34/4-4,DST,DST4,2429.00,2437.00,OIL,1983-01-22,1991-02-20,41,2012-12-22,2013-05-08
34/4-5,DST,DST2,3462.70,3480.70,NULL,1984-03-30,1991-02-20,37,9999-12-31,2013-05-08
34/4-6,DST,DST1,0.00,0.00,OIL,1986-03-18,1991-02-20,875,9999-12-31,2013-05-08
34/4-7,DST,DST1,2579.00,2596.00,NULL,1987-04-02,1991-02-20,943,9999-12-31,2013-05-08
34/4-7,DST,DST2,2506.00,2566.00,NULL,1987-04-19,1991-02-20,943,9999-12-31,2013-05-08
34/7-1,DST,DST1,2574.00,2581.00,OIL,1984-07-01,1991-02-20,111,9999-12-31,2013-05-08
34/7-1,DST,DST2,2467.00,2455.00,OIL,1984-07-09,1991-02-20,111,9999-12-31,2013-05-08
34/7-1,DST,DST3,2416.00,2409.00,NULL,1984-07-15,1990-02-20,111,9999-12-31,2013-05-08
34/7-10,DST,TEST1,2606.70,2610.70,NULL,1986-10-07,1991-02-20,947,9999-12-31,2013-05-08
34/7-10,DST,TEST2,2583.40,2588.90,OIL,1986-10-11,1991-02-20,947,9999-12-31,2013-05-08
34/7-10,DST,TEST3,2535.00,2544.50,NULL,1986-10-17,1991-02-20,947,9999-12-31,2013-05-08
34/7-10,DST,DST4,2549.00,2551.50,NULL,1986-10-22,1991-02-20,947,9999-12-31,2013-05-08
34/7-12,DST,DST2,2229.00,2235.00,NULL,1987-12-03,1991-02-20,1187,9999-12-31,2013-05-08
34/7-12,DST,DST3,2205.50,2209.50,NULL,1987-12-10,1991-02-20,1187,9999-12-31,2013-05-08
34/7-13,DST,"DST1,1    ",2504.00,2500.00,NULL,1988-04-05,1991-02-20,1233,9999-12-31,2013-05-08
34/7-14,DST,DST1,2207.30,2216.30,OIL,1989-11-19,1991-02-20,1278,9999-12-31,2013-05-08
34/7-14,DST,DST2,2179.70,2185.70,OIL,1989-11-25,1991-02-20,1278,9999-12-31,2013-05-08
34/7-16,DST,DST3,2401.00,2414.00,OIL,1990-10-06,1991-02-20,1550,9999-12-31,2013-05-08
34/7-16 R,DST,DST2,2454.00,2458.00,OIL,1990-09-30,1991-02-20,1677,9999-12-31,2013-05-08
34/7-17 A,DST,DST1,2495.00,2499.00,NULL,9999-12-31,1991-09-09,1536,9999-12-31,2013-05-08
34/7-19,DST,TEST2,2455.30,2468.30,NULL,1991-12-10,1992-03-25,1838,9999-12-31,2013-05-08
34/7-21,DST,TEST1,0.00,0.00,OIL,1992-12-03,1993-02-09,2026,9999-12-31,2013-05-08
34/7-21,DST,TEST2,0.00,0.00,OIL,1992-12-05,1993-02-09,2026,9999-12-31,2013-05-08
34/7-3,DST,DST1,2601.00,2607.50,NULL,1984-12-05,1991-02-20,442,9999-12-31,2013-05-08
34/7-3,DST,DST3B,2440.90,2449.40,OIL,1984-12-25,1991-02-20,442,9999-12-31,2013-05-08
34/7-4,DST,NULL,2563.00,2547.00,NULL,9999-12-31,1991-02-20,455,9999-12-31,2013-05-08
34/7-4,DST,DST1,0.00,0.00,NULL,9999-12-31,1995-08-09,455,9999-12-31,2013-05-08
34/7-5,DST,DST1A,2502.50,2512.50,NULL,1985-03-08,1991-02-20,458,9999-12-31,2013-05-08
34/7-6,DST,DST2,2572.00,2549.00,OIL,1985-05-16,1991-02-20,465,9999-12-31,2013-05-08
34/7-6,DST,"TEST3,2   ",2518.50,2522.50,OIL,1985-05-26,1991-02-20,465,9999-12-31,2013-05-08
34/7-7,DST,DST1,2561.50,2569.50,OIL,1985-11-13,1991-02-20,525,9999-12-31,2013-05-08
34/7-7,DST,"DST1,1    ",0.00,0.00,OIL,1985-11-23,1991-02-20,525,9999-12-31,2013-05-08
34/7-7,DST,TEST2,2611.00,2614.00,OIL,1985-12-08,1991-02-20,525,9999-12-31,2013-05-08
34/7-8,DST,TEST1,2359.00,2374.00,OIL,1986-03-22,1991-02-20,878,9999-12-31,2013-05-08
34/7-8,DST,"TEST1,1   ",2333.00,2348.00,OIL,1986-03-22,1991-02-20,878,9999-12-31,2013-05-08
34/7-8,DST,"TEST1,2   ",2333.00,2348.00,OIL,1986-03-26,1991-02-20,878,9999-12-31,2013-05-08
34/7-8,DST,"TEST2,0   ",2303.00,2308.00,NULL,1986-03-31,1991-02-20,878,9999-12-31,2013-05-08
34/7-8,DST,TEST3,2250.00,2258.00,OIL,1986-04-04,1991-02-20,878,9999-12-31,2013-05-08
34/7-9,DST,DST1B,2524.00,2527.00,OIL,1986-05-24,1991-02-20,889,9999-12-31,2013-05-08
34/8-1,DST,DST1,2880.00,2900.00,NULL,1986-02-18,1995-08-09,854,9999-12-31,2013-05-08
34/8-1,DST,DST2,2811.40,2814.40,OIL,1986-02-24,1991-02-28,854,9999-12-31,2013-05-08
34/8-1,DST,DST3,2726.80,2765.20,CONDENSATE,1986-03-01,1991-02-28,854,9999-12-31,2013-05-08
34/8-10 S,DST,DST1,0.00,0.00,NULL,1993-11-24,1993-12-29,2179,9999-12-31,2013-05-08
34/8-11,DST,DST1,2950.10,2936.10,NULL,1994-01-13,1994-01-20,2180,2012-12-22,2013-05-08
34/8-3,DST,NULL,0.00,0.00,NULL,9999-12-31,1991-10-28,940,2012-12-22,2013-05-08
34/8-3,DST,TEST1,2935.00,2947.00,NULL,1988-08-18,1991-02-28,940,2012-12-22,2013-05-08
34/8-3,DST,DST2,2905.00,2921.00,NULL,1988-08-30,1991-02-28,940,2012-12-22,2013-05-08
34/8-3,DST,DST3,2868.00,2880.00,CONDENSATE,1988-09-08,1991-02-28,940,2012-12-22,2013-05-08
34/8-3 A,DST,NULL,3071.00,3093.00,NULL,1988-10-20,1991-02-28,1338,2012-12-22,2013-05-08
34/8-3 A,DST,DST1B,3071.50,3078.50,NULL,1988-10-23,1991-02-28,1338,2012-12-22,2013-05-08
34/8-4 A,DST,DST1,3322.90,3340.90,OIL,1992-04-09,1992-04-27,1909,9999-12-31,2013-05-08
34/8-4 A,DST,DST2,0.00,0.00,OIL,1992-04-22,1995-08-09,1909,9999-12-31,2013-05-08
34/8-4 A,DST,DST4,0.00,0.00,OIL,1992-05-12,9999-12-31,1909,9999-12-31,2013-05-08
34/8-4 S,DST,TEST1,3062.10,3079.70,NULL,1991-04-13,1991-11-05,1683,9999-12-31,2013-05-08
34/8-4 S,DST,TEST2A,2994.40,3002.20,NULL,1991-04-27,1991-05-28,1683,9999-12-31,2013-05-08
34/8-4 S,DST,TEST2B,2943.20,3002.20,NULL,1991-05-13,1991-05-08,1683,9999-12-31,2013-05-08
34/8-4 S,DST,DST4,0.00,0.00,NULL,1991-06-01,1995-08-09,1683,9999-12-31,2013-05-08
34/8-5,DST,NULL,0.00,0.00,NULL,1991-04-13,1991-05-28,1719,2012-12-22,2013-05-08
34/8-8 R,DST,TEST1,2973.20,2960.20,NULL,1993-02-21,1993-03-15,2080,9999-12-31,2013-05-08
34/8-8 R,DST,TEST2,2950.00,2921.00,NULL,1993-02-26,1993-03-15,2080,9999-12-31,2013-05-08
35/11-13,DST,TEST 1,0.00,0.00,OIL,2005-05-12,9999-12-31,5063,9999-12-31,2013-05-08
35/11-15 S,MDT,NULL,0.00,2941.00,OIL,2007-05-10,2011-03-10,5517,9999-12-31,2013-05-08
35/11-2,DST,DST1,0.00,0.00,NULL,9999-12-31,9999-12-31,893,9999-12-31,2013-05-08
35/11-2,DST,DST2,3524.00,3542.00,NULL,1987-11-03,1991-07-09,893,9999-12-31,2013-05-08
35/11-2,DST,NULL,3524.00,3542.00,NULL,1987-11-09,1991-02-28,893,9999-12-31,2013-05-08
35/11-2,DST,DST2B,0.00,0.00,NULL,1987-11-09,1991-12-05,893,9999-12-31,2013-05-08
35/11-2,DST,DST3,3477.00,3486.50,NULL,1987-11-12,1991-02-28,893,9999-12-31,2013-05-08
35/11-2,DST,DST4,3370.00,3378.00,NULL,1987-11-14,1991-02-28,893,9999-12-31,2013-05-08
35/11-2,DST,DST4,0.00,0.00,NULL,1987-11-14,1991-12-05,893,9999-12-31,2013-05-08
35/11-2,DST,DST4,3427.00,3432.00,NULL,1987-11-14,1991-07-09,893,9999-12-31,2013-05-08
35/11-2,DST,NULL,3374.00,3378.00,NULL,1987-11-19,1991-02-28,893,9999-12-31,2013-05-08
35/11-2,DST,DST 5,3378.00,3374.00,NULL,1987-11-19,1991-12-05,893,9999-12-31,2013-05-08
35/11-2,DST,DST51,3374.00,3378.00,NULL,1987-11-14,1991-07-09,893,9999-12-31,2013-05-08
35/11-4,DST,DST1,2674.50,2682.00,NULL,1991-12-07,1992-03-16,1523,9999-12-31,2013-05-08
35/11-4,DST,DST2,2284.00,2291.00,OIL,1991-12-16,1992-01-10,1523,9999-12-31,2013-05-08
35/11-4,DST,DST 2B,0.00,0.00,OIL,1991-12-16,1992-03-16,1523,9999-12-31,2013-05-08
35/11-4,DST,DST 3,2034.00,2046.00,NULL,1991-12-31,1992-01-10,1523,9999-12-31,2013-05-08
35/11-4,DST,DST3,2034.00,2046.00,NULL,1991-12-31,1992-03-16,1523,9999-12-31,2013-05-08
35/11-4,DST,DST 4B,2000.00,2003.00,NULL,1992-01-16,1992-01-25,1523,9999-12-31,2013-05-08
35/11-4,DST,DST4B,0.00,0.00,OIL,9999-12-31,9999-12-31,1523,9999-12-31,2013-05-08
35/11-4 R,DST,NULL,0.00,0.00,NULL,9999-12-31,9999-12-31,1883,9999-12-31,2013-05-08
35/11-4 R,DST,NULL,0.00,0.00,NULL,9999-12-31,9999-12-31,1883,9999-12-31,2013-05-08
35/11-7,DST,DST1,2476.00,2491.00,NULL,1992-09-12,1992-10-01,1979,9999-12-31,2013-05-08
35/11-7,DST,DST2,2476.00,2499.00,OIL,1992-09-21,1992-10-01,1979,9999-12-31,2013-05-08
35/11-8 S,DST,TEST 1B,2931.00,2910.00,NULL,1996-04-21,1996-05-06,2772,9999-12-31,2013-05-08
35/11-8 S,DST,TEST2,2892.00,2885.00,NULL,1996-04-27,1996-07-05,2772,9999-12-31,2013-05-08
35/3-4,DST,DST2A,3445.00,3471.50,NULL,1981-05-25,1991-02-20,219,9999-12-31,2013-05-08
35/9-1,DST,TEST1,2285.00,2291.80,NULL,1989-07-12,1991-02-28,1375,9999-12-31,2013-05-08
35/9-1,DST,DST1,0.00,0.00,NULL,1989-07-12,1991-12-05,1375,9999-12-31,2013-05-08
35/9-1,DST,NULL,2225.40,2249.40,NULL,9999-12-31,1991-02-28,1375,9999-12-31,2013-05-08
35/9-1,DST,DST2,0.00,0.00,CONDENSATE,1989-07-15,1991-12-05,1375,9999-12-31,2013-05-08
35/9-1,DST,NULL,2100.30,2138.30,NULL,9999-12-31,1991-02-28,1375,9999-12-31,2013-05-08
35/9-1,DST,TEST3,0.00,0.00,CONDENSATE,1989-07-20,1991-12-05,1375,9999-12-31,2013-05-08
35/9-2,DST,TEST-1,2342.00,2330.00,NULL,1991-02-23,1991-05-28,1600,9999-12-31,2013-05-08
35/9-2,DST,TEST-2,2295.50,2310.50,NULL,1991-03-11,1991-05-28,1600,9999-12-31,2013-05-08
35/9-2,DST,TEST-3,2187.20,2211.20,CONDENSATE,1991-03-19,1991-05-28,1600,9999-12-31,2013-05-08
35/9-2,DST,TEST- 4,2130.00,2100.00,CONDENSATE,1991-03-27,1991-05-28,1600,9999-12-31,2013-05-08
36/7-1,DST,DST1,2368.00,2363.00,NULL,1996-05-01,1996-08-19,1794,9999-12-31,2013-05-08
6/3-1,DST,TEST1,3023.00,3015.00,NULL,1985-01-08,1991-10-01,450,9999-12-31,2013-05-08
6/3-1,DST,TEST2,2993.00,2978.00,NULL,1985-01-15,1991-10-01,450,9999-12-31,2013-05-08
6/3-1,DST,TEST3,2921.00,2902.00,NULL,1985-01-21,1991-10-01,450,9999-12-31,2013-05-08
6201/11-1,DST,TEST3,2712.60,2716.70,NULL,1987-10-30,1991-12-05,1134,9999-12-31,2013-05-08
6305/5-1,DST,NULL,0.00,0.00,NULL,9999-12-31,9999-12-31,3144,9999-12-31,2013-05-08
6305/7-1,DST,DST 1,2931.00,2915.00,CONDENSATE,1998-08-23,2000-01-04,3535,9999-12-31,2013-05-08
6305/8-1,MDT,MDT-1,0.00,2942.00,WATER,2000-08-12,2000-10-02,4109,9999-12-31,2013-05-08
6306/10-1,DST,DST2,2716.00,2827.00,NULL,1990-12-11,1991-03-06,1551,9999-12-31,2013-05-08
6405/7-1,DST,NULL,2811.70,2758.00,OIL,2003-10-02,2004-06-15,4749,9999-12-31,2013-05-08
6406/3-2,DST,TEST2,3937.00,3995.00,NULL,1986-11-09,1991-12-05,863,9999-12-31,2013-05-08
6406/3-3,DST,RFT2D,3994.50,0.00,NULL,1986-09-29,1991-12-05,949,9999-12-31,2013-05-08
6406/3-9,MDT,NULL,0.00,4102.15,OIL,2012-03-02,2012-07-19,6594,9999-12-31,2013-05-08
6406/3-9,MDT,NULL,0.00,3457.50,OIL,2012-01-22,2012-07-19,6594,9999-12-31,2013-05-08
6406/3-D-2 H,DST,NULL,0.00,4189.20,OIL,2010-10-21,2011-02-10,6454,9999-12-31,2013-05-08
6406/8-1,DST,DST2C,0.00,0.00,NULL,9999-12-31,9999-12-31,1136,9999-12-31,2013-05-08
6406/8-1,DST,DST2C,4453.50,4413.50,WATER,1988-03-26,1995-08-09,1136,9999-12-31,2013-05-08
6406/9-1,DST,NULL,0.00,0.00,CONDENSATE,2005-04-30,2005-10-11,4927,9999-12-31,2013-05-08
6407/1-2,DST,TEST1,3659.00,3669.00,NULL,1983-05-06,1991-12-05,61,9999-12-31,2013-05-08
6407/1-3,DST,TEST1,3697.50,3702.50,NULL,1983-12-22,1991-12-05,29,9999-12-31,2013-05-08
6407/1-3,DST,TEST2,3665.00,3670.00,NULL,1984-01-04,1991-12-05,29,9999-12-31,2013-05-08
6407/1-4,DST,DST1,0.00,0.00,OIL,1996-08-03,1996-08-19,2796,9999-12-31,2013-05-08
6407/2-2,DST,DST1,2476.00,2484.00,CONDENSATE,1983-06-25,1991-02-20,16,9999-12-31,2013-05-08
6407/2-3,DST,DST1,2518.20,2508.70,NULL,1987-01-06,1991-02-20,935,9999-12-31,2013-05-08
6407/2-3,DST,DST 2,2427.80,2435.80,NULL,1987-01-13,1991-02-20,935,9999-12-31,2013-05-08
6407/2-6 S,DST,NULL,0.00,2940.00,NULL,9999-12-31,2011-03-10,6351,9999-12-31,2013-05-08
6407/4-1,DST,TEST2,3889.00,3919.00,NULL,1985-11-04,1991-12-05,490,9999-12-31,2013-05-08
6407/6-3,DST,TEST1,2581.20,2574.20,NULL,1987-01-31,1991-12-05,1024,9999-12-31,2013-05-08
6407/6-3,DST,TEST2,2559.20,2550.20,NULL,1987-02-05,1991-12-05,1024,9999-12-31,2013-05-08
6407/6-3,DST,TEST3,2493.00,2483.00,NULL,1987-02-10,1991-12-05,1024,9999-12-31,2013-05-08
6407/7-1 S,DST,DST2,3022.90,3034.40,OIL,1986-03-08,1991-02-28,474,9999-12-31,2013-05-08
6407/7-1 S,DST,DST3,2946.50,2973.00,OIL,1986-03-16,1991-02-28,474,9999-12-31,2013-05-08
6407/7-1 S,DST,DST4,2840.00,2886.00,NULL,1986-03-23,1991-02-28,474,9999-12-31,2013-05-08
6407/7-1 S,DST,DST5,2758.00,2781.00,NULL,1986-03-30,1991-02-28,474,9999-12-31,2013-05-08
6407/7-2,DST,NULL,2869.00,2878.00,NULL,1987-01-06,1991-02-28,1017,9999-12-31,2013-05-08
6407/7-2,DST,DST2,2801.50,2819.50,OIL,1987-01-12,1991-02-28,1017,9999-12-31,2013-05-08
6407/7-2 R,DST,DST1,0.00,0.00,NULL,9999-12-31,1991-02-28,1513,9999-12-31,2013-05-08
6407/7-2 R,DST,NULL,2772.60,2878.00,NULL,1990-03-24,1991-12-05,1513,9999-12-31,2013-05-08
6407/7-3,DST,DST2A,2990.00,3014.00,NULL,1988-05-08,1991-02-28,1229,9999-12-31,2013-05-08
6407/7-3,DST,DST3,2852.00,2867.00,NULL,1988-05-11,1991-02-28,1229,9999-12-31,2013-05-08
6407/7-4,DST,DST2A,2999.00,3008.00,NULL,1989-03-21,1991-12-05,1360,9999-12-31,2013-05-08
6407/7-4,DST,DST 2B,2999.00,3008.00,NULL,1989-03-25,1991-02-28,1360,9999-12-31,2013-05-08
6407/7-6,DST,DST 1,0.00,3726.00,NULL,2000-12-01,2001-02-28,4172,9999-12-31,2013-05-08
6407/7-7 S,DST,NULL,0.00,3623.00,CONDENSATE,2010-05-19,2011-03-10,5550,9999-12-31,2013-05-08
6407/9-1,DST,DST1,1638.00,1632.00,NULL,1984-08-29,1991-12-05,133,9999-12-31,2013-05-08
6407/9-1,DST,TEST1,1632.00,1638.00,NULL,1984-08-29,1991-03-06,133,9999-12-31,2013-05-08
6407/9-2,DST,DST2,1651.00,1657.00,NULL,1985-01-16,1991-03-06,449,9999-12-31,2013-05-08
6407/9-3,DST,TEST1E,1631.00,1643.00,NULL,1985-07-20,1991-03-16,469,9999-12-31,2013-05-08
6407/9-4,DST,TEST2A,1662.00,1667.00,NULL,1985-08-16,1991-03-06,480,9999-12-31,2013-05-08
6407/9-5,DST,DST1,1654.00,1661.00,NULL,1985-10-30,1991-03-06,492,9999-12-31,2013-05-08
6407/9-6,DST,SAMPLE8,1637.00,1646.00,NULL,1986-02-18,1991-03-06,871,9999-12-31,2013-05-08
6506/11-2,DST,DST1A,4668.00,4704.00,NULL,1991-08-29,1992-04-01,1754,9999-12-31,2013-05-08
6506/11-2,DST,DST2,4553.20,4597.00,NULL,1991-09-10,1992-04-01,1754,9999-12-31,2013-05-08
6506/11-2,DST,DST4,4420.00,4371.00,NULL,1991-09-22,1992-04-01,1754,9999-12-31,2013-05-08
6506/11-2,DST,TEST5,4048.00,4005.00,NULL,1991-10-03,1992-04-01,1754,9999-12-31,2013-05-08
6506/11-2,DST,TEST6,3373.50,3398.50,NULL,1991-10-10,1992-04-01,1754,9999-12-31,2013-05-08
6506/11-6,DST,DST1,4849.00,4839.00,NULL,1998-07-06,1998-07-21,3306,9999-12-31,2013-05-08
6506/11-6,DST,TEST2,4737.00,4695.00,CONDENSATE,1998-07-21,1998-09-16,3306,9999-12-31,2013-05-08
6506/11-6,DST,TEST3,4669.00,4651.00,CONDENSATE,9999-12-31,1998-09-16,3306,9999-12-31,2013-05-08
6506/11-7,DST,NULL,0.00,0.00,CONDENSATE,2001-06-22,2011-03-10,3322,9999-12-31,2013-05-08
6506/11-7,DST,NULL,0.00,0.00,CONDENSATE,2001-07-14,2011-03-10,3322,9999-12-31,2013-05-08
6506/11-8,DST,2C,0.00,4773.00,CONDENSATE,9999-12-31,2011-03-10,5295,9999-12-31,2013-05-08
6506/11-8,DST,2B,0.00,4578.00,CONDENSATE,9999-12-31,2011-03-10,5295,9999-12-31,2013-05-08
6506/12-1,DST,DST2,4351.00,4374.00,NULL,1984-12-11,1991-12-05,1004,9999-12-31,2013-05-08
6506/12-1,DST,DST2C,4373.00,4351.00,NULL,1984-12-12,1991-12-05,1004,9999-12-31,2013-05-08
6506/12-1,DST,DST3,4374.00,4351.00,NULL,1984-12-22,1991-12-05,1004,9999-12-31,2013-05-08
6506/12-1,DST,DST4,4251.00,4261.00,NULL,1984-12-26,1991-12-05,1004,9999-12-31,2013-05-08
6506/12-1,DST,DST4B,4251.00,4261.00,NULL,1984-12-30,1991-12-05,1004,9999-12-31,2013-05-08
6506/12-1,DST,DST5B,4203.00,4218.00,NULL,1985-01-08,1991-12-05,1004,9999-12-31,2013-05-08
6506/12-1,DST,DST5D,4203.00,4218.00,NULL,1985-01-14,1992-04-01,1004,9999-12-31,2013-05-08
6506/12-1,DST,DST7,3993.00,4011.00,NULL,1985-01-27,1992-04-01,1004,9999-12-31,2013-05-08
6506/12-10 A,DST,TEST1,0.00,0.00,NULL,1995-10-28,1996-04-15,2610,9999-12-31,2013-05-08
6506/12-11 S,DST,NULL,0.00,0.00,NULL,9999-12-31,9999-12-31,2795,9999-12-31,2013-05-08
6506/12-11 S,DST,DST1,0.00,0.00,NULL,1996-08-23,1996-11-29,2795,9999-12-31,2013-05-08
6506/12-11 S,DST,DST2,0.00,0.00,NULL,1996-09-03,1996-11-29,2795,9999-12-31,2013-05-08
6506/12-3,DST,DST1,4222.00,4241.00,NULL,1985-05-21,1992-04-01,468,9999-12-31,2013-05-08
6506/12-3,DST,DST2,4143.00,4148.00,NULL,1985-05-28,1992-04-01,468,9999-12-31,2013-05-08
6506/12-3,DST,DST3,3960.00,3980.00,NULL,1985-06-04,1992-04-01,468,9999-12-31,2013-05-08
6506/12-3,DST,DST4,3880.00,3890.00,NULL,1985-06-10,1992-04-01,468,9999-12-31,2013-05-08
6506/12-3,DST,DST5,3822.00,3836.00,NULL,1985-07-03,1992-04-01,468,9999-12-31,2013-05-08
6506/12-3,DST,DST6,3162.00,3173.00,NULL,1985-07-08,1992-04-01,468,9999-12-31,2013-05-08
6506/12-5,DST,DST2,4004.00,4009.50,NULL,1986-02-21,1992-01-17,852,9999-12-31,2013-05-08
6506/12-5,DST,DST2B,0.00,0.00,NULL,1986-02-23,1992-04-01,852,9999-12-31,2013-05-08
6506/12-5,DST,DST4,3145.00,3148.50,NULL,1986-03-12,1992-04-01,852,9999-12-31,2013-05-08
6506/12-6,DST,TEST1,4485.00,4496.00,NULL,1986-07-02,1992-04-01,1342,9999-12-31,2013-05-08
6506/12-6,DST,TEST3,4283.00,4323.00,NULL,1986-07-16,1992-04-01,1342,9999-12-31,2013-05-08
6506/12-7,DST,TEST1,4741.00,4748.00,NULL,1982-07-18,1992-04-01,300,9999-12-31,2013-05-08
6506/12-7,DST,TEST2,4702.00,4707.00,NULL,1982-07-24,1992-04-01,300,9999-12-31,2013-05-08
6506/12-7,DST,TEST3,4474.00,4512.00,NULL,1982-07-30,1992-04-01,300,9999-12-31,2013-05-08
6506/12-8,DST,TEST1,4237.00,4277.00,NULL,1988-08-16,1992-05-02,1068,9999-12-31,2013-05-08
6506/12-8,DST,TEST2,3915.00,3923.00,NULL,1988-08-25,1992-05-02,1068,9999-12-31,2013-05-08
6506/12-9 S,DST,DST5,0.00,0.00,OIL,1993-08-29,1993-10-01,2128,9999-12-31,2013-05-08
6506/12-K-3 H,DST,NULL,0.00,0.00,NULL,1998-06-06,1998-07-23,3124,9999-12-31,2013-05-08
6507/11-3,DST,DST1,2519.00,2521.00,NULL,1985-08-01,1991-02-20,470,9999-12-31,2013-05-08
6507/11-3,DST,DST2,2495.00,2508.00,NULL,1985-08-05,1991-02-20,470,9999-12-31,2013-05-08
6507/11-3,DST,DST3,2412.50,2419.50,NULL,1985-08-10,1991-02-20,470,9999-12-31,2013-05-08
6507/11-9,DST,2A,0.00,0.00,WATER,9999-12-31,9999-12-31,5766,9999-12-31,2013-05-08
6507/2-2,DST,TEST1A,3294.00,3285.00,CONDENSATE,1992-02-16,9999-12-31,1840,9999-12-31,2013-05-08
6507/2-2,DST,TEST2,2831.00,2820.00,NULL,1992-03-02,1992-03-27,1840,9999-12-31,2013-05-08
6507/2-4,DST,NULL,0.00,0.00,NULL,9999-12-31,2011-08-06,5685,9999-12-31,2013-05-08
6507/3-1,DST,TEST3,3611.00,3636.00,NULL,1990-10-10,1992-05-02,1533,9999-12-31,2013-05-08
6507/5-1,DST,DST1,3607.00,3653.00,OIL,1998-04-02,1998-04-28,3683,9999-12-31,2013-05-08
6507/5-1,DST,DST2,3430.00,3442.00,CONDENSATE,1998-04-13,1998-04-28,3683,9999-12-31,2013-05-08
6507/5-1,DST,DST2A,3494.00,3514.00,CONDENSATE,1998-04-15,1998-04-28,3683,9999-12-31,2013-05-08
6507/5-1,DST,DST3,2993.00,3001.00,OIL,1998-04-26,1998-04-28,3683,9999-12-31,2013-05-08
6507/5-5,DST,NULL,0.00,0.00,NULL,9999-12-31,2011-08-06,4428,9999-12-31,2013-05-08
6507/6-2,RFT,RFT-2A,2754.50,2886.50,NULL,1991-06-08,1991-07-22,1520,9999-12-31,2013-05-08
6507/7-2,DST,NULL,2417.00,2439.00,NULL,1985-04-29,1991-07-22,464,9999-12-31,2013-05-08
6507/7-2,DST,NULL,2365.00,2376.00,NULL,1985-04-30,1991-07-22,464,9999-12-31,2013-05-08
6507/7-2,DST,DST4A,2330.00,2340.00,NULL,1985-05-24,1991-07-22,464,9999-12-31,2013-05-08
6507/7-2,DST,DST5,2290.00,2310.00,NULL,1985-05-29,1991-07-22,464,9999-12-31,2013-05-08
6507/7-2,DST,DST6,2232.00,2245.00,NULL,1985-06-01,1991-07-22,464,9999-12-31,2013-05-08
6507/7-2,DST,DST7,2203.00,2222.00,NULL,1985-06-05,1991-07-22,464,9999-12-31,2013-05-08
6507/7-3,DST,DST1,2413.00,2430.00,NULL,1985-09-03,1991-07-22,482,9999-12-31,2013-05-08
6507/7-3,DST,DST2,2385.00,2400.00,NULL,1985-09-08,1991-07-22,482,9999-12-31,2013-05-08
6507/7-3,DST,DST3,2368.00,2380.00,NULL,1985-09-12,1991-07-22,482,9999-12-31,2013-05-08
6507/7-4,DST,DST1,2494.00,2499.00,NULL,1985-12-18,1991-07-22,853,9999-12-31,2013-05-08
6507/7-4,DST,DST2,2470.00,2477.00,NULL,1985-12-24,1991-07-22,853,9999-12-31,2013-05-08
6507/7-4,DST,DST3,2418.00,2424.00,NULL,1985-12-31,1991-07-22,853,9999-12-31,2013-05-08
6507/7-5,DST,NULL,2418.00,2424.00,NULL,1986-02-21,1991-07-22,879,9999-12-31,2013-05-08
6507/7-5,DST,TEST1,0.00,0.00,NULL,1987-01-20,1992-05-02,879,9999-12-31,2013-05-08
6507/7-5,DST,DST2,2355.00,2375.00,NULL,1986-02-25,1991-07-22,879,9999-12-31,2013-05-08
6507/7-5,DST,NULL,2355.00,2375.00,NULL,1986-03-02,1991-07-22,879,9999-12-31,2013-05-08
6507/7-5,DST,TEST2A,2355.00,2375.00,NULL,1986-03-02,1992-05-02,879,9999-12-31,2013-05-08
6507/7-6,DST,DST1,2411.50,2424.00,NULL,1986-08-24,1991-07-22,922,9999-12-31,2013-05-08
6507/7-6,DST,DST2,2348.50,2365.00,NULL,1984-08-30,1991-07-22,922,9999-12-31,2013-05-08
6507/7-6,DST,TEST2,0.00,0.00,NULL,1986-08-30,1992-05-02,922,9999-12-31,2013-05-08
6507/7-8,DST,DST1,2473.00,2480.00,NULL,1987-07-19,1991-07-22,1071,9999-12-31,2013-05-08
6507/7-8,DST,DST2,2438.00,2441.00,NULL,1987-07-21,1991-07-22,1071,9999-12-31,2013-05-08
6507/8-1,DST,DST1,2444.00,2462.50,NULL,1986-11-30,1991-07-22,933,9999-12-31,2013-05-08
6507/8-1,DST,DST2,2386.00,2406.00,NULL,1986-12-04,1991-07-22,933,9999-12-31,2013-05-08
6507/8-4,DST,TEST2,2200.00,2221.00,NULL,1990-07-25,1992-05-02,1340,9999-12-31,2013-05-08
6507/8-4,DST,TEST3,2163.50,2168.00,NULL,1990-07-30,1992-05-02,1340,9999-12-31,2013-05-08
6507/8-4,DST,TEST4,2126.00,2135.00,NULL,1990-08-07,1992-05-02,1340,9999-12-31,2013-05-08
6604/2-1,DST,NULL,0.00,3115.00,WATER,2011-04-19,2011-05-24,6568,9999-12-31,2013-05-08
6605/8-1,NULL,NULL,0.00,0.00,CONDENSATE,2005-09-22,2005-10-25,4984,9999-12-31,2013-05-08
6605/8-1,DST,NULL,0.00,0.00,NULL,9999-12-31,9999-12-31,4984,9999-12-31,2013-05-08
6608/10-14 S,DST,3C,0.00,2568.10,OIL,9999-12-31,2011-03-10,6306,9999-12-31,2013-05-08
6608/10-14 S,DST,1A,0.00,2692.40,OIL,9999-12-31,2011-03-10,6306,9999-12-31,2013-05-08
6608/10-2,DST,DST2,2673.00,2695.00,NULL,1992-01-04,1992-02-10,1782,9999-12-31,2013-05-08
6608/10-2,DST,DST3A,2603.00,2606.00,NULL,1992-01-10,1992-02-10,1782,9999-12-31,2013-05-08
6608/10-2,DST,DST3B,2603.00,2606.00,NULL,1992-01-13,1992-02-10,1782,9999-12-31,2013-05-08
6608/10-4,DST,DST2,2582.20,2466.20,OIL,1994-02-16,1994-03-11,2256,9999-12-31,2013-05-08
6608/10-4,DST,DST3AB,2514.00,2484.50,NULL,1994-02-23,1994-03-11,2256,9999-12-31,2013-05-08
6608/10-6,DST,NULL,0.00,0.00,OIL,9999-12-31,9999-12-31,3260,9999-12-31,2013-05-08
6608/10-6,MDT,NULL,0.00,1910.50,OIL,2000-01-01,9999-12-31,3260,9999-12-31,2013-05-08
6608/10-7,MDT,NULL,0.00,0.00,OIL,2001-04-30,2011-03-10,4273,9999-12-31,2013-05-08
6608/10-9,DST,NULL,0.00,2169.00,OIL,9999-12-31,9999-12-31,4668,9999-12-31,2013-05-08
6608/11-4,DST,NULL,0.00,1657.60,WATER,2004-05-16,2011-03-10,4939,9999-12-31,2013-05-08
6610/7-2,MUD,NULL,0.00,0.00,BASE OIL,9999-12-31,1992-05-02,26,9999-12-31,2013-05-08
7/11-9,DST,DST1,4169.00,4182.50,NULL,1986-03-03,1991-02-28,856,9999-12-31,2013-05-08
7/11-A-1,DST,NULL,0.00,0.00,NULL,1996-03-06,1996-04-15,832,9999-12-31,2013-05-08
7/11-A-8,DST,NULL,0.00,0.00,NULL,1996-03-05,1996-04-15,839,9999-12-31,2013-05-08
7/11-A-9,DST,NULL,0.00,0.00,NULL,1996-03-05,1996-04-15,840,9999-12-31,2013-05-08
7/12-2,DST,DST1A,3640.20,3666.00,NULL,1976-09-08,1991-07-22,295,9999-12-31,2013-05-08
7/12-2,DST,DST2,3525.00,3532.00,NULL,1976-09-11,1991-07-22,295,9999-12-31,2013-05-08
7/12-2,DST,DST3,3426.50,3437.70,NULL,1976-09-14,1991-07-22,295,9999-12-31,2013-05-08
7/12-2,DST,DST4,3383.70,3393.00,NULL,1976-09-18,1991-07-22,295,9999-12-31,2013-05-08
7/12-6,DST,TEST2,0.00,3511.00,NULL,1981-07-16,1997-04-01,281,9999-12-31,2013-05-08
7/12-6,DST,NULL,0.00,0.00,NULL,1983-06-29,1991-10-01,281,9999-12-31,2013-05-08
7/4-2,DST,NULL,0.00,3389.00,NULL,9999-12-31,2011-08-06,5683,9999-12-31,2013-05-08
7/7-2,DST,TEST2,3333.00,3342.00,NULL,1992-04-15,1992-05-02,1868,9999-12-31,2013-05-08
7/8-3,DST,DST1,3762.00,3767.00,NULL,1983-12-02,1991-07-22,28,9999-12-31,2013-05-08
7/8-3,DST,DST2,3734.50,3740.50,NULL,1983-12-05,1991-07-22,28,9999-12-31,2013-05-08
7119/12-3,DST,TEST1,3185.00,3195.00,NULL,1983-09-03,1992-04-01,17,9999-12-31,2013-05-08
7119/9-1,RFT,RFT 1,2748.00,0.00,NULL,1984-09-14,1995-08-09,132,9999-12-31,2013-05-08
7119/9-1,RFT,RFT 2,3096.00,0.00,NULL,1985-09-15,1995-08-09,132,9999-12-31,2013-05-08
7120/1-2,DST,TEST3A,1879.00,1971.00,NULL,1989-03-21,1992-04-01,1366,9999-12-31,2013-05-08
7120/1-2,DST,NULL,1888.00,1896.00,NULL,1989-03-21,1991-03-06,1366,9999-12-31,2013-05-08
7120/1-2,DST,DST3B,1944.00,1971.00,NULL,1989-03-22,1991-03-06,1366,9999-12-31,2013-05-08
7120/12-2,DST,NULL,1985.00,1991.00,CONDENSATE,1981-09-03,1991-02-28,122,2012-11-07,2013-05-08
7120/2-1,DST,NULL,0.00,0.00,NULL,9999-12-31,1991-02-28,473,9999-12-31,2013-05-08
7120/2-1,DST,NULL,0.00,0.00,NULL,1986-08-07,1992-04-01,473,9999-12-31,2013-05-08
7120/6-1,DST,DST2,2432.05,2436.05,OIL,1985-04-13,1991-02-28,456,9999-12-31,2013-05-08
7120/6-1,DST,DST4,2386.00,2401.00,CONDENSATE,1985-04-25,1991-02-28,456,9999-12-31,2013-05-08
7120/6-2 S,DST,0,0.00,2630.00,OIL,9999-12-31,2011-03-10,3558,9999-12-31,2013-05-08
7120/6-2 S,MDT,NULL,0.00,2632.00,OIL,2007-07-11,9999-12-31,3558,9999-12-31,2013-05-08
7120/7-1,DST,TEST2,2415.00,2435.00,NULL,1982-09-29,1992-04-01,85,9999-12-31,2013-05-08
7120/7-2,DST,TEST1,2153.00,2180.00,NULL,1983-08-11,1992-04-01,18,9999-12-31,2013-05-08
7120/8-1,DST,DST1,2165.00,2172.00,NULL,1981-08-20,1992-04-01,120,9999-12-31,2013-05-08
7120/8-1,DST,DST2,2133.00,2138.00,NULL,1981-08-26,1992-04-01,120,9999-12-31,2013-05-08
7120/8-1,DST,DST3,2093.00,2110.00,NULL,1981-08-31,1992-04-01,120,9999-12-31,2013-05-08
7120/8-2,DST,DST1,2092.00,2097.00,NULL,1982-07-20,1992-04-01,50,9999-12-31,2013-05-08
7120/9-1,DST,DST2A,1869.00,1874.00,NULL,1982-09-17,1991-02-28,82,9999-12-31,2013-05-08
7121/4-1,DST,DST1,2497.00,2504.00,WATER,1985-04-07,1992-04-01,135,9999-12-31,2013-05-08
7121/4-1,DST,DST2,2471.00,2465.00,CONDENSATE,1984-10-05,1991-02-28,135,9999-12-31,2013-05-08
7121/4-1,DST,DST3,2419.80,2434.80,OIL,1984-10-10,1992-04-01,135,9999-12-31,2013-05-08
7121/4-1,DST,DST4,2353.00,2385.00,CONDENSATE,1984-10-17,1992-04-01,135,9999-12-31,2013-05-08
7121/5-1,DST,DST1,2436.00,2439.00,NULL,1985-09-04,1992-04-01,479,9999-12-31,2013-05-08
7121/7-1,DST,DST2,1866.00,1871.00,NULL,1984-07-23,1992-04-01,130,9999-12-31,2013-05-08
7121/7-2,DST,DST1,1881.00,1898.00,NULL,1986-08-07,9999-12-31,881,9999-12-31,2013-05-08
7121/7-2,FMT,NULL,0.00,1899.00,NULL,1986-08-01,9999-12-31,881,9999-12-31,2013-05-08
7122/6-1,DST,NULL,2424.00,2434.00,NULL,1987-11-03,1990-11-30,1140,9999-12-31,2013-05-08
7122/7-1,DST,MDT-1,0.00,1114.40,OIL,2000-09-30,2000-10-24,4173,9999-12-31,2013-05-08
7122/7-2,DST,NULL,0.00,0.00,OIL,9999-12-31,2011-08-06,4391,9999-12-31,2013-05-08
7122/7-3,MDT,NULL,0.00,1195.60,NULL,2005-11-30,2006-01-03,5214,9999-12-31,2013-05-08
7122/7-3,MDT,NULL,0.00,1812.00,NULL,2005-12-17,2006-01-03,5214,9999-12-31,2013-05-08
7122/7-4 S,DST,NULL,0.00,0.00,NULL,9999-12-31,2011-08-06,5406,9999-12-31,2013-05-08
7128/4-1,DST,DST1-1A,1610.00,1595.00,NULL,1994-02-09,1994-12-07,2049,9999-12-31,2013-05-08
7128/4-1,DST,DST1A-1B,1610.00,1577.00,NULL,1994-02-10,9999-12-31,2049,9999-12-31,2013-05-08
7128/4-1,DST,DST2,1577.00,0.00,NULL,1994-02-17,1994-03-11,2049,9999-12-31,2013-05-08
7220/8-1,DST,NULL,0.00,0.00,NULL,2011-04-13,2011-08-06,6484,9999-12-31,2013-05-08
7222/6-1 S,DST,"1,01      ",0.00,1633.80,OIL,2008-02-22,2011-03-10,5755,9999-12-31,2013-05-08
7224/7-1,RFT,RFT,0.00,902.00,NULL,9999-12-31,9999-12-31,1245,9999-12-31,2013-05-08
7228/7-1 A,DST,NULL,0.00,0.00,CONDENSATE,2001-07-23,2011-03-10,4257,9999-12-31,2013-05-08
9/2-1,DST,TEST3,3177.00,3210.00,NULL,1987-04-20,1991-10-01,1038,9999-12-31,2013-05-08
9/2-3,DST,TEST1,3258.00,3268.00,NULL,1990-01-29,1991-10-01,1294,9999-12-31,2013-05-08
