wlbName,wlbDstTestNumber,wlbDstFromDepth,wlbDstToDepth,wlbDstChokeSize,wlbDstFinShutInPress,wlbDstFinFlowPress,wlbDstBottomHolePress,wlbDstOilProd,wlbDstGasProd,wlbDstOilDensity,wlbDstGasDensity,wlbDstGasOilRelation,wlbNpdidWellbore,wlbDstDateUpdated,dateSyncNPD
1/2-1,1.0,3122,3137,25.4,0.000,0.000,0.000,859,57000,0.810,0.000,66,1382,9999-12-31,2013-05-08
1/3-1,1.0,4585,4602,12.5,80.000,61.000,0.000,0,1132,0.000,0.000,0,154,9999-12-31,2013-05-08
1/3-1,2.0,4565,4602,12.5,52.000,40.000,0.000,0,6626,0.000,0.000,0,154,9999-12-31,2013-05-08
1/3-1,3.0,3356,3361,12.5,70.000,50.000,0.000,0,28317,0.000,0.000,0,154,9999-12-31,2013-05-08
1/3-10,1.0,3158,3288,19.0,9.000,0.000,38.000,457,212453,0.791,0.855,465,5614,9999-12-31,2013-05-08
1/3-3,1.0,4529,4552,25.4,0.000,0.000,0.000,0,0,0.000,0.000,0,87,9999-12-31,2013-05-08
1/3-3,2.0,4233,4240,9.5,0.000,0.000,0.000,0,0,0.000,0.000,0,87,9999-12-31,2013-05-08
1/3-3,3.1,4202,4208,50.8,0.000,0.000,0.000,0,0,0.000,0.000,0,87,9999-12-31,2013-05-08
1/3-3,3.3,4211,4214,6.4,0.000,0.000,0.000,143,28000,0.829,0.820,196,87,9999-12-31,2013-05-08
1/3-6,1.0,2961,2977,17.5,0.000,3.000,0.000,78,93300,0.780,0.780,1196,1521,9999-12-31,2013-05-08
1/3-6,2.0,2913,2953,15.8,0.000,6.800,0.000,153,172500,0.771,0.735,1131,1521,9999-12-31,2013-05-08
1/3-7,1.1,3184,3216,12.5,0.000,30.000,0.000,49,16783,0.806,0.000,364,2505,2012-07-21,2013-05-08
1/3-7,2.0,3184,3220,12.5,0.000,40.000,41.000,137,37762,0.790,0.000,281,2505,2012-07-21,2013-05-08
1/5-2,1.0,3338,3363,0.0,0.000,0.000,0.000,5,0,0.870,0.000,0,238,9999-12-31,2013-05-08
1/5-2,2.0,3152,3174,21.4,0.000,0.000,0.000,500,180662,0.810,0.000,361,238,9999-12-31,2013-05-08
1/5-2,3.0,3076,3103,0.0,0.000,0.000,0.000,15,0,0.000,0.000,0,238,9999-12-31,2013-05-08
1/5-2,4.0,2832,2841,0.0,0.000,0.000,0.000,37,16707,0.820,0.000,456,238,9999-12-31,2013-05-08
1/6-1,1.0,3820,3833,0.0,0.000,0.000,0.000,0,0,0.000,0.000,0,239,9999-12-31,2013-05-08
1/6-1,2.0,3621,3633,12.0,0.000,0.000,0.000,32,16980,0.832,0.000,0,239,9999-12-31,2013-05-08
1/6-1,3.0,3271,3280,25.4,0.000,0.000,0.000,352,466893,0.794,0.690,0,239,9999-12-31,2013-05-08
1/6-1,4.0,3153,3159,25.4,0.000,0.000,0.000,24,51959,0.796,0.745,0,239,9999-12-31,2013-05-08
1/6-5,1.0,1722,1741,9.5,0.000,0.000,0.000,0,0,0.000,0.000,0,1508,2012-07-21,2013-05-08
1/6-6,1.0,5391,5407,12.7,48.000,12.000,0.000,0,4300,0.000,0.670,0,1839,9999-12-31,2013-05-08
1/9-1,1.0,3298,3310,19.0,0.000,0.000,0.000,0,0,0.000,0.000,0,243,9999-12-31,2013-05-08
1/9-1,2.0,3210,3220,19.0,0.000,0.000,0.000,0,0,0.000,0.000,0,243,9999-12-31,2013-05-08
1/9-1,3.0,3174,3182,19.0,0.000,0.000,0.000,0,0,0.000,0.000,0,243,9999-12-31,2013-05-08
1/9-1,4.0,3148,3157,9.5,0.000,41.000,0.000,420,154000,0.849,0.699,380,243,9999-12-31,2013-05-08
1/9-1,5.0,3120,3133,9.5,0.000,27.000,0.000,460,251000,0.818,0.680,550,243,9999-12-31,2013-05-08
1/9-1,5.1,3129,3133,5.0,21.000,0.000,0.000,98,45000,0.836,0.710,600,243,9999-12-31,2013-05-08
1/9-1,6.0,3105,3109,8.4,14.300,0.000,0.000,127,130000,0.796,0.708,990,243,9999-12-31,2013-05-08
1/9-1,7.0,3082,3088,0.0,0.000,0.000,0.000,0,0,0.000,0.000,0,243,9999-12-31,2013-05-08
1/9-1,8.0,3055,3068,4.6,11.100,0.000,0.000,90,218000,0.760,0.691,2336,243,9999-12-31,2013-05-08
1/9-1,8.1,3055,3068,18.3,13.300,0.000,0.000,1007,0,0.000,0.000,0,243,9999-12-31,2013-05-08
1/9-2,1.0,3197,3209,0.0,0.000,0.000,0.000,0,0,0.000,0.000,0,244,9999-12-31,2013-05-08
1/9-2,2.0,3130,3154,0.0,0.000,0.000,0.000,0,0,0.000,0.000,0,244,9999-12-31,2013-05-08
1/9-3,1.0,3205,3214,19.0,0.000,0.000,0.000,0,0,0.000,0.000,0,245,9999-12-31,2013-05-08
1/9-3,2.0,3157,3180,9.5,0.000,0.000,0.000,8,4800,0.000,0.840,0,245,9999-12-31,2013-05-08
1/9-3,3.0,3126,3125,0.0,0.000,0.000,0.000,0,0,0.000,0.000,0,245,9999-12-31,2013-05-08
1/9-3,4.0,3094,3112,19.0,0.000,0.000,0.000,397,648400,0.000,0.770,0,245,9999-12-31,2013-05-08
1/9-4,1.0,3292,3296,19.0,0.000,0.000,0.000,16,30582,0.790,0.000,0,247,9999-12-31,2013-05-08
1/9-4,2.0,3235,3255,19.0,0.000,0.000,0.000,592,673944,0.790,0.000,0,247,9999-12-31,2013-05-08
1/9-4,3.0,3176,3198,19.0,0.000,0.000,0.000,0,311487,0.000,0.000,0,247,9999-12-31,2013-05-08
1/9-4,4.0,3137,3127,19.0,0.000,0.000,0.000,223,498379,0.770,0.690,0,247,9999-12-31,2013-05-08
1/9-6 S,1.0,3772,3777,0.0,0.000,0.000,0.000,0,0,0.000,0.000,0,44,9999-12-31,2013-05-08
1/9-6 S,2.0,3636,3655,11.1,0.000,0.000,0.000,500,530000,0.799,0.705,1115,44,9999-12-31,2013-05-08
1/9-6 S,3.0,3524,3588,17.4,0.000,0.000,0.000,700,850000,0.828,0.687,1215,44,9999-12-31,2013-05-08
1/9-6 S,4.0,3417,3459,22.2,0.000,0.000,0.000,605,850000,0.878,0.695,1406,44,9999-12-31,2013-05-08
15/12-16 S,1.0,2850,2884,28.6,0.000,0.000,0.000,332,1190000,0.000,0.692,3600,5271,9999-12-31,2013-05-08
15/12-19,1.0,3088,3102,11.0,0.000,0.000,0.000,318,29450,0.000,0.680,93,5705,9999-12-31,2013-05-08
15/12-19,2.0,3036,3102,17.5,0.000,0.000,0.000,657,156621,0.000,0.680,239,5705,9999-12-31,2013-05-08
15/12-19,3.0,3023,3102,22.0,0.000,0.000,0.000,396,831297,0.000,0.680,2102,5705,9999-12-31,2013-05-08
15/12-21,1.0,3099,3158,8.0,3.000,0.000,27.000,161,3847,0.000,0.000,24,6047,2012-07-21,2013-05-08
15/12-21,2.0,3030,3059,8.0,1.600,0.000,26.000,90,3003,0.000,0.000,33,6047,2012-07-21,2013-05-08
15/12-23,1.0,3181,3233,6.3,0.000,0.000,0.000,84,4159,0.000,0.000,50,6327,9999-12-31,2013-05-08
15/12-6 S,1.0,2922,2930,12.7,0.000,10.000,0.000,154,11683,0.850,0.795,76,1524,2012-07-21,2013-05-08
15/12-6 S,2.0,2875,2895,15.9,0.000,8.000,0.000,866,52530,0.843,0.740,61,1524,2012-07-21,2013-05-08
15/12-8,1.0,2838,2869,15.9,0.000,0.000,0.000,420,550000,0.000,0.817,1308,1778,2012-07-21,2013-05-08
15/3-8,1.0,4141,4183,12.7,3.500,0.000,7.000,733,0,0.000,0.000,473,5175,9999-12-31,2013-05-08
15/3-8,2.0,4073,4087,11.0,4.000,0.000,7.500,670,0,0.000,0.000,500,5175,9999-12-31,2013-05-08
15/5-5,1.0,2154,2183,23.8,0.000,0.000,18.000,575,36000,0.864,0.868,63,2635,9999-12-31,2013-05-08
15/6-11 A,1.0,4148,4180,12.7,0.000,0.000,22.000,120,220000,0.000,0.000,0,6526,9999-12-31,2013-05-08
15/6-6,1.0,3568,3578,22.2,0.000,0.000,0.000,278,835000,0.793,0.762,3003,38,9999-12-31,2013-05-08
15/8-1,1.0,4079,4085,19.1,0.000,0.000,0.000,316,427000,0.754,0.851,1351,321,9999-12-31,2013-05-08
15/8-1,2.0,3911,3926,16.7,0.000,0.000,0.000,399,486000,0.811,0.944,1218,321,9999-12-31,2013-05-08
15/8-1,3.0,3688,3697,22.2,0.000,0.000,0.000,408,657000,0.846,0.840,1610,321,9999-12-31,2013-05-08
15/8-1,4.0,3543,3653,22.2,0.000,0.000,0.000,290,550000,0.799,0.832,1897,321,9999-12-31,2013-05-08
15/9-1,1.0,3655,3660,19.0,0.000,0.000,0.000,211,40210,0.890,0.738,191,322,9999-12-31,2013-05-08
15/9-1,2.0,3602,3607,25.0,0.000,0.000,0.000,129,736242,0.780,0.703,5700,322,9999-12-31,2013-05-08
15/9-11,1.0,2797,2807,16.7,0.000,0.000,0.000,238,517000,0.750,0.730,2172,329,9999-12-31,2013-05-08
15/9-11,2.0,2432,2440,12.7,0.000,0.000,0.000,104,234000,0.750,0.720,2248,329,9999-12-31,2013-05-08
15/9-11,3.0,2395,2415,19.0,0.000,0.000,0.000,266,570000,0.750,0.734,2142,329,9999-12-31,2013-05-08
15/9-19 A,1.0,3099,3102,15.1,0.000,3.000,21.000,200,27000,0.892,0.738,90,3145,9999-12-31,2013-05-08
15/9-19 A,2.0,3046,3081,13.5,9.000,9.000,32.000,528,38107,0.902,0.730,72,3145,9999-12-31,2013-05-08
15/9-19 S,1.0,4316,0,12.7,0.000,11.000,0.000,680,0,0.870,0.740,98,2043,9999-12-31,2013-05-08
16/1-10,1.0,1920,1958,25.4,0.000,16.200,0.000,2,0,0.000,0.000,0,5879,9999-12-31,2013-05-08
16/1-10,2.0,1897,1910,12.7,6.000,17.000,0.000,338,35500,0.000,0.000,105,5879,9999-12-31,2013-05-08
16/1-11,1.0,0,0,24.0,0.000,0.000,0.000,525,0,0.000,0.000,0,6157,2012-07-21,2013-05-08
16/11-2,2.0,2251,2262,0.0,0.000,0.000,0.000,0,0,0.000,0.000,0,336,9999-12-31,2013-05-08
16/11-2,3.0,2231,2242,0.0,0.000,0.000,0.000,0,0,0.000,0.000,0,336,9999-12-31,2013-05-08
16/1-15,1.0,1926,1960,15.8,0.000,0.000,0.000,105,0,0.000,0.000,0,6517,9999-12-31,2013-05-08
16/1-15,2.0,1917,1920,15.8,0.000,0.000,0.000,620,0,0.000,0.000,0,6517,9999-12-31,2013-05-08
16/1-8 R,1.0,1945,1959,7.9,0.000,11.300,0.000,74,6400,0.000,0.000,87,6226,9999-12-31,2013-05-08
16/1-8 R,2.0,1926,1936,15.9,0.000,18.000,0.000,564,53000,0.000,0.000,94,6226,9999-12-31,2013-05-08
16/2-5,1.0,1885,1902,23.8,0.000,19.000,0.000,0,120000,0.000,0.000,0,6042,9999-12-31,2013-05-08
16/2-6,1.0,1932,1938,20.6,0.000,0.000,0.000,780,0,0.000,0.000,0,6374,9999-12-31,2013-05-08
16/7-4,1.0,2590,2597,16.7,0.000,0.000,0.000,199,385110,0.750,0.790,1938,91,9999-12-31,2013-05-08
16/7-4,2.0,2525,2535,16.7,0.000,0.000,0.000,253,472890,0.740,0.800,1871,91,9999-12-31,2013-05-08
16/7-7 S,1.0,2752,2785,17.4,15.600,0.000,0.000,513,0,0.740,0.940,517,3244,2012-07-21,2013-05-08
16/7-7 S,2.0,2852,2762,17.4,11.400,0.000,0.000,563,253350,0.740,0.940,450,3244,2012-07-21,2013-05-08
17/12-1 R,1.0,2337,2341,4.7,0.000,0.000,0.000,140,4813,0.880,0.000,34,514,9999-12-31,2013-05-08
17/12-1 R,2.0,2316,2325,4.7,0.000,0.000,0.000,80,4277,0.860,0.000,53,514,9999-12-31,2013-05-08
17/12-1 R,3.0,2316,2342,3.2,0.000,0.000,0.000,159,7000,0.860,0.000,44,514,9999-12-31,2013-05-08
17/12-2,1.0,2166,2169,0.0,0.000,0.000,0.000,1,0,0.000,0.000,0,340,9999-12-31,2013-05-08
17/12-2,2.0,2157,2162,6.3,4.000,3.000,0.000,366,31820,0.887,0.000,87,340,9999-12-31,2013-05-08
17/12-4 A,1.0,2694,2760,12.5,24.000,0.000,16.000,400,11500,0.000,0.000,0,6178,2012-07-21,2013-05-08
18/10-1,1.0,2414,2427,50.8,23.000,19.000,0.000,295,2850,0.834,0.724,9,342,9999-12-31,2013-05-08
2/1-1,1.0,3620,3743,0.0,16.000,0.000,0.000,0,14100,0.000,0.000,0,249,9999-12-31,2013-05-08
2/11-1,1.0,2633,2639,0.0,0.000,0.000,0.000,0,0,0.000,0.000,0,168,9999-12-31,2013-05-08
2/11-1,2.0,2595,2605,0.0,0.000,0.000,0.000,0,0,0.000,0.000,0,168,9999-12-31,2013-05-08
2/11-1,3.0,2629,2651,0.0,0.000,0.000,0.000,0,0,0.000,0.000,0,168,9999-12-31,2013-05-08
2/11-1,4.0,2646,2651,12.5,0.000,0.000,0.000,72,0,0.000,0.000,0,168,9999-12-31,2013-05-08
2/11-2,1.0,2672,2680,0.0,0.000,0.000,0.000,0,0,0.000,0.000,0,285,9999-12-31,2013-05-08
2/11-2,2.0,2643,2665,0.0,0.000,0.000,0.000,545,82120,0.830,0.000,194,285,9999-12-31,2013-05-08
2/11-3 A,1.0,3268,3280,9.5,0.000,0.000,0.000,88,12743,0.880,0.800,0,287,9999-12-31,2013-05-08
2/11-3 A,2.0,3230,3236,9.5,0.000,0.000,0.000,519,63429,0.840,0.690,0,287,9999-12-31,2013-05-08
2/11-4,1.0,2698,2707,99.0,0.000,0.000,0.000,0,0,0.000,0.000,0,96,9999-12-31,2013-05-08
2/11-4,2.0,2588,2595,99.0,0.000,0.000,0.000,213,32000,0.000,0.000,0,96,9999-12-31,2013-05-08
2/11-6 S,1.0,3875,3900,3.2,0.000,0.000,0.000,364,39000,0.000,0.000,105,289,9999-12-31,2013-05-08
2/11-6 S,2.0,3585,3706,7.9,0.000,0.000,0.000,223,24000,0.863,0.714,106,289,9999-12-31,2013-05-08
2/11-6 S,3.0,3713,3735,19.0,0.000,0.000,0.000,921,87000,0.000,0.000,95,289,9999-12-31,2013-05-08
2/12-1,1.0,4630,4647,9.5,0.000,0.000,0.000,1051,176000,0.828,0.835,168,1014,9999-12-31,2013-05-08
2/12-1,2.0,4600,4612,14.3,0.000,0.000,0.000,1629,214000,0.828,0.828,131,1014,9999-12-31,2013-05-08
2/1-3,1.0,3863,3872,15.9,0.000,0.000,0.000,226,19000,0.820,0.000,150,251,9999-12-31,2013-05-08
2/1-3,2.0,3839,3845,12.7,0.000,0.000,0.000,1051,55000,0.830,0.000,116,251,9999-12-31,2013-05-08
2/1-3,3.0,3819,3825,12.7,0.000,0.000,0.000,933,39000,0.835,0.000,108,251,9999-12-31,2013-05-08
2/1-4,1.0,4120,4129,0.0,0.000,0.000,0.000,0,0,0.000,0.000,0,48,9999-12-31,2013-05-08
2/1-4,2.0,4101,4117,6.3,0.000,0.000,0.000,182,20000,0.816,0.758,112,48,9999-12-31,2013-05-08
2/1-4,3.0,4061,4087,3.2,0.000,0.000,0.000,99,11000,0.823,0.750,115,48,9999-12-31,2013-05-08
2/1-6,1.0,4329,4340,25.4,16.000,0.000,0.000,0,0,0.000,0.000,0,109,9999-12-31,2013-05-08
2/1-6,2.0,4241,4210,11.1,12.500,0.000,0.000,0,0,0.000,0.000,0,109,9999-12-31,2013-05-08
2/1-8,1.0,3919,3926,6.4,0.000,0.000,0.000,305,0,0.826,0.740,99,459,9999-12-31,2013-05-08
2/1-8,2.0,3901,3926,11.1,0.000,0.000,0.000,954,0,0.825,0.825,107,459,9999-12-31,2013-05-08
2/1-9,1.0,4078,4108,17.4,7.000,0.000,23.600,165,90577,0.000,0.000,549,1667,2012-07-21,2013-05-08
2/2-1,1.0,3715,3730,11.1,3.000,0.000,51.000,200,0,0.827,0.860,70,46,9999-12-31,2013-05-08
2/2-2,1.0,1980,1988,11.2,0.000,0.000,0.000,0,314000,0.000,0.570,0,80,9999-12-31,2013-05-08
2/2-5,1.0,3666,3670,7.9,0.000,0.000,0.000,600,0,0.000,0.000,44,1846,2012-07-21,2013-05-08
2/3-1,1.0,1624,1637,11.5,0.000,0.000,0.000,0,283100,0.000,0.000,0,162,9999-12-31,2013-05-08
2/3-1,2.0,1588,1601,11.5,0.000,0.000,0.000,0,50000,0.000,0.000,0,162,9999-12-31,2013-05-08
2/4-10,1.0,3304,3322,9.5,11.000,0.000,43.000,586,1180,0.834,0.000,2,254,9999-12-31,2013-05-08
2/4-10,2.0,3304,3309,25.4,0.000,0.000,31.000,122,864,0.846,0.856,7,254,9999-12-31,2013-05-08
2/4-11,1.0,3758,3770,0.0,0.000,0.000,0.000,0,0,0.000,0.000,0,255,9999-12-31,2013-05-08
2/4-11,2.0,3639,3667,0.0,0.000,0.000,0.000,0,0,0.000,0.000,0,255,9999-12-31,2013-05-08
2/4-11,3.0,3639,3667,0.0,0.000,0.000,0.000,8,0,0.000,0.000,0,255,9999-12-31,2013-05-08
2/4-11,4.0,3188,3200,0.0,0.000,0.000,0.000,0,0,0.000,0.000,0,255,9999-12-31,2013-05-08
2/4-11,5.0,3146,3161,0.0,0.000,0.000,0.000,50,1050,0.822,0.000,0,255,9999-12-31,2013-05-08
2/4-17,1.0,4523,4638,0.0,0.000,0.000,0.000,0,0,0.000,0.000,0,1792,9999-12-31,2013-05-08
2/4-17,2.0,4341,4388,15.9,0.000,0.000,0.000,774,849078,0.799,0.735,1097,1792,2012-07-21,2013-05-08
2/4-17,2.1,4340,4388,0.0,0.000,0.000,0.000,266,0,0.000,0.000,0,1792,9999-12-31,2013-05-08
2/4-17,2.2,4341,4388,0.0,0.000,0.000,0.000,610,0,0.000,0.000,0,1792,9999-12-31,2013-05-08
2/4-17,2.3,4341,4388,0.0,0.000,0.000,0.000,597,0,0.000,0.000,0,1792,9999-12-31,2013-05-08
2/4-17,2.4,4341,4388,0.0,0.000,0.000,0.000,0,0,0.000,0.000,0,1792,9999-12-31,2013-05-08
2/4-17,2.5,4341,4388,0.0,0.000,0.000,0.000,0,0,0.000,0.000,0,1792,9999-12-31,2013-05-08
2/4-17,2.6,4341,4388,0.0,0.000,0.000,0.000,0,0,0.000,0.000,0,1792,9999-12-31,2013-05-08
2/4-2,1.0,3160,3196,25.4,0.000,0.000,0.000,1089,0,0.000,0.000,0,172,9999-12-31,2013-05-08
2/4-2,2.0,3160,3196,0.0,0.000,0.000,0.000,0,0,0.000,0.000,0,172,9999-12-31,2013-05-08
2/4-2,3.0,3160,3196,0.0,0.000,0.000,0.000,0,0,0.000,0.000,0,172,9999-12-31,2013-05-08
2/4-2,4.0,3148,3160,25.4,0.000,0.000,0.000,170,167067,0.839,0.000,0,172,9999-12-31,2013-05-08
2/4-3,1.0,3354,3363,25.4,0.000,0.000,0.000,0,0,0.000,0.000,0,97,9999-12-31,2013-05-08
2/4-3,10.0,3124,3224,19.0,28.000,0.000,38.000,595,132925,0.859,0.000,0,97,9999-12-31,2013-05-08
2/4-3,11.0,3015,3023,25.4,0.000,0.000,0.000,0,0,0.000,0.000,0,97,9999-12-31,2013-05-08
2/4-3,2.0,3332,3341,25.4,0.000,0.000,0.000,0,0,0.000,0.000,0,97,9999-12-31,2013-05-08
2/4-3,3.0,3317,3320,19.0,7.300,0.000,27.500,323,58581,0.855,0.000,0,97,9999-12-31,2013-05-08
2/4-3,4.0,3268,3296,28.5,0.000,0.000,0.000,328,62967,0.845,0.000,0,97,9999-12-31,2013-05-08
2/4-3,5.0,3235,3244,19.0,28.000,0.000,0.000,172,36337,0.853,0.000,0,97,9999-12-31,2013-05-08
2/4-3,6.0,3195,3226,6.3,28.500,0.000,46.000,166,35799,0.848,0.000,0,97,9999-12-31,2013-05-08
2/4-3,7.0,3195,3226,19.0,28.000,0.000,33.000,609,129812,0.854,0.000,0,97,9999-12-31,2013-05-08
2/4-3,8.0,3139,3148,6.0,28.000,0.000,46.000,186,39337,0.847,0.000,0,97,9999-12-31,2013-05-08
2/4-3,9.0,3124,3154,25.4,28.000,0.000,20.000,326,79240,0.849,0.000,0,97,9999-12-31,2013-05-08
2/4-4,1.0,3274,3284,25.4,0.000,0.000,0.000,0,0,0.000,0.000,0,174,9999-12-31,2013-05-08
2/4-4,2.0,3247,3256,25.4,0.000,0.000,0.000,0,0,0.000,0.000,0,174,9999-12-31,2013-05-08
2/4-4,3.0,3234,3237,25.4,0.000,0.000,0.000,0,0,0.000,0.000,0,174,9999-12-31,2013-05-08
2/4-4,4.0,3220,3226,19.0,27.000,4.000,15.000,168,32488,0.854,0.000,0,174,9999-12-31,2013-05-08
2/4-4,5.0,3177,3201,19.0,28.000,6.000,23.000,432,77655,0.848,0.000,0,174,9999-12-31,2013-05-08
2/4-4,6.0,3163,3168,19.0,26.000,2.000,9.000,107,26998,0.850,0.000,0,174,9999-12-31,2013-05-08
2/4-4,7.0,3128,3152,19.0,28.000,8.000,30.000,600,613800,0.847,0.000,1023,174,9999-12-31,2013-05-08
2/4-5,1.0,3165,3204,9.5,29.000,22.000,42.000,701,165696,0.838,0.896,0,177,9999-12-31,2013-05-08
2/4-5,2.0,3178,3187,5.6,32.000,23.000,44.000,433,94918,0.842,0.000,0,177,9999-12-31,2013-05-08
2/4-5,3.0,3107,3143,19.8,29.000,6.000,20.000,483,111785,0.840,0.000,0,177,9999-12-31,2013-05-08
2/4-5,4.0,3087,3098,25.4,0.000,0.000,0.000,0,0,0.000,0.000,0,177,9999-12-31,2013-05-08
2/4-5,5.0,3041,3075,9.5,25.000,16.000,34.000,411,92060,0.838,0.000,0,177,9999-12-31,2013-05-08
2/4-5,6.0,3043,3076,0.0,0.000,0.000,0.000,0,0,0.000,0.000,0,177,9999-12-31,2013-05-08
2/4-6,1.0,3370,3375,25.4,0.000,0.000,0.000,0,0,0.000,0.000,0,181,9999-12-31,2013-05-08
2/4-6,2.0,3271,3310,25.4,0.000,0.000,0.000,568,256736,0.812,0.000,452,181,9999-12-31,2013-05-08
2/4-6,3.0,3243,3246,25.4,0.000,0.000,0.000,0,0,0.000,0.000,0,181,9999-12-31,2013-05-08
2/4-6,4.0,3195,3216,25.4,0.000,0.000,0.000,609,221676,0.819,0.000,364,181,9999-12-31,2013-05-08
2/4-6,5.0,3125,3152,25.4,48.000,45.000,45.000,747,402539,0.804,0.000,539,181,9999-12-31,2013-05-08
2/4-7,1.0,3367,3370,0.0,0.000,0.000,0.000,0,0,0.000,0.000,0,196,9999-12-31,2013-05-08
2/4-7,2.0,3346,3349,0.0,0.000,0.000,0.000,0,0,0.000,0.000,0,196,9999-12-31,2013-05-08
2/4-7,3.0,3304,3329,0.0,0.000,0.000,0.000,551,736231,0.000,0.000,0,196,9999-12-31,2013-05-08
2/4-7,4.0,3250,3261,0.0,0.000,0.000,0.000,0,0,0.000,0.000,0,196,9999-12-31,2013-05-08
2/4-7,5.0,3176,3204,0.0,0.000,0.000,0.000,0,0,0.000,0.000,0,196,9999-12-31,2013-05-08
2/4-7,6.0,3176,3182,0.0,0.000,0.000,0.000,0,0,0.000,0.000,0,196,9999-12-31,2013-05-08
2/4-7,7.0,3189,3204,0.0,0.000,0.000,0.000,0,0,0.000,0.000,0,196,9999-12-31,2013-05-08
2/4-8,1.0,3194,3204,0.0,0.000,0.000,0.000,0,0,0.000,0.000,0,252,9999-12-31,2013-05-08
2/4-8,2.0,3185,3194,0.0,0.000,0.000,0.000,0,0,0.000,0.000,0,252,9999-12-31,2013-05-08
2/4-8,3.0,3181,3191,12.4,0.000,0.000,0.000,443,707028,0.885,0.000,1596,252,9999-12-31,2013-05-08
2/4-8,4.0,3194,3204,25.4,0.000,0.000,0.000,175,326025,0.822,0.000,1863,252,9999-12-31,2013-05-08
2/4-8,5.0,3091,3158,6.3,0.000,0.000,0.000,654,1316502,0.821,0.000,2013,252,9999-12-31,2013-05-08
2/4-8,6.0,3014,3042,11.1,0.000,0.000,0.000,360,519480,0.820,0.000,1443,252,9999-12-31,2013-05-08
2/4-8,7.0,2996,3002,0.0,0.000,0.000,0.000,71,133906,0.000,0.000,1886,252,9999-12-31,2013-05-08
2/4-9,1.0,3360,3369,38.0,0.000,0.000,0.000,121,97700,0.802,0.000,801,253,9999-12-31,2013-05-08
2/4-9,2.0,3308,3369,9.1,0.000,0.000,0.000,461,455900,0.802,0.000,977,253,9999-12-31,2013-05-08
2/4-9,3.0,3274,3283,0.0,0.000,0.000,0.000,0,0,0.000,0.000,0,253,9999-12-31,2013-05-08
2/4-9,4.0,3222,3224,0.0,0.000,0.000,0.000,0,0,0.000,0.000,0,253,9999-12-31,2013-05-08
2/5-1,1.0,3042,3101,0.0,0.000,0.000,46.000,209,223212,0.000,0.000,1068,178,9999-12-31,2013-05-08
2/5-1,2.0,3274,3277,0.0,0.000,0.000,0.000,0,0,0.000,0.000,0,178,9999-12-31,2013-05-08
2/5-1,4.0,3244,3248,0.0,0.000,0.000,0.000,425,612000,0.000,0.000,1440,178,9999-12-31,2013-05-08
2/5-1,5.0,3285,3234,0.0,0.000,0.000,0.000,145,0,0.000,0.000,0,178,9999-12-31,2013-05-08
2/5-1,6.0,3225,3234,0.0,0.000,0.000,0.000,445,0,0.000,0.000,0,178,9999-12-31,2013-05-08
2/5-1,7.0,3154,3191,0.0,48.000,0.000,48.000,159,203838,0.000,0.000,1282,178,9999-12-31,2013-05-08
2/5-1,8.0,3043,3056,0.0,0.000,0.000,0.000,230,65000,0.000,0.000,0,178,9999-12-31,2013-05-08
2/5-11,1.0,3381,3363,19.0,46.240,0.000,0.000,4,0,0.829,0.000,0,3084,9999-12-31,2013-05-08
2/5-11,2.0,3329,3289,18.1,47.200,0.000,0.000,12,0,0.800,0.000,120,3084,9999-12-31,2013-05-08
2/5-2,1.0,3511,3514,0.0,0.000,0.000,0.000,0,0,0.000,0.000,0,188,9999-12-31,2013-05-08
2/5-2,2.0,3350,3361,0.0,0.000,0.000,0.000,165,39643,0.000,0.000,0,188,9999-12-31,2013-05-08
2/5-2,3.0,3300,3315,0.0,0.000,0.000,0.000,377,96276,0.000,0.000,0,188,9999-12-31,2013-05-08
2/5-2,4.0,3166,3183,0.0,0.000,0.000,0.000,362,0,0.000,0.000,0,188,9999-12-31,2013-05-08
2/5-2,5.0,3166,3183,0.0,0.000,0.000,0.000,0,0,0.000,0.000,0,188,9999-12-31,2013-05-08
2/5-2,6.0,3150,3188,0.0,0.000,0.000,0.000,0,0,0.000,0.000,0,188,9999-12-31,2013-05-08
2/5-3,1.0,3386,3395,0.0,0.000,0.000,0.000,0,0,0.000,0.000,0,258,9999-12-31,2013-05-08
2/5-3,2.0,3121,3191,15.9,0.000,0.000,0.000,682,340400,0.844,0.000,464,258,9999-12-31,2013-05-08
2/5-3,3.0,3053,3065,12.5,0.000,0.000,0.000,682,141330,0.830,0.000,179,258,9999-12-31,2013-05-08
2/5-4,1.0,3137,3170,12.0,0.000,0.000,0.000,556,30500,0.800,0.000,53,259,9999-12-31,2013-05-08
2/5-4,2.0,3070,3081,0.0,0.000,0.000,0.000,0,0,0.000,0.000,0,259,9999-12-31,2013-05-08
2/5-4,3.0,3051,3065,0.0,0.000,0.000,0.000,0,0,0.000,0.000,0,259,9999-12-31,2013-05-08
2/5-5,1.0,3425,3434,0.0,0.000,0.000,0.000,0,0,0.000,0.000,0,260,9999-12-31,2013-05-08
2/5-5,3.0,3297,3313,25.4,0.000,0.000,0.000,72,12430,0.829,0.000,171,260,9999-12-31,2013-05-08
2/5-7,1.0,3300,3335,7.9,5.000,0.000,35.000,120,46350,0.820,0.830,27,25,9999-12-31,2013-05-08
2/5-7,2.0,3263,3287,14.3,14.000,0.000,29.000,121,32670,0.820,0.960,48,25,9999-12-31,2013-05-08
2/5-7,3.0,3210,3225,0.0,0.000,0.000,32.000,8,0,0.000,0.000,0,25,9999-12-31,2013-05-08
2/6-5,1.0,2955,2919,11.1,44.000,30.000,0.000,8,0,0.831,0.000,0,2885,9999-12-31,2013-05-08
2/7-10,1.0,3313,3322,0.0,0.000,0.000,0.000,0,0,0.000,0.000,0,269,9999-12-31,2013-05-08
2/7-10,3.0,3289,3301,0.0,0.000,0.000,0.000,0,0,0.000,0.000,0,269,9999-12-31,2013-05-08
2/7-10,5.0,3245,3261,0.0,0.000,0.000,0.000,0,0,0.000,0.000,0,269,9999-12-31,2013-05-08
2/7-10,6.0,3219,3237,0.0,0.000,0.000,0.000,0,0,0.000,0.000,0,269,9999-12-31,2013-05-08
2/7-10,7.0,3203,3210,0.0,0.000,0.000,0.000,0,0,0.000,0.000,0,269,9999-12-31,2013-05-08
2/7-12,1.0,417,426,25.4,0.000,0.000,0.000,0,0,0.000,0.000,0,271,9999-12-31,2013-05-08
2/7-13,1.0,3188,3205,38.1,0.000,0.000,0.000,0,0,0.000,0.000,0,272,9999-12-31,2013-05-08
2/7-13,2.0,3042,3084,38.1,0.000,0.000,0.000,0,0,0.000,0.000,0,272,9999-12-31,2013-05-08
2/7-13,3.0,2794,2807,38.1,0.000,0.000,0.000,0,0,0.000,0.000,0,272,9999-12-31,2013-05-08
2/7-13,4.0,2697,2729,38.1,0.000,0.000,0.000,0,0,0.000,0.000,0,272,9999-12-31,2013-05-08
2/7-14,1.0,3321,3324,25.4,0.000,0.000,0.000,0,0,0.000,0.000,0,116,9999-12-31,2013-05-08
2/7-14,2.0,3236,3254,0.0,0.000,14.000,0.000,227,31000,0.874,0.820,139,116,9999-12-31,2013-05-08
2/7-14,3.0,3200,3210,0.0,0.000,0.000,0.000,0,59000,0.000,0.000,0,116,9999-12-31,2013-05-08
2/7-14,4.0,3164,3186,0.0,0.000,0.000,0.000,553,86000,0.852,0.682,239,116,9999-12-31,2013-05-08
2/7-14,5.0,3125,3143,0.0,0.000,0.000,0.000,76,14000,0.861,0.697,190,116,9999-12-31,2013-05-08
2/7-15,1.0,3425,3462,25.4,66.000,30.000,0.000,0,0,0.000,0.000,0,225,9999-12-31,2013-05-08
2/7-15,2.0,3006,3010,14.3,46.000,30.000,0.000,7,0,0.000,0.000,0,225,9999-12-31,2013-05-08
2/7-15,3.0,2988,3010,13.4,44.000,30.000,0.000,13,0,0.000,0.000,0,225,9999-12-31,2013-05-08
2/7-16,1.0,3254,3263,0.0,0.000,0.000,0.000,0,0,0.000,0.000,0,232,9999-12-31,2013-05-08
2/7-16,2.0,3168,3190,0.0,0.000,0.000,0.000,0,0,0.000,0.000,0,232,9999-12-31,2013-05-08
2/7-19 R,1.0,4711,4838,12.0,0.000,2.700,0.000,35,15631,0.000,0.000,449,1512,2012-07-21,2013-05-08
2/7-2,1.0,3006,3018,0.0,0.000,0.000,0.000,0,0,0.000,0.000,0,187,9999-12-31,2013-05-08
2/7-20,1.0,4099,4258,9.5,0.000,0.000,0.000,566,223000,0.000,0.000,365,1062,2012-10-16,2013-05-08
2/7-21 S,1.0,4575,4610,7.9,0.000,0.000,0.000,107,27000,0.800,0.790,267,1394,2012-07-21,2013-05-08
2/7-21 S,2.1,4446,4519,11.9,0.000,0.000,0.000,879,272000,0.810,0.790,312,1394,2012-07-21,2013-05-08
2/7-21 S,2.2,4446,4519,9.9,0.000,0.000,0.000,592,211000,0.810,0.790,357,1394,9999-12-31,2013-05-08
2/7-21 S,3.1,4308,4338,11.1,0.000,0.000,0.000,760,249000,0.810,0.810,326,1394,2012-07-21,2013-05-08
2/7-21 S,3.2,4308,4338,19.0,0.000,0.000,0.000,1236,447000,0.800,0.760,362,1394,2012-07-21,2013-05-08
2/7-22,1.0,4484,4491,12.7,0.000,24.000,0.000,197,232700,0.790,0.800,1181,1495,9999-12-31,2013-05-08
2/7-26 S,1.0,4309,4538,6.3,0.000,0.000,0.000,53,10123,0.819,0.000,191,1756,2012-07-21,2013-05-08
2/7-26 S,2.0,4605,4696,6.3,0.000,0.000,0.000,223,61447,0.819,0.810,279,1756,9999-12-31,2013-05-08
2/7-27 S,1.0,4741,4484,7.9,0.000,0.000,0.000,582,180400,0.800,0.800,309,1878,9999-12-31,2013-05-08
2/7-31,1.0,4623,4565,6.3,0.000,0.000,0.000,282,120360,0.000,0.702,426,3573,9999-12-31,2013-05-08
2/7-4,1.0,3266,3292,0.0,0.000,0.000,0.000,0,0,0.000,0.000,0,263,9999-12-31,2013-05-08
2/7-4,2.0,3197,3220,0.0,0.000,0.000,0.000,1054,27183,0.000,0.000,0,263,9999-12-31,2013-05-08
2/7-4,3.0,3149,3170,0.0,0.000,0.000,0.000,200,7079,0.000,0.000,0,263,9999-12-31,2013-05-08
2/7-4,4.0,3127,3145,0.0,0.000,0.000,0.000,0,0,0.000,0.000,0,263,9999-12-31,2013-05-08
2/7-4,5.0,3106,3114,0.0,0.000,0.000,0.000,7,736,0.000,0.000,0,263,9999-12-31,2013-05-08
2/7-4,6.0,3106,3114,0.0,0.000,0.000,0.000,8,1444,0.000,0.000,0,263,9999-12-31,2013-05-08
2/7-5,1.0,3274,3293,0.0,0.000,0.000,0.000,0,0,0.000,0.000,0,264,9999-12-31,2013-05-08
2/7-5,2.0,3225,3237,0.0,0.000,0.000,0.000,0,0,0.000,0.000,0,264,9999-12-31,2013-05-08
2/7-5,3.0,3210,3219,0.0,0.000,0.000,0.000,0,0,0.000,0.000,0,264,9999-12-31,2013-05-08
2/7-5,4.0,3160,3185,0.0,0.000,0.000,0.000,0,0,0.000,0.000,0,264,9999-12-31,2013-05-08
2/7-5,5.0,3120,3230,0.0,0.000,0.000,0.000,0,0,0.000,0.000,0,264,9999-12-31,2013-05-08
2/7-8,1.0,3039,3051,0.0,0.000,0.000,0.000,0,0,0.000,0.000,0,267,9999-12-31,2013-05-08
2/7-8,2.0,3039,3051,0.0,0.000,0.000,0.000,0,0,0.000,0.000,0,267,9999-12-31,2013-05-08
2/7-8,3.0,3014,3033,0.0,40.000,27.000,0.000,13,2406,0.970,0.000,0,267,9999-12-31,2013-05-08
2/7-8,4.0,2969,3001,0.0,40.000,37.000,0.000,539,53789,0.860,0.000,0,267,9999-12-31,2013-05-08
2/7-9,1.0,4313,4356,0.0,38.400,0.000,0.000,36,9996,0.800,0.000,278,268,9999-12-31,2013-05-08
2/7-9,2.0,3417,3436,0.0,0.000,0.000,0.000,0,0,0.000,0.000,0,268,9999-12-31,2013-05-08
2/7-9,3.0,3098,3109,0.0,0.000,0.000,0.000,0,0,0.000,0.000,0,268,9999-12-31,2013-05-08
2/8-10,1.0,2536,2547,3.2,0.000,0.000,0.000,49,6760,0.840,0.674,775,280,9999-12-31,2013-05-08
2/8-10,2.0,2493,2509,9.5,0.000,0.000,0.000,552,78155,0.840,0.653,793,280,9999-12-31,2013-05-08
2/8-10,3.0,2480,2486,15.9,0.000,0.000,0.000,1017,165937,0.840,0.660,910,280,9999-12-31,2013-05-08
2/8-11,1.0,2553,2560,12.5,0.000,0.000,0.000,378,10477,0.830,0.000,1550,1224,9999-12-31,2013-05-08
2/8-11,2.0,2469,2476,19.0,0.000,0.000,0.000,842,21521,0.840,0.000,0,1224,9999-12-31,2013-05-08
2/8-3,1.0,3571,3589,0.0,30.000,25.000,0.000,4,278,0.000,0.000,0,117,9999-12-31,2013-05-08
2/8-3,2.0,3600,3571,0.0,28.000,24.000,0.000,32,2019,0.000,0.000,0,117,9999-12-31,2013-05-08
2/8-3,3.0,2871,2882,0.0,0.000,0.000,0.000,0,0,0.000,0.000,0,117,9999-12-31,2013-05-08
2/8-4,1.0,2603,2622,25.4,0.000,0.000,0.000,0,0,0.000,0.000,0,273,9999-12-31,2013-05-08
2/8-4,2.0,2579,2588,25.4,0.000,0.000,0.000,0,0,0.000,0.000,0,273,9999-12-31,2013-05-08
2/8-6,1.0,2570,2582,25.4,44.900,26.900,0.000,94,19283,0.850,0.000,1152,276,9999-12-31,2013-05-08
2/8-6,2.0,2526,2553,19.0,41.500,11.700,0.000,262,40691,0.840,0.000,872,276,9999-12-31,2013-05-08
2/8-6,3.0,2502,2514,0.0,0.000,0.000,0.000,0,0,0.000,0.000,0,276,9999-12-31,2013-05-08
2/8-6,4.0,2478,2489,12.5,44.600,15.800,0.000,136,30270,0.830,0.000,0,276,9999-12-31,2013-05-08
2/8-6,5.0,2466,2488,0.0,0.000,0.000,0.000,0,0,0.000,0.000,0,276,9999-12-31,2013-05-08
2/8-8,1.0,2585,2595,0.0,0.000,0.000,0.000,0,0,0.000,0.000,0,278,9999-12-31,2013-05-08
2/8-8,2.0,2556,2568,19.0,43.000,32.000,0.000,455,0,0.000,0.000,690,278,9999-12-31,2013-05-08
2/8-8,3.0,2507,2515,0.0,44.600,23.300,0.000,179,0,0.830,0.000,780,278,9999-12-31,2013-05-08
2/8-8,4.0,2488,2493,12.5,0.000,0.000,0.000,745,0,0.000,0.000,1225,278,9999-12-31,2013-05-08
2/8-8,5.0,2460,2465,25.4,44.000,36.000,0.000,1222,0,0.850,0.000,1118,278,9999-12-31,2013-05-08
2/8-9,1.0,2552,2558,0.0,0.000,0.000,0.000,0,0,0.000,0.000,0,279,9999-12-31,2013-05-08
2/8-9,2.0,2525,2529,0.0,45.200,20.400,0.000,353,81693,0.840,0.000,231,279,9999-12-31,2013-05-08
24/6-1,1.0,4502,4537,7.9,0.000,0.000,0.000,75,425000,0.785,0.640,5690,443,9999-12-31,2013-05-08
24/6-2,1.0,2166,2157,19.0,4.800,0.000,18.680,550,44000,0.860,0.690,80,3397,9999-12-31,2013-05-08
24/9-3,1.0,1805,1796,0.0,0.000,0.000,0.000,39,1000,0.916,0.650,26,346,9999-12-31,2013-05-08
24/9-3,2.0,1782,1775,50.8,0.000,0.000,0.000,86,2400,0.925,0.630,28,346,9999-12-31,2013-05-08
24/9-3,3.0,1747,1739,0.0,0.000,0.000,0.000,0,1000,0.000,0.562,0,346,9999-12-31,2013-05-08
25/10-3,1.0,1750,1752,0.0,0.000,0.000,0.000,900,0,0.840,0.000,0,182,9999-12-31,2013-05-08
25/10-5,1.0,1756,1763,12.7,0.000,0.000,0.000,170,10000,0.900,0.640,59,365,9999-12-31,2013-05-08
25/10-5,2.0,1732,1740,25.4,0.000,0.000,0.000,515,30000,0.900,0.640,59,365,9999-12-31,2013-05-08
25/10-8,1.0,2392,2398,15.9,24.000,0.000,25.000,692,0,0.840,0.700,116,2955,2012-07-21,2013-05-08
25/1-1,1.0,1920,1928,0.0,0.000,0.000,0.000,0,674000,0.000,0.000,0,190,9999-12-31,2013-05-08
25/11-14 SR,1.0,1998,2015,13.7,0.000,0.000,0.000,508,2000,0.915,0.670,36,1907,9999-12-31,2013-05-08
25/11-14 SR,2.0,1999,2015,25.4,0.000,0.000,0.000,985,0,0.915,0.000,0,1907,2012-07-21,2013-05-08
25/11-15,1.0,1736,1774,25.4,0.000,0.000,0.000,525,7500,0.940,0.640,14,1872,2012-07-21,2013-05-08
25/11-18,1.0,815,865,0.0,0.000,0.000,0.000,0,1081,0.000,0.630,0,2358,2012-07-21,2013-05-08
25/11-5,1.0,1750,1765,0.0,17.800,0.000,0.000,636,28371,0.910,0.000,44,366,9999-12-31,2013-05-08
25/11-6,1.0,1725,1740,13.9,17.600,0.000,0.000,485,1800000,0.900,0.600,210,367,9999-12-31,2013-05-08
25/11-8,1.0,1752,1767,15.1,0.000,0.000,0.000,418,0,0.900,0.000,46,369,9999-12-31,2013-05-08
25/1-4,1.0,1969,1995,19.0,0.000,0.000,0.000,5,610000,0.000,0.000,0,350,9999-12-31,2013-05-08
25/2-1,1.0,1926,1938,19.0,0.000,19.600,0.000,4,637975,0.000,0.840,157000,353,9999-12-31,2013-05-08
25/2-11,1.0,1958,1953,25.4,15.000,6.000,18.000,0,666000,0.000,0.600,0,1036,9999-12-31,2013-05-08
25/2-12,1.0,3686,3691,0.0,0.000,0.000,0.000,0,0,0.000,0.000,0,1290,9999-12-31,2013-05-08
25/2-12 A,1.0,3805,3795,5.6,0.000,37.000,0.000,102,200000,0.810,0.700,1960,1355,9999-12-31,2013-05-08
25/2-13,1.0,3785,3774,4.7,10.000,10.000,0.000,0,0,0.000,0.000,0,1459,9999-12-31,2013-05-08
25/2-13,2.0,3713,3706,0.0,0.000,0.000,0.000,0,0,0.000,0.000,0,1459,9999-12-31,2013-05-08
25/2-13,2.3,3713,3695,6.3,8.500,0.000,0.000,69,29400,0.823,0.880,425,1459,9999-12-31,2013-05-08
25/2-13,3.1,3460,3437,12.5,16.000,0.000,0.000,210,242000,0.800,0.800,1120,1459,9999-12-31,2013-05-08
25/2-13,5.0,3382,3343,15.8,12.500,0.000,0.000,650,213600,0.829,0.818,330,1459,9999-12-31,2013-05-08
25/2-15 R2,1.0,3909,3580,0.0,50.000,0.000,0.000,0,0,0.000,0.000,0,2116,9999-12-31,2013-05-08
25/2-2,1.0,1983,1996,0.0,0.000,0.000,0.000,0,0,0.000,0.000,0,354,9999-12-31,2013-05-08
25/2-4,1.0,2902,2911,0.0,0.000,0.000,0.000,0,0,0.000,0.000,0,356,9999-12-31,2013-05-08
25/2-5,1.0,3692,3695,0.0,0.000,0.000,0.000,0,0,0.000,0.000,0,357,9999-12-31,2013-05-08
25/2-5,2.0,3652,3695,19.0,0.000,0.000,0.000,330,108000,0.000,0.000,327,357,9999-12-31,2013-05-08
25/2-5,3.0,3337,3362,12.5,0.000,0.000,0.000,470,95400,0.813,0.000,203,357,9999-12-31,2013-05-08
25/4-1,1.0,3300,3314,0.0,0.000,0.000,0.000,0,0,0.000,0.000,0,359,9999-12-31,2013-05-08
25/4-1,2.0,3208,3213,0.0,0.000,0.000,0.000,0,0,0.000,0.000,0,359,9999-12-31,2013-05-08
25/4-1,3.0,3179,3184,25.4,0.000,29.000,0.000,74,180000,0.000,0.797,2432,359,9999-12-31,2013-05-08
25/4-4,1.0,2134,2143,0.0,0.000,0.000,0.000,0,0,0.000,0.000,0,362,9999-12-31,2013-05-08
25/4-5,1.0,4154,4176,0.0,0.000,0.000,0.000,0,0,0.000,0.000,0,201,9999-12-31,2013-05-08
25/4-5,2.0,4065,4088,0.0,0.000,0.000,0.000,0,0,0.000,0.000,0,201,9999-12-31,2013-05-08
25/4-5,3.0,3969,3999,0.0,0.000,0.000,0.000,0,0,0.000,0.000,0,201,9999-12-31,2013-05-08
25/4-6 S,1.0,3802,3819,20.6,0.000,0.000,0.000,688,461700,0.810,0.720,671,1703,2012-07-21,2013-05-08
25/5-1,1.0,3233,3254,12.7,0.000,0.000,0.000,0,0,0.000,0.000,0,884,9999-12-31,2013-05-08
25/5-1,2.0,3045,3025,12.7,0.000,8.000,0.000,396,71000,0.827,0.705,178,884,9999-12-31,2013-05-08
25/5-1,2.1,3045,3025,12.7,30.000,11.000,30.000,437,88000,0.837,0.705,201,884,9999-12-31,2013-05-08
25/5-1,3.0,3002,2987,12.7,0.000,10.000,0.000,339,74000,0.825,0.790,217,884,9999-12-31,2013-05-08
25/5-1,3.1,2987,3002,12.7,0.000,0.000,32.000,442,82000,0.825,0.815,186,884,9999-12-31,2013-05-08
25/5-2,2.0,3196,3201,9.5,0.000,0.000,0.000,200,35000,0.821,0.000,170,1346,9999-12-31,2013-05-08
25/5-3,1.0,2405,2336,11.1,15.000,0.000,23.000,57,585000,0.800,0.750,5100,1488,9999-12-31,2013-05-08
25/5-4,1.0,2933,2923,20.6,14.000,0.000,29.000,223,759600,0.760,0.720,3398,1691,9999-12-31,2013-05-08
25/5-5,1.0,2170,2159,38.1,2.000,1.000,20.000,428,15578,0.880,0.700,36,2661,9999-12-31,2013-05-08
25/6-1,1.0,2277,2280,7.9,9.600,0.000,0.000,298,0,0.725,0.000,130,524,9999-12-31,2013-05-08
25/7-2,1.0,4148,4273,15.9,9.000,0.000,0.000,228,255700,0.781,0.732,1121,1494,9999-12-31,2013-05-08
25/7-3,1.0,2096,2107,25.4,2.000,0.000,17.000,739,29207,0.839,0.000,39,2623,9999-12-31,2013-05-08
25/7-5,1.0,2043,2052,17.5,7.000,5.260,18.981,900,78000,0.870,0.671,88,3132,9999-12-31,2013-05-08
25/8-1,1.0,1755,1762,25.4,0.000,0.000,0.000,429,9965,0.930,0.000,23,173,9999-12-31,2013-05-08
25/8-10 S,1.0,1727,1740,14.4,4.000,4.000,4.000,413,15,0.900,0.680,0,3062,2012-07-21,2013-05-08
25/8-11,1.0,1893,1910,16.0,0.000,0.000,0.000,520,23000,0.000,0.000,44,3209,2012-07-21,2013-05-08
25/8-5 S,1.0,2118,2149,50.0,0.000,29.000,0.000,1073,40774,0.850,0.000,38,2390,9999-12-31,2013-05-08
25/8-8 S,1.0,2258,2267,50.0,3.600,0.000,0.000,1067,75900,0.850,0.730,71,2646,9999-12-31,2013-05-08
29/3-1,1.0,3802,3822,7.9,0.000,0.000,36.000,2,0,0.878,0.690,0,904,9999-12-31,2013-05-08
29/3-1,2.0,3682,3725,12.7,54.000,30.000,50.000,440,534000,0.868,0.680,1212,904,9999-12-31,2013-05-08
29/3-1,2.1,3682,3699,12.7,54.000,21.000,37.000,236,438000,0.845,0.720,1858,904,9999-12-31,2013-05-08
29/3-1,3.0,3522,3530,12.7,48.000,1.000,34.000,0,0,0.000,0.000,0,904,9999-12-31,2013-05-08
29/6-1,1.0,4287,4301,0.0,0.000,0.000,0.000,0,0,0.000,0.000,0,375,9999-12-31,2013-05-08
29/6-1,2.0,4256,4260,0.0,0.000,0.000,0.000,0,0,0.000,0.000,0,375,9999-12-31,2013-05-08
29/6-1,3.0,4208,4218,3.2,0.000,0.000,0.000,220,300000,0.808,0.705,1363,375,9999-12-31,2013-05-08
29/9-1,1.0,4394,4405,12.7,0.000,0.000,0.000,0,10000,0.000,0.774,0,31,9999-12-31,2013-05-08
3/7-4,1.0,3473,3537,19.0,0.000,0.000,0.000,665,884450,0.804,0.720,1330,1467,2012-07-21,2013-05-08
3/7-4,2.0,3440,3473,19.0,0.000,0.000,0.000,611,838292,0.796,0.720,1372,1467,2012-07-21,2013-05-08
30/10-2,1.0,2023,2026,16.5,20.800,20.300,0.000,0,44995,0.000,0.585,0,392,9999-12-31,2013-05-08
30/10-5,1.0,3638,3644,0.0,0.000,0.000,0.000,0,0,0.000,0.000,0,395,9999-12-31,2013-05-08
30/10-6,1.0,5008,5045,0.0,0.000,0.000,0.000,0,0,0.000,0.000,0,1816,9999-12-31,2013-05-08
30/10-6,1.1,5008,5045,3.0,0.000,0.000,0.000,0,0,0.000,0.000,0,1816,9999-12-31,2013-05-08
30/10-6,2.0,4899,4965,0.0,0.000,0.000,0.000,0,0,0.000,0.000,0,1816,9999-12-31,2013-05-08
30/10-6,2.1,4899,4965,0.0,0.000,0.000,0.000,0,0,0.000,0.000,0,1816,9999-12-31,2013-05-08
30/10-6,2.2,4899,5250,0.0,0.000,0.000,0.000,0,0,0.000,0.580,0,1816,9999-12-31,2013-05-08
30/10-6,3.0,4768,4803,0.0,0.000,0.000,0.000,0,0,0.000,0.000,0,1816,9999-12-31,2013-05-08
30/10-6,4.0,4666,4714,3.1,0.000,0.000,0.000,0,90000,0.000,0.620,0,1816,9999-12-31,2013-05-08
30/2-1,1.0,3785,3792,12.7,0.000,0.000,0.000,307,677000,0.804,0.695,2205,72,9999-12-31,2013-05-08
30/2-1,2.0,3761,3771,19.0,0.000,0.000,0.000,417,1030000,0.807,0.695,2470,72,9999-12-31,2013-05-08
30/2-1,3.0,3720,3728,19.0,0.000,0.000,0.000,396,1016000,0.814,0.692,2565,72,9999-12-31,2013-05-08
30/3-2,1.0,2916,2923,0.0,0.000,0.000,0.000,0,0,0.000,0.000,0,203,9999-12-31,2013-05-08
30/3-2,2.0,2870,2874,0.0,0.000,0.000,0.000,0,0,0.000,0.000,0,203,9999-12-31,2013-05-08
30/3-2,3.0,2832,2837,0.0,0.000,0.000,0.000,0,0,0.000,0.000,0,203,9999-12-31,2013-05-08
30/3-2 R,1.0,2916,2923,12.7,32.000,23.000,0.000,325,27000,0.831,0.714,86,508,9999-12-31,2013-05-08
30/3-2 R,2.0,2870,2874,12.7,31.000,23.000,0.000,369,32000,0.826,0.710,86,508,9999-12-31,2013-05-08
30/3-2 R,3.0,2832,2837,0.0,0.000,0.000,0.000,0,0,0.000,0.000,0,508,9999-12-31,2013-05-08
30/3-4,1.0,3079,3096,23.8,6.000,0.000,34.000,1023,104000,0.830,0.000,108,460,9999-12-31,2013-05-08
30/3-4,3.0,2903,2923,23.8,9.000,0.000,32.000,1640,126700,0.830,0.000,77,460,9999-12-31,2013-05-08
30/3-4,4.0,2866,2882,18.3,10.000,0.000,32.000,1230,101900,0.831,0.766,82,460,9999-12-31,2013-05-08
30/3-4,5.0,2850,2857,19.0,4.000,0.000,0.000,578,46200,0.835,0.770,80,460,9999-12-31,2013-05-08
30/3-4,6.0,2826,2833,25.0,0.000,0.000,0.000,0,0,0.000,0.000,0,460,9999-12-31,2013-05-08
30/5-2,1.0,3611,3624,12.5,7.000,0.000,24.000,135,63000,0.880,0.710,470,2886,9999-12-31,2013-05-08
30/5-2,2.0,3566,3590,11.0,36.000,0.000,0.000,140,300000,0.830,0.690,2140,2886,9999-12-31,2013-05-08
30/6-13,1.0,2640,2650,11.1,0.000,0.000,0.000,450,58000,0.852,0.680,128,7,9999-12-31,2013-05-08
30/6-13,2.0,2596,2601,11.1,0.000,0.000,0.000,423,44000,0.852,0.680,102,7,9999-12-31,2013-05-08
30/6-13,3.0,2573,2580,11.1,0.000,0.000,0.000,428,42000,0.847,0.680,99,7,9999-12-31,2013-05-08
30/6-17 R,1.0,2401,2415,14.3,0.000,0.000,0.000,701,110000,0.820,0.660,157,849,9999-12-31,2013-05-08
30/6-18,1.0,3307,3324,14.0,0.000,0.000,0.000,609,161970,0.811,0.000,265,488,9999-12-31,2013-05-08
30/6-18,2.0,3198,3210,14.0,0.000,0.000,0.000,871,2832,0.000,0.000,0,488,9999-12-31,2013-05-08
30/6-18,3.0,3164,3173,14.0,0.000,0.000,0.000,957,189744,0.845,0.705,198,488,9999-12-31,2013-05-08
30/6-7,1.0,2729,2736,31.7,0.000,0.000,0.000,0,0,0.000,0.000,0,73,9999-12-31,2013-05-08
30/6-7,2.0,2711,2716,22.2,0.000,0.000,0.000,1028,116000,0.850,0.720,113,73,9999-12-31,2013-05-08
30/6-7,3.0,2681,2684,12.7,0.000,0.000,0.000,534,65000,0.835,0.700,122,73,9999-12-31,2013-05-08
30/6-7,4.0,2637,2639,19.0,0.000,0.000,0.000,1339,146000,0.853,0.700,109,73,9999-12-31,2013-05-08
30/7-2,1.0,1797,1801,0.0,0.000,0.000,0.000,0,0,0.000,0.000,0,385,9999-12-31,2013-05-08
30/7-2,2.0,1765,1777,0.0,0.000,0.000,0.000,0,0,0.000,0.000,0,385,9999-12-31,2013-05-08
30/7-7,1.0,4735,4762,6.4,0.000,0.000,0.000,0,0,0.000,0.000,0,390,9999-12-31,2013-05-08
30/8-1 SR,1.0,4700,4803,0.0,0.000,0.000,0.000,0,0,0.000,0.000,0,2719,9999-12-31,2013-05-08
30/9-13 S,1.0,3086,3095,19.0,0.000,0.000,0.000,792,120983,0.850,0.730,153,1811,9999-12-31,2013-05-08
30/9-13 S,2.0,3024,3073,19.0,0.000,0.000,0.000,535,107458,0.840,0.760,201,1811,9999-12-31,2013-05-08
30/9-13 S,3.0,2958,2986,28.5,0.000,0.000,0.000,90,459522,0.780,0.720,5099,1811,9999-12-31,2013-05-08
30/9-2 R,1.0,2738,2757,19.0,11.000,0.000,0.000,0,0,0.000,0.000,0,937,9999-12-31,2013-05-08
30/9-2 R,2.0,2704,2728,10.3,0.000,0.000,0.000,401,41000,0.865,0.708,102,937,9999-12-31,2013-05-08
30/9-2 R,3.0,2685,2693,11.1,0.000,0.000,0.000,495,51000,0.865,0.695,102,937,9999-12-31,2013-05-08
30/9-2 R,4.0,2595,2604,11.1,0.000,0.000,0.000,479,58000,0.842,0.730,120,937,9999-12-31,2013-05-08
30/9-3 A,1.0,2910,2916,38.1,0.000,0.000,0.000,800,108000,0.854,0.710,135,102,9999-12-31,2013-05-08
30/9-8 R,1.0,2904,2913,19.5,0.000,0.000,0.000,0,1100,0.000,0.700,0,1461,9999-12-31,2013-05-08
30/9-8 R,2.0,2837,2848,25.4,0.000,0.000,0.000,35,0,0.867,0.000,0,1461,9999-12-31,2013-05-08
30/9-8 R,3.0,2825,2848,12.7,0.000,0.000,0.000,405,28667,0.870,0.780,109,1461,9999-12-31,2013-05-08
31/2-11,1.0,1681,1685,50.8,0.000,0.000,0.000,0,0,0.000,0.000,0,6,9999-12-31,2013-05-08
31/2-11,2.0,1576,1582,50.8,0.000,0.000,0.000,1240,69000,0.883,0.667,56,6,9999-12-31,2013-05-08
31/2-12,1.0,1428,1452,17.5,0.000,0.000,0.000,0,564000,0.000,0.000,0,14,9999-12-31,2013-05-08
31/2-12,2.0,1385,1405,17.5,0.000,0.000,0.000,0,684000,0.000,0.000,0,14,9999-12-31,2013-05-08
31/2-13 S,1.0,1801,1807,21.0,0.000,0.000,0.000,540,144180,0.880,0.630,267,93,9999-12-31,2013-05-08
31/2-16 S,1.0,1888,2384,50.8,4.000,0.000,14.700,1990,89444,0.882,0.638,0,1453,9999-12-31,2013-05-08
31/2-2 R,1.0,1554,1556,12.7,0.000,0.000,0.000,128,5888,0.904,0.000,46,504,9999-12-31,2013-05-08
31/2-2 R,2.0,1538,1543,25.4,0.000,0.000,0.000,34,1501000,0.790,0.000,44147,504,9999-12-31,2013-05-08
31/2-2 R,3.0,1521,1530,25.4,0.000,0.000,0.000,0,1407000,0.000,0.000,0,504,9999-12-31,2013-05-08
31/2-3,1.0,1575,1580,0.0,0.000,0.000,0.000,0,0,0.000,0.000,0,236,9999-12-31,2013-05-08
31/2-3,2.0,1552,1557,6.4,0.000,0.000,0.000,14,560,0.910,0.000,40,236,9999-12-31,2013-05-08
31/2-3,3.0,1495,1510,50.8,0.000,0.000,0.000,0,914000,0.000,0.000,0,236,9999-12-31,2013-05-08
31/2-3,4.0,1410,1435,38.1,0.000,0.000,0.000,0,1133000,0.000,0.000,0,236,9999-12-31,2013-05-08
31/2-5,1.0,1582,1588,0.0,0.000,0.000,0.000,0,0,0.000,0.000,0,210,9999-12-31,2013-05-08
31/2-5 R,1.0,1582,1588,25.4,3.000,0.000,0.000,820,47000,0.890,0.655,58,500,9999-12-31,2013-05-08
31/2-5 R2,1.0,1591,1594,50.8,0.000,0.000,0.000,668,125584,0.880,0.631,188,501,9999-12-31,2013-05-08
31/2-6,1.0,1576,1579,7.9,0.000,0.000,0.000,144,25000,0.888,0.605,175,399,9999-12-31,2013-05-08
31/2-6,2.0,1518,1537,50.8,0.000,0.000,0.000,40,1699000,0.781,0.602,42475,399,9999-12-31,2013-05-08
31/2-7,1.0,1584,1590,43.6,0.000,0.000,0.000,1184,5332000,0.887,0.642,4503,70,9999-12-31,2013-05-08
31/2-8,1.0,1843,1848,0.0,0.000,0.000,0.000,0,0,0.000,0.000,0,78,9999-12-31,2013-05-08
31/3-1,1.0,1519,1529,16.9,0.000,0.000,0.000,0,355000,0.000,0.000,0,20,9999-12-31,2013-05-08
31/3-1,2.0,1373,1383,12.7,0.000,0.000,0.000,0,479000,0.000,0.000,0,20,9999-12-31,2013-05-08
31/3-2,1.0,1567,1577,63.5,0.000,0.000,0.000,1272,563000,0.890,0.620,442,100,9999-12-31,2013-05-08
31/5-2,1.0,1577,1581,25.4,0.200,0.000,14.900,447,0,0.896,0.660,53,32,9999-12-31,2013-05-08
31/5-2,2.0,1574,1576,44.5,0.140,0.000,12.700,1089,0,0.890,0.660,53,32,9999-12-31,2013-05-08
31/5-2,3.0,1547,1555,44.5,6.800,0.000,14.800,0,1240000,0.780,0.610,0,32,9999-12-31,2013-05-08
31/5-3,1.0,1606,1618,0.0,0.000,0.000,0.000,0,0,0.000,0.000,0,101,9999-12-31,2013-05-08
31/5-3,2.0,1582,1586,44.5,0.000,0.000,0.000,1230,59040,0.000,0.650,48,101,9999-12-31,2013-05-08
31/6-1,1.0,1562,1568,22.2,0.000,0.000,0.000,0,842000,0.000,0.635,0,22,9999-12-31,2013-05-08
31/6-1,2.0,1435,1441,19.0,0.000,0.000,0.000,0,733000,0.000,0.630,0,22,9999-12-31,2013-05-08
31/6-2 R,1.0,1506,1510,19.1,13.000,5.000,0.000,0,0,0.000,0.600,0,498,9999-12-31,2013-05-08
31/6-5,1.0,1558,1568,38.1,0.000,0.000,0.000,0,1266000,0.000,0.000,0,105,9999-12-31,2013-05-08
31/6-6,1.0,1563,1567,25.4,0.000,0.000,0.000,0,7790,0.000,0.000,0,127,9999-12-31,2013-05-08
31/6-6,2.0,1520,1533,12.5,0.000,44.000,11.000,0,107,0.000,0.000,0,127,9999-12-31,2013-05-08
31/6-8,1.0,1538,1558,23.8,0.000,0.000,0.000,0,26000,0.000,0.000,0,466,9999-12-31,2013-05-08
31/6-8,2.0,1523,1523,0.0,0.000,0.000,0.000,0,0,0.000,0.000,0,466,9999-12-31,2013-05-08
31/6-8,3.0,1416,1418,0.0,0.000,0.000,0.000,0,0,0.000,0.000,0,466,9999-12-31,2013-05-08
33/9-9,2.0,2848,2853,19.0,0.000,0.000,0.000,0,0,0.000,0.000,0,414,9999-12-31,2013-05-08
33/9-9,3.0,2800,2804,19.0,30.000,0.000,0.000,1438,0,0.830,0.000,412,414,9999-12-31,2013-05-08
33/9-9,5.0,2742,2745,15.9,34.000,0.000,0.000,1206,0,0.830,0.000,545,414,9999-12-31,2013-05-08
33/9-9,6.0,2742,2745,11.0,38.000,0.000,0.000,863,0,0.830,0.000,618,414,9999-12-31,2013-05-08
33/9-9,7.0,2531,2538,30.0,24.000,0.000,0.000,1327,0,0.830,0.000,569,414,9999-12-31,2013-05-08
33/9-9,8.0,2458,2461,19.0,34.000,0.000,0.000,1468,0,0.830,0.000,1059,414,9999-12-31,2013-05-08
33/9-9,9.0,2426,2433,0.0,0.000,0.000,0.000,0,0,0.000,0.000,0,414,9999-12-31,2013-05-08
34/10-1,1.0,1930,1935,12.7,0.000,0.000,13.500,191,20560,0.881,0.632,108,424,9999-12-31,2013-05-08
34/10-1,2.0,1839,1844,14.3,0.000,0.000,29.000,1048,86930,0.885,0.610,83,424,9999-12-31,2013-05-08
34/10-1,2.1,1839,1844,6.7,0.000,0.000,30.000,323,29365,0.879,0.626,0,424,9999-12-31,2013-05-08
34/10-1,3.0,1788,1792,6.7,0.000,0.000,30.000,322,28151,0.882,0.620,0,424,9999-12-31,2013-05-08
34/10-16,1.0,3397,3407,19.0,0.000,0.000,0.000,955,182000,0.860,0.670,191,59,9999-12-31,2013-05-08
34/10-16,2.0,3177,3187,20.6,0.000,0.000,0.000,400,1647000,0.790,0.660,4118,59,9999-12-31,2013-05-08
34/10-16 R,1.0,3397,3407,0.0,0.000,0.000,0.000,0,0,0.000,0.000,0,494,9999-12-31,2013-05-08
34/10-16 R,2.0,3177,3187,0.0,0.000,0.000,0.000,0,0,0.000,0.000,0,494,9999-12-31,2013-05-08
34/10-17,1.0,2934,2944,15.8,0.000,0.000,0.000,0,0,0.000,0.000,0,5,9999-12-31,2013-05-08
34/10-17,2.0,2881,2891,19.0,0.000,0.000,0.000,782,192000,0.820,0.740,245,5,9999-12-31,2013-05-08
34/10-17,3.0,2835,2845,19.0,0.000,0.000,0.000,734,530000,0.800,0.720,722,5,9999-12-31,2013-05-08
34/10-17,4.0,2754,2790,19.0,0.000,0.000,0.000,501,635000,0.760,0.710,1303,5,9999-12-31,2013-05-08
34/10-2,1.0,3385,3395,19.0,0.000,4.000,0.000,0,0,0.000,0.000,0,425,9999-12-31,2013-05-08
34/10-2,2.0,3355,3365,19.0,0.000,0.000,0.000,127,19000,0.865,0.678,150,425,9999-12-31,2013-05-08
34/10-2,3.0,3335,3345,19.0,0.000,1.000,0.000,127,19800,0.865,0.696,155,425,9999-12-31,2013-05-08
34/10-2,4.0,3110,3115,7.9,0.000,3.500,0.000,12,96300,0.810,0.652,8000,425,9999-12-31,2013-05-08
34/10-2,5.0,3017,3022,9.5,0.000,4.300,0.000,238,733400,0.810,0.645,3800,425,9999-12-31,2013-05-08
34/10-23,1.0,4085,4095,22.2,0.000,28.000,0.000,150,1700000,0.820,0.650,11400,476,9999-12-31,2013-05-08
34/10-24,1.0,335,336,32.5,0.000,0.000,0.000,0,70000,0.000,0.559,0,483,9999-12-31,2013-05-08
34/10-29,1.0,344,348,19.1,0.000,0.000,0.000,0,0,0.000,0.000,0,453,9999-12-31,2013-05-08
34/10-29,2.0,344,348,12.7,3.000,1.000,1.000,0,0,0.000,0.567,0,453,9999-12-31,2013-05-08
34/10-3,1.0,1965,1970,7.9,0.000,0.000,31.500,0,0,0.000,0.000,0,426,9999-12-31,2013-05-08
34/10-3,2.0,1910,1915,7.9,0.000,0.000,30.600,450,33000,0.877,0.656,70,426,9999-12-31,2013-05-08
34/10-3,3.0,1870,1875,4.0,0.000,0.000,0.000,103,0,0.882,0.000,0,426,9999-12-31,2013-05-08
34/10-30,1.0,3460,3473,12.7,7.600,0.000,25.900,418,61000,0.863,0.694,146,877,9999-12-31,2013-05-08
34/10-30,2.0,3297,3318,17.5,0.000,9.000,29.200,1150,118000,0.859,0.662,102,877,9999-12-31,2013-05-08
34/10-30,3.0,3125,3155,17.5,0.000,0.000,43.100,352,1151000,0.790,0.658,3271,877,9999-12-31,2013-05-08
34/10-31,1.0,342,345,4.0,2.000,2.000,0.000,0,0,0.000,0.000,0,887,9999-12-31,2013-05-08
34/10-31,2.0,344,347,9.5,3.000,3.000,0.000,0,37000,0.000,0.000,0,887,9999-12-31,2013-05-08
34/10-31,2.1,344,347,34.9,0.000,0.000,3.000,0,57000,0.000,0.000,0,887,9999-12-31,2013-05-08
34/10-31,2.2,344,347,34.9,0.000,0.000,3.000,0,57000,0.000,0.000,0,887,9999-12-31,2013-05-08
34/10-31,2.3,344,347,50.6,0.000,0.000,3.000,0,76000,0.000,0.000,0,887,9999-12-31,2013-05-08
34/10-31,2.4,344,347,50.8,0.000,0.000,8.000,0,70000,0.000,0.000,0,887,9999-12-31,2013-05-08
34/10-31,2.5,344,347,50.8,0.000,0.000,8.000,0,68000,0.000,0.000,0,887,9999-12-31,2013-05-08
34/10-31,2.6,344,347,50.8,0.000,0.000,8.000,0,67000,0.000,0.000,0,887,9999-12-31,2013-05-08
34/10-31,2.7,344,347,50.8,0.000,0.000,8.000,0,67000,0.000,0.000,0,887,9999-12-31,2013-05-08
34/10-31,2.8,344,347,50.8,0.000,0.000,1.000,0,62000,0.000,0.000,0,887,9999-12-31,2013-05-08
34/10-31,2.9,344,347,50.8,0.000,0.000,1.000,0,61000,0.000,0.000,0,887,9999-12-31,2013-05-08
34/10-31,3.0,344,347,50.8,0.000,0.000,0.000,0,64000,0.000,0.000,0,887,9999-12-31,2013-05-08
34/10-31,3.1,344,347,50.8,0.000,0.000,0.000,0,64000,0.000,0.000,0,887,9999-12-31,2013-05-08
34/10-31,3.2,344,347,50.8,0.000,0.000,0.000,0,67000,0.000,0.000,0,887,9999-12-31,2013-05-08
34/10-31,3.3,344,347,50.8,0.000,0.000,1.000,0,66000,0.000,0.000,0,887,9999-12-31,2013-05-08
34/10-31,3.4,344,347,50.8,0.000,0.000,1.000,0,65000,0.000,0.000,0,887,9999-12-31,2013-05-08
34/10-31,3.5,344,347,50.8,0.000,0.000,1.000,0,64000,0.000,0.000,0,887,9999-12-31,2013-05-08
34/10-31,3.6,344,347,50.8,0.000,0.000,1.000,0,64000,0.000,0.000,0,887,9999-12-31,2013-05-08
34/10-31,3.7,344,347,50.8,0.000,0.000,1.000,0,63000,0.000,0.000,0,887,9999-12-31,2013-05-08
34/10-31,3.8,344,347,50.8,2.000,0.000,2.000,0,63000,0.000,0.000,0,887,9999-12-31,2013-05-08
34/10-33,1.0,3378,3394,12.7,0.000,0.000,21.000,288,51000,0.854,0.680,176,1302,9999-12-31,2013-05-08
34/10-33,1.3,3359,3374,28.6,0.000,0.000,30.000,1318,211900,0.856,0.680,161,1302,9999-12-31,2013-05-08
34/10-33,2.1,3279,3307,19.1,0.000,0.000,32.000,850,376700,0.850,0.665,443,1302,9999-12-31,2013-05-08
34/10-33,2.2,3279,3329,19.1,0.000,0.000,43.500,1403,302100,0.850,0.660,218,1302,9999-12-31,2013-05-08
34/10-33 C,1.0,3448,3517,20.6,23.000,16.000,42.000,1635,305558,0.859,0.680,186,1384,9999-12-31,2013-05-08
34/10-33 CR,1.0,3448,3517,20.6,23.000,16.000,42.000,1635,313300,0.859,0.680,193,1530,2012-07-21,2013-05-08
34/10-33 CR,1.2,3448,3517,0.0,0.000,0.000,0.000,0,0,0.000,0.000,0,1530,9999-12-31,2013-05-08
34/10-34,1.0,1994,2001,19.0,0.000,0.000,0.000,1545,135784,0.860,0.680,87,1747,2012-07-21,2013-05-08
34/10-35,1.0,4015,4025,15.8,190.000,0.000,0.000,130,630000,0.795,0.665,4800,1874,9999-12-31,2013-05-08
34/10-35,2.0,3984,3995,12.7,0.000,390.000,0.000,220,990000,0.795,0.667,4500,1874,9999-12-31,2013-05-08
34/10-35,3.0,3920,3930,15.8,0.000,0.000,0.000,113,340000,0.794,0.684,3000,1874,9999-12-31,2013-05-08
34/10-37 A,1.0,2667,2697,20.0,8.500,0.000,35.400,1950,645000,0.820,0.730,330,2530,9999-12-31,2013-05-08
34/10-37 A,1.1,2667,0,11.1,0.000,0.000,0.000,500,0,0.820,0.720,300,2530,9999-12-31,2013-05-08
34/10-37 A,1.2,2667,0,0.0,0.000,0.000,0.000,1969,0,0.820,0.730,320,2530,9999-12-31,2013-05-08
34/10-37 A,1.3,2667,0,0.0,0.000,0.000,0.000,1969,0,0.820,0.730,320,2530,9999-12-31,2013-05-08
34/10-37 A,1.4,2667,0,11.1,0.000,0.000,0.000,595,0,0.000,0.000,309,2530,9999-12-31,2013-05-08
34/10-4,1.0,1880,1885,7.9,0.000,0.000,0.000,279,24300,0.880,0.000,87,427,9999-12-31,2013-05-08
34/10-4,2.0,1824,1826,14.7,0.000,0.000,0.000,810,67400,0.880,0.000,83,427,9999-12-31,2013-05-08
34/10-44 S,1.0,4654,4868,17.4,0.000,0.000,0.000,550,560000,0.770,0.742,1020,4422,9999-12-31,2013-05-08
34/10-44 S,2.0,4627,4649,11.1,0.000,0.000,0.000,645,350000,0.795,0.745,542,4422,9999-12-31,2013-05-08
34/10-5,1.0,1900,1902,12.7,0.000,0.000,0.000,724,59400,0.882,0.000,82,428,9999-12-31,2013-05-08
34/10-7,1.0,1833,1840,15.9,0.000,0.000,0.000,471,0,0.832,0.000,126,222,9999-12-31,2013-05-08
34/10-7 R,1.0,1858,1865,15.9,0.000,0.000,0.000,473,59000,0.832,0.642,124,496,9999-12-31,2013-05-08
34/10-7 R,2.0,1835,1865,15.9,0.000,0.000,0.000,810,99000,0.826,0.680,122,496,9999-12-31,2013-05-08
34/10-7 R,3.0,1810,1824,12.7,0.000,0.000,0.000,830,110000,0.830,0.680,133,496,9999-12-31,2013-05-08
34/10-8,1.0,1845,1848,12.7,0.000,0.000,0.000,501,0,0.882,0.000,117,230,9999-12-31,2013-05-08
34/10-9,1.0,2078,2084,9.5,32.000,15.000,0.000,35,2715,0.854,0.000,77,140,9999-12-31,2013-05-08
34/10-9,2.0,2059,2065,9.5,33.000,32.000,0.000,751,48428,0.847,0.000,65,140,9999-12-31,2013-05-08
34/10-9,3.0,1879,1885,12.7,31.000,30.000,0.000,727,42480,0.866,0.000,62,140,9999-12-31,2013-05-08
34/11-1,1.0,4117,4137,12.7,0.000,40.000,67.000,387,664221,0.794,0.690,1728,2377,9999-12-31,2013-05-08
34/11-2 S,1.0,4260,4240,15.8,0.000,0.000,0.000,0,0,0.000,0.000,0,2733,9999-12-31,2013-05-08
34/11-2 S,2.0,4185,4260,12.7,6.000,8.000,13.000,125,126100,0.791,0.720,1009,2733,9999-12-31,2013-05-08
34/11-2 S,3.0,4143,4068,12.7,0.000,8.000,14.000,75,172288,0.801,0.680,2305,2733,9999-12-31,2013-05-08
34/12-1,1.0,4321,4356,15.9,0.000,0.000,0.000,33,216000,0.780,0.000,6600,5684,9999-12-31,2013-05-08
34/3-1 S,1.0,3866,3950,9.5,0.000,0.000,0.000,1239,42789,0.798,0.795,35,5811,9999-12-31,2013-05-08
34/4-1,1.0,2608,2613,0.0,0.000,0.000,0.000,0,0,0.000,0.000,0,422,9999-12-31,2013-05-08
34/4-1,2.0,2510,2536,6.3,38.100,35.000,0.000,238,28560,0.820,0.712,120,422,9999-12-31,2013-05-08
34/4-13 S,1.0,4803,4815,13.6,0.000,73.800,74.900,1400,0,0.000,0.000,0,6442,9999-12-31,2013-05-08
34/4-4,1.0,2618,2626,12.7,0.000,0.000,0.000,0,0,0.000,0.000,0,41,9999-12-31,2013-05-08
34/4-4,2.0,2572,2578,10.3,0.000,0.000,0.000,461,0,0.000,0.000,94,41,9999-12-31,2013-05-08
34/4-4,3.0,2512,2516,6.3,0.000,0.000,0.000,54,0,0.000,0.000,0,41,9999-12-31,2013-05-08
34/4-4,4.0,2429,2437,17.5,0.000,0.000,0.000,1749,200000,0.830,0.000,70,41,9999-12-31,2013-05-08
34/4-5,1.0,3599,3589,3.2,2.060,0.000,0.000,0,0,0.000,0.000,0,37,9999-12-31,2013-05-08
34/4-5,2.0,3481,3463,4.0,13.680,0.000,62.550,48,11520,0.834,0.820,240,37,9999-12-31,2013-05-08
34/4-6,1.0,2592,2595,6.4,0.000,0.000,0.000,0,0,0.000,0.000,0,875,9999-12-31,2013-05-08
34/4-6,1.1,2577,2585,12.7,0.000,0.000,0.000,1173,72726,0.821,0.770,62,875,9999-12-31,2013-05-08
34/4-7,1.0,2596,2579,7.9,0.000,13.000,38.000,190,19950,0.833,0.870,105,943,9999-12-31,2013-05-08
34/4-7,2.0,2506,2566,14.3,0.000,0.000,0.000,1378,118000,0.835,0.730,85,943,9999-12-31,2013-05-08
34/7-1,1.0,2581,2574,11.0,0.000,18.000,36.000,35,720000,0.826,0.000,2000,111,9999-12-31,2013-05-08
34/7-1,2.0,2455,2467,9.5,0.000,0.000,0.000,509,40000,0.825,0.000,80,111,9999-12-31,2013-05-08
34/7-1,3.0,2410,2417,17.5,0.000,0.000,0.000,1815,126000,0.830,0.000,70,111,9999-12-31,2013-05-08
34/7-12,1.0,2276,2282,12.7,15.000,0.000,49.000,0,1685,0.000,0.000,0,1187,9999-12-31,2013-05-08
34/7-12,2.0,2229,2235,12.7,19.000,0.000,43.000,881,59000,0.841,0.722,68,1187,9999-12-31,2013-05-08
34/7-12,3.0,2206,2210,14.3,23.000,0.000,48.000,1460,96000,0.840,0.695,66,1187,9999-12-31,2013-05-08
34/7-13,1.0,2501,2504,16.0,34.000,0.000,15.000,1350,68850,0.840,0.000,51,1233,9999-12-31,2013-05-08
34/7-14,1.0,2232,2241,12.7,15.400,0.000,32.500,960,0,0.716,0.000,0,1278,9999-12-31,2013-05-08
34/7-14,2.0,2204,2210,14.3,15.700,0.000,33.000,1120,0,0.712,0.000,0,1278,9999-12-31,2013-05-08
34/7-16 R,1.0,2454,2458,111.0,13.200,0.000,36.600,950,52250,0.860,0.710,55,1677,2012-07-21,2013-05-08
34/7-16 R,2.0,2401,2414,12.7,15.900,0.000,36.200,1310,62040,0.860,0.710,47,1677,9999-12-31,2013-05-08
34/7-16 R,3.0,2821,2837,0.0,0.000,0.000,0.000,0,0,0.000,0.000,0,1677,9999-12-31,2013-05-08
34/7-17 A,1.0,2495,2499,15.6,5.000,0.000,25.000,719,36000,0.850,0.800,50,1536,9999-12-31,2013-05-08
34/7-18,1.0,1770,1784,8.0,6.000,0.000,25.000,46,0,0.890,0.000,0,1819,9999-12-31,2013-05-08
34/7-19,1.0,2455,2468,14.3,13.000,0.000,36.000,1070,0,0.835,0.000,40,1838,9999-12-31,2013-05-08
34/7-19,2.0,2542,2557,6.4,13.000,0.000,37.000,290,0,0.000,0.000,0,1838,9999-12-31,2013-05-08
34/7-21,1.0,2510,2537,12.7,14.000,0.000,32.000,884,0,0.850,0.890,95,2026,9999-12-31,2013-05-08
34/7-22,1.0,2236,2242,14.3,15.000,0.000,33.000,1154,0,0.840,0.690,67,2167,9999-12-31,2013-05-08
34/7-25 S,1.0,2817,2791,15.9,0.000,0.000,30.000,1039,101920,0.840,0.730,98,2863,9999-12-31,2013-05-08
34/7-26 A,1.0,4204,4208,17.5,14.000,0.000,30.000,1361,0,0.000,0.000,0,3329,2012-07-21,2013-05-08
34/7-26 A,2.0,4140,4180,0.0,0.000,0.000,0.000,0,0,0.000,0.000,0,3329,9999-12-31,2013-05-08
34/7-29 SR,1.0,2704,2716,17.5,8.150,0.000,0.000,863,119520,0.842,0.000,138,3702,9999-12-31,2013-05-08
34/7-3,1.0,2601,2607,8.0,0.000,0.000,0.000,300,8400,0.840,0.000,28,442,9999-12-31,2013-05-08
34/7-3,2.0,2505,2513,11.0,0.000,0.000,0.000,680,17680,0.836,0.000,26,442,9999-12-31,2013-05-08
34/7-3,3.0,2441,2449,12.7,0.000,0.000,0.000,1370,43872,0.838,0.000,32,442,9999-12-31,2013-05-08
34/7-4,1.0,2547,2563,9.5,192.000,131.000,385.000,865,35000,0.833,0.740,33,455,9999-12-31,2013-05-08
34/7-5,1.0,2503,2512,9.5,13.000,9.000,36.000,318,46000,0.085,0.760,145,458,9999-12-31,2013-05-08
34/7-5,2.0,2502,2512,9.5,0.000,11.000,0.000,262,4000,0.845,0.000,151,458,9999-12-31,2013-05-08
34/7-8,1.1,2359,2374,6.4,2.600,0.000,19.000,64,3520,0.855,0.000,55,878,9999-12-31,2013-05-08
34/7-8,1.2,2359,2374,19.1,1.000,0.000,43.000,120,5520,0.851,0.000,46,878,9999-12-31,2013-05-08
34/7-8,3.0,2334,2329,6.4,14.000,9.000,41.000,272,14144,0.840,0.000,52,878,9999-12-31,2013-05-08
34/7-8,4.0,2284,2276,17.5,14.000,0.000,48.000,1337,70861,0.830,0.000,53,878,9999-12-31,2013-05-08
34/7-9,1.0,2554,2501,15.9,35.000,9.000,33.000,896,79000,0.839,0.778,88,889,9999-12-31,2013-05-08
34/7-9,1.1,2536,2527,15.9,0.000,0.000,0.000,1135,109000,0.835,0.805,96,889,9999-12-31,2013-05-08
34/7-9,1.2,2515,2506,15.9,0.000,0.000,0.000,893,79000,0.835,0.795,89,889,9999-12-31,2013-05-08
34/7-9,1.3,2504,2501,15.9,0.000,0.000,0.000,896,79000,0.838,0.805,88,889,9999-12-31,2013-05-08
34/8-1,1.0,2880,2900,11.1,0.000,0.000,42.200,0,2400,0.000,0.620,3,854,9999-12-31,2013-05-08
34/8-1,2.0,2845,2857,9.5,0.000,0.000,41.600,429,248000,0.834,0.660,579,854,9999-12-31,2013-05-08
34/8-1,3.0,2768,2807,19.0,0.000,0.000,41.400,447,952110,0.745,0.670,2130,854,9999-12-31,2013-05-08
34/8-10 S,1.0,3039,3052,17.4,0.000,0.000,0.000,1180,414000,0.823,0.755,350,2179,2012-07-21,2013-05-08
34/8-11,1.0,2942,2956,15.8,0.000,0.000,0.000,1142,285300,0.841,0.755,250,2180,9999-12-31,2013-05-08
34/8-11,2.0,2913,2956,15.8,0.000,0.000,0.000,1135,291800,0.839,0.735,257,2180,9999-12-31,2013-05-08
34/8-3,1.0,2935,2947,4.8,0.000,0.000,0.000,68,18200,0.847,0.635,268,940,9999-12-31,2013-05-08
34/8-3,2.0,2905,2921,28.6,0.000,0.000,0.000,613,1540000,0.775,0.640,2520,940,9999-12-31,2013-05-08
34/8-3,3.0,2868,2880,25.4,0.000,0.000,0.000,554,1540000,0.782,0.648,2776,940,9999-12-31,2013-05-08
34/8-3 A,1.0,3087,3093,12.7,0.000,0.000,0.000,746,153000,0.850,0.646,205,1338,9999-12-31,2013-05-08
34/8-3 A,1.1,3072,3093,12.7,0.000,0.000,0.000,782,156000,0.850,0.650,199,1338,9999-12-31,2013-05-08
34/8-4 A,1.0,3323,3341,14.2,23.000,0.000,49.000,936,211536,0.815,0.770,226,1909,9999-12-31,2013-05-08
34/8-4 A,2.0,3214,3228,12.7,1.000,0.000,7.000,35,15680,0.800,0.810,448,1909,9999-12-31,2013-05-08
34/8-4 A,3.0,3160,3184,19.0,11.000,0.000,27.000,821,170768,0.820,0.740,208,1909,9999-12-31,2013-05-08
34/8-4 A,4.0,3056,3108,12.7,26.000,0.000,45.000,831,181158,0.821,0.740,218,1909,9999-12-31,2013-05-08
34/8-4 A,5.0,2988,3019,14.3,26.000,0.000,44.000,992,225184,0.820,0.740,227,1909,9999-12-31,2013-05-08
34/8-4 S,1.0,3219,3241,15.8,17.000,0.000,0.000,441,410130,0.782,0.728,930,1683,2012-07-21,2013-05-08
34/8-4 S,2.1,3133,3143,17.4,25.000,0.000,0.000,754,605000,0.788,0.734,803,1683,2012-07-21,2013-05-08
34/8-4 S,2.2,3066,3142,20.6,23.000,0.000,0.000,985,792000,0.785,0.739,805,1683,2012-07-21,2013-05-08
34/8-4 S,3.0,3000,3017,21.4,20.000,0.000,0.000,908,708000,0.777,0.738,781,1683,2012-07-21,2013-05-08
34/8-4 S,4.0,2903,2917,25.4,6.000,0.000,0.000,205,480000,0.770,0.690,2418,1683,9999-12-31,2013-05-08
34/8-7 R,1.0,5118,5210,6.3,0.000,0.000,86.400,0,0,0.000,0.000,0,2057,9999-12-31,2013-05-08
34/8-7 R,2.0,4671,4731,19.0,0.000,0.000,7.600,0,18673,0.000,0.720,0,2057,9999-12-31,2013-05-08
34/8-8 R,1.0,2960,2973,12.7,20.000,0.000,42.000,775,106300,0.852,0.665,137,2080,9999-12-31,2013-05-08
34/8-8 R,2.0,2921,2950,19.0,8.000,0.000,23.000,956,147100,0.844,0.660,164,2080,9999-12-31,2013-05-08
35/11-2,1.0,3551,3559,10.7,0.000,36.000,50.000,0,0,0.000,0.000,5,893,9999-12-31,2013-05-08
35/11-2,2.0,3524,3542,18.3,45.000,0.000,49.000,280,36900,0.811,0.719,1319,893,9999-12-31,2013-05-08
35/11-2,3.0,3477,3487,15.9,0.000,42.000,49.000,510,531000,0.820,0.739,1041,893,9999-12-31,2013-05-08
35/11-2,4.0,3427,3432,17.4,0.000,31.000,48.000,425,402400,0.822,0.740,946,893,9999-12-31,2013-05-08
35/11-2,5.0,3374,3378,12.7,0.000,29.000,48.000,415,177400,0.828,0.780,427,893,9999-12-31,2013-05-08
35/11-4 R,1.0,2676,2684,12.4,0.000,26.000,27.000,456,77955,0.810,0.730,1709,1883,9999-12-31,2013-05-08
35/11-4 R,2.0,2286,2293,15.8,0.000,21.000,23.000,545,564066,0.832,0.653,1034,1883,9999-12-31,2013-05-08
35/11-4 R,3.0,2034,2046,17.5,0.000,20.000,21.000,682,660697,0.845,0.678,954,1883,9999-12-31,2013-05-08
35/11-4 R,4.0,2010,2013,6.4,0.000,19.000,20.000,44,799943,0.818,0.648,1818,1883,9999-12-31,2013-05-08
35/11-7,1.0,2476,2491,15.9,0.000,12.000,24.000,662,195384,0.802,0.700,295,1979,9999-12-31,2013-05-08
35/11-7,2.0,1829,1846,15.9,0.000,12.000,24.000,636,39643,0.802,0.730,62,1979,2012-07-21,2013-05-08
35/11-8 S,1.0,2924,2931,19.1,26.000,21.000,27.000,700,79000,0.850,0.720,112,2772,9999-12-31,2013-05-08
35/11-8 S,2.0,2910,2920,19.1,26.000,24.000,27.000,860,82000,0.850,0.690,95,2772,9999-12-31,2013-05-08
35/11-8 S,3.0,2886,2901,12.7,26.000,25.000,27.000,520,58000,0.850,0.706,112,2772,9999-12-31,2013-05-08
35/2-2,1.0,581,600,48.0,3.800,0.000,5.300,0,1200000,0.000,0.000,0,6084,9999-12-31,2013-05-08
35/3-2,1.0,3599,3605,15.0,0.000,0.000,0.000,0,0,0.000,0.000,0,136,9999-12-31,2013-05-08
35/3-2,2.0,3552,3566,15.0,0.000,0.000,0.000,53,1082000,0.819,0.620,0,136,9999-12-31,2013-05-08
35/3-4,2.0,3445,3471,14.3,0.000,0.000,0.000,84,688000,0.778,0.620,8190,219,9999-12-31,2013-05-08
35/8-1,1.0,3636,3645,15.9,0.000,0.000,0.000,204,651000,0.804,0.000,3197,205,9999-12-31,2013-05-08
35/8-1,2.0,3636,3645,15.9,0.000,0.000,0.000,204,651000,0.804,0.000,3197,205,9999-12-31,2013-05-08
35/8-1,3.0,3636,3645,15.9,0.000,0.000,0.000,204,651000,0.804,0.000,3197,205,9999-12-31,2013-05-08
35/8-1,4.0,3565,3575,19.5,0.000,0.000,0.000,229,920000,0.799,0.656,4070,205,9999-12-31,2013-05-08
35/8-2,1.0,3694,3703,17.5,0.000,0.000,0.000,305,447000,0.797,0.670,1467,434,2012-07-20,2013-05-08
35/8-2,2.0,3306,3315,17.5,0.000,0.000,0.000,205,214000,0.797,0.670,1044,434,2012-07-20,2013-05-08
35/9-1,1.0,2286,2292,25.4,7.300,0.000,0.000,903,256452,0.815,0.705,284,1375,9999-12-31,2013-05-08
35/9-1,2.0,2225,2249,17.6,15.000,0.000,0.000,198,598000,0.728,0.681,3014,1375,9999-12-31,2013-05-08
35/9-1,3.0,2100,2138,25.4,11.600,0.000,0.000,179,912000,0.749,0.705,5098,1375,9999-12-31,2013-05-08
35/9-2,1.0,2330,2342,12.7,14.400,0.000,0.000,289,2063000,0.826,0.608,714,1600,2012-07-21,2013-05-08
35/9-2,2.0,2295,2310,25.4,11.200,0.000,0.000,206,881000,0.720,0.668,4276,1600,9999-12-31,2013-05-08
35/9-2,3.0,2187,2211,25.4,10.600,0.000,0.000,205,803000,0.732,0.664,3897,1600,9999-12-31,2013-05-08
35/9-2,4.0,2100,2130,25.4,11.900,0.000,0.000,202,954000,0.726,0.664,4717,1600,9999-12-31,2013-05-08
36/1-1,1.0,1550,1556,0.0,0.000,0.000,0.000,0,0,0.000,0.000,0,435,9999-12-31,2013-05-08
36/1-1,2.0,1489,1496,0.0,0.000,0.000,0.000,0,0,0.000,0.000,0,435,9999-12-31,2013-05-08
36/7-1,1.0,2363,2368,25.4,24.000,22.000,24.000,1025,171175,0.820,0.800,167,1794,2012-07-21,2013-05-08
6/3-1,1.0,3015,3023,19.5,0.000,0.000,0.000,765,121000,0.860,0.000,158,450,9999-12-31,2013-05-08
6/3-1,1.1,3015,3023,25.4,0.000,0.000,0.000,907,141000,0.860,0.000,155,450,9999-12-31,2013-05-08
6/3-1,2.0,2978,2993,25.4,36.000,12.000,35.000,409,889900,0.768,0.000,2176,450,9999-12-31,2013-05-08
6/3-1,3.0,2902,2921,0.0,0.000,0.000,39.000,0,0,0.000,0.000,0,450,9999-12-31,2013-05-08
6/3-2,1.0,3776,3772,31.8,0.000,0.000,0.000,0,0,0.000,0.000,0,862,9999-12-31,2013-05-08
6201/11-1,3.0,2713,2717,10.3,0.000,0.000,0.000,91,72000,0.835,0.630,798,1134,9999-12-31,2013-05-08
6205/3-1 R,1.0,4324,4344,12.7,0.000,0.000,36.080,0,0,0.000,0.000,0,1510,9999-12-31,2013-05-08
6305/4-1,1.0,2770,2797,31.7,0.000,15.300,0.000,145,1860000,0.000,0.000,12827,4441,9999-12-31,2013-05-08
6305/7-1,1.0,2915,2931,23.8,0.000,0.000,28.960,58,638000,0.770,0.610,11000,3535,9999-12-31,2013-05-08
6306/10-1,1.0,2967,3158,0.0,0.000,0.000,0.000,0,0,0.000,0.000,0,1551,9999-12-31,2013-05-08
6405/7-1,1.0,2758,2812,12.7,0.000,0.000,0.000,40,7000,0.000,0.000,175,4749,9999-12-31,2013-05-08
6406/11-1 S,1.0,4027,4060,6.4,1.000,0.000,51.000,0,0,0.000,0.000,0,1539,9999-12-31,2013-05-08
6406/11-1 S,2.0,3709,3723,31.8,2.000,0.000,35.000,19,0,0.000,0.000,0,1539,9999-12-31,2013-05-08
6406/11-1 S,3.0,3692,3723,16.7,2.300,0.000,37.000,0,0,0.000,0.000,0,1539,9999-12-31,2013-05-08
6406/2-1 R,1.0,5227,5201,6.4,51.000,45.000,51.000,0,0,0.000,0.000,0,2642,9999-12-31,2013-05-08
6406/2-1 R,2.0,5170,5099,20.6,51.000,49.000,51.000,0,0,0.000,0.000,0,2642,9999-12-31,2013-05-08
6406/2-1 R,3.0,5041,5021,12.7,48.000,13.000,53.000,22,88000,0.796,0.770,4000,2642,9999-12-31,2013-05-08
6406/2-1 R,4.0,4924,4910,12.7,48.000,28.000,52.000,69,289000,0.783,0.770,4200,2642,9999-12-31,2013-05-08
6406/2-1 R,5.0,4858,4816,28.6,50.000,26.000,52.000,273,788000,0.803,0.770,2700,2642,9999-12-31,2013-05-08
6406/2-1 R,6.0,4704,4645,28.6,38.000,22.000,51.000,247,716300,0.798,0.730,2900,2642,9999-12-31,2013-05-08
6406/2-1 R,7.0,4495,4427,25.4,38.000,19.000,0.000,4,0,0.800,0.730,0,2642,9999-12-31,2013-05-08
6406/2-2,1.0,4927,4868,19.1,51.000,10.000,52.000,91,223000,0.804,0.941,2450,2644,9999-12-31,2013-05-08
6406/2-2,2.0,4746,4715,27.0,41.000,32.000,51.000,575,1021000,0.784,1.030,1808,2644,9999-12-31,2013-05-08
6406/2-3,1.0,4832,4806,17.0,90.000,89.000,91.000,890,892000,0.791,0.720,1003,2849,9999-12-31,2013-05-08
6406/2-3,2.0,4654,4629,17.5,88.000,81.000,89.000,1048,777000,0.792,0.720,744,2849,9999-12-31,2013-05-08
6406/2-4 SR,1.0,4905,4874,9.5,44.000,31.000,52.000,93,237000,0.773,0.780,2925,3627,9999-12-31,2013-05-08
6406/2-4 SR,2.0,4704,4684,7.9,50.000,12.000,51.000,18,42855,0.789,0.743,2300,3627,9999-12-31,2013-05-08
6406/2-5 A,1.0,5304,5334,11.1,87.000,38.000,0.000,274,221500,0.795,0.745,821,3213,9999-12-31,2013-05-08
6406/2-7,1.0,4558,4573,0.0,50.000,78.000,0.000,678,496000,0.806,0.000,731,3878,9999-12-31,2013-05-08
6406/3-1,1.0,3783,3788,15.9,11.000,50.000,67.000,0,8000,0.000,0.000,6,108,9999-12-31,2013-05-08
6406/3-2,1.0,4302,4336,12.7,0.000,0.000,38.000,0,0,0.000,0.000,0,863,9999-12-31,2013-05-08
6406/3-2,2.0,3937,3995,11.0,2.000,0.000,24.000,645,129000,0.825,0.000,200,863,9999-12-31,2013-05-08
6406/3-4,1.0,4175,4198,25.4,0.000,0.000,43.000,0,0,0.000,0.000,0,1173,9999-12-31,2013-05-08
6406/3-4,2.0,4103,4117,7.9,0.000,0.000,41.000,0,0,0.000,0.000,0,1173,9999-12-31,2013-05-08
6406/3-4,3.0,4054,4082,4.0,0.000,0.000,40.000,0,0,0.000,0.000,0,1173,9999-12-31,2013-05-08
6406/8-1,1.0,4718,4711,6.3,71.000,48.000,0.000,0,0,0.000,0.000,0,1136,9999-12-31,2013-05-08
6406/8-1,2.0,4413,4453,9.5,0.000,0.000,0.000,0,0,0.000,0.000,0,1136,9999-12-31,2013-05-08
6406/9-1,1.0,4964,5004,22.0,0.000,0.000,23.000,0,1410000,0.000,0.000,0,4927,9999-12-31,2013-05-08
6406/9-1,2.0,4619,4634,19.0,0.000,0.000,28.000,0,1440000,0.000,0.000,0,4927,9999-12-31,2013-05-08
6407/1-2,1.0,3659,3669,19.0,0.000,0.000,0.000,454,394000,0.792,0.735,869,61,9999-12-31,2013-05-08
6407/1-3,1.0,3698,3703,19.1,0.000,0.000,0.000,137,867000,0.872,0.665,158,29,9999-12-31,2013-05-08
6407/1-3,2.0,3665,3670,25.4,0.000,0.000,0.000,253,875000,0.776,0.655,3458,29,9999-12-31,2013-05-08
6407/1-4,1.0,3693,3687,12.7,0.000,3.000,15.100,244,29505,0.860,0.690,121,2796,9999-12-31,2013-05-08
6407/2-2,1.0,2476,2484,23.8,0.000,0.000,0.000,119,994000,0.770,0.690,0,16,9999-12-31,2013-05-08
6407/2-3,1.0,2518,2509,38.1,9.000,17.000,0.000,271,1285000,0.766,0.705,4740,935,9999-12-31,2013-05-08
6407/2-3,2.0,2436,2428,38.1,9.000,17.000,0.000,213,1321000,0.768,0.705,6210,935,9999-12-31,2013-05-08
6407/4-1,2.0,3889,3919,17.5,0.000,0.000,0.000,20,32000,0.800,0.810,1625,490,9999-12-31,2013-05-08
6407/6-3,1.0,2570,2577,12.7,0.000,0.000,0.000,115,228000,0.818,0.770,1979,1024,9999-12-31,2013-05-08
6407/6-3,2.0,2546,2555,19.1,0.000,0.000,0.000,260,753000,0.752,0.755,2897,1024,9999-12-31,2013-05-08
6407/6-3,3.0,2479,2489,19.1,0.000,0.000,0.000,326,746000,0.741,0.720,2288,1024,9999-12-31,2013-05-08
6407/7-1 S,1.0,3100,3114,25.4,0.000,0.000,0.000,0,0,0.000,0.000,0,474,9999-12-31,2013-05-08
6407/7-1 S,2.0,3023,3034,25.4,0.000,0.000,0.000,85,19000,0.832,0.800,229,474,9999-12-31,2013-05-08
6407/7-1 S,3.0,2947,2973,12.7,0.000,0.000,0.000,210,147000,0.824,0.707,208,474,9999-12-31,2013-05-08
6407/7-1 S,4.0,2840,2886,12.7,0.000,0.000,0.000,204,148000,0.825,0.693,202,474,9999-12-31,2013-05-08
6407/7-1 S,5.0,2758,2781,25.4,0.000,0.000,0.000,221,170000,0.823,0.732,220,474,9999-12-31,2013-05-08
6407/7-2,1.0,2870,2879,12.7,0.000,0.000,0.000,125,24000,0.829,0.744,190,1017,9999-12-31,2013-05-08
6407/7-2,2.0,2802,2820,12.7,0.000,0.000,0.000,575,106000,0.825,0.685,184,1017,9999-12-31,2013-05-08
6407/7-3,1.0,3047,3068,25.4,0.000,0.000,0.000,16,0,0.831,0.000,0,1229,9999-12-31,2013-05-08
6407/7-3,2.0,2990,3014,50.8,0.000,0.000,0.000,527,119000,0.809,0.737,227,1229,9999-12-31,2013-05-08
6407/7-3,3.0,2852,2868,25.4,0.000,0.000,0.000,950,396000,0.808,0.745,417,1229,9999-12-31,2013-05-08
6407/7-4,1.0,3126,3139,11.1,0.000,0.000,0.000,0,424,0.000,0.690,0,1360,9999-12-31,2013-05-08
6407/7-4,2.0,2999,3008,7.9,0.000,0.000,0.000,242,46000,0.830,0.740,185,1360,9999-12-31,2013-05-08
6407/7-4,3.0,3028,3071,12.7,0.000,0.000,0.000,740,125000,0.840,0.720,169,1360,9999-12-31,2013-05-08
6407/7-6,1.0,3686,3770,16.0,0.000,52.450,0.000,220,155000,0.815,0.000,705,4172,9999-12-31,2013-05-08
6407/9-1,1.0,1632,1638,48.0,0.000,0.000,0.000,1351,51338,0.820,0.890,38,133,9999-12-31,2013-05-08
6407/9-2,1.0,1670,1676,15.8,0.000,0.000,0.000,0,0,0.000,0.000,0,449,9999-12-31,2013-05-08
6407/9-2,2.0,1651,1657,38.0,0.000,0.000,0.000,1177,43549,0.825,0.960,37,449,9999-12-31,2013-05-08
6407/9-3,1.0,1631,1643,50.8,0.000,0.000,0.000,2500,49000,0.825,0.810,21,469,9999-12-31,2013-05-08
6407/9-4,1.0,1708,1713,0.0,0.000,0.000,0.000,0,0,0.000,0.000,0,480,9999-12-31,2013-05-08
6407/9-4,2.0,1662,1668,25.4,0.000,0.000,0.000,962,0,0.820,0.820,36,480,9999-12-31,2013-05-08
6407/9-5,1.0,1654,1661,25.4,0.000,0.000,0.000,1203,23000,0.825,0.785,17,492,9999-12-31,2013-05-08
6506/11-1,1.0,3741,3745,9.5,30.000,0.000,20.000,0,690,0.000,0.645,0,1216,9999-12-31,2013-05-08
6506/11-2,1.0,4668,4704,31.0,0.000,10.500,48.900,554,770733,0.807,0.765,1392,1754,9999-12-31,2013-05-08
6506/11-2,2.0,4553,4597,31.0,0.000,6.800,48.000,481,440000,0.000,0.000,915,1754,9999-12-31,2013-05-08
6506/11-2,3.0,4486,4510,0.0,0.000,0.000,0.000,0,0,0.000,0.000,0,1754,9999-12-31,2013-05-08
6506/11-2,4.0,4371,4420,25.4,0.000,14.500,47.700,714,1028000,0.780,0.730,1440,1754,9999-12-31,2013-05-08
6506/11-2,5.0,4005,4048,14.3,0.000,3.500,66.400,136,69845,0.820,0.780,513,1754,9999-12-31,2013-05-08
6506/11-2,6.0,3374,3399,9.5,0.000,5.000,48.500,40,6825,0.826,0.775,170,1754,9999-12-31,2013-05-08
6506/11-3,1.0,3120,3142,12.7,0.000,3.000,34.000,0,1817,0.000,0.000,0,1973,9999-12-31,2013-05-08
6506/11-4 S,1.0,5039,5073,15.9,0.000,15.000,0.000,725,395000,0.800,0.738,545,2736,9999-12-31,2013-05-08
6506/11-6,1.0,4839,4849,14.3,0.000,0.000,0.000,557,568000,0.789,0.715,1019,3306,9999-12-31,2013-05-08
6506/11-6,2.0,4695,4736,4.7,0.000,0.000,0.000,105,78000,0.795,0.715,743,3306,9999-12-31,2013-05-08
6506/11-6,3.0,4649,4668,14.3,0.000,0.000,0.000,770,533000,0.795,0.715,692,3306,9999-12-31,2013-05-08
6506/11-7,1.0,4751,4818,12.0,0.000,0.000,0.000,0,0,0.000,0.000,0,3322,9999-12-31,2013-05-08
6506/11-7,2.0,4668,4700,11.0,0.000,0.000,49.000,680,253000,0.000,0.000,372,3322,9999-12-31,2013-05-08
6506/11-7,3.0,4590,4631,3.8,0.000,0.000,38.000,240,127000,0.000,0.000,529,3322,9999-12-31,2013-05-08
6506/12-1,1.0,4504,4509,31.8,67.000,44.000,71.000,0,0,0.000,0.000,0,1004,9999-12-31,2013-05-08
6506/12-1,2.0,4351,4373,25.4,33.000,12.000,43.000,517,692000,0.790,0.750,1352,1004,9999-12-31,2013-05-08
6506/12-1,3.0,4291,4304,3.2,0.000,0.000,47.000,0,0,0.000,0.000,0,1004,9999-12-31,2013-05-08
6506/12-1,4.1,4251,4261,25.4,0.000,19.000,47.000,700,547000,0.805,0.000,928,1004,9999-12-31,2013-05-08
6506/12-1,5.0,4218,4203,19.0,0.000,104.000,0.000,350,550000,0.790,0.000,1571,1004,9999-12-31,2013-05-08
6506/12-1,5.1,4218,4203,19.0,0.000,104.000,0.000,273,410000,0.790,0.000,1500,1004,9999-12-31,2013-05-08
6506/12-1,6.0,4095,4110,0.0,0.000,0.000,0.000,0,0,0.000,0.000,0,1004,9999-12-31,2013-05-08
6506/12-1,7.0,3993,4011,31.8,0.000,0.000,0.000,511,728000,0.790,0.750,1424,1004,9999-12-31,2013-05-08
6506/12-10 A,1.0,5707,5686,19.0,0.000,22.000,0.000,450,168750,0.810,0.000,375,2610,9999-12-31,2013-05-08
6506/12-11 S,1.0,5236,5226,20.6,0.000,12.000,0.000,690,453000,0.840,0.000,656,2795,9999-12-31,2013-05-08
6506/12-11 S,2.0,5207,5198,19.0,0.000,73.000,0.000,470,173900,0.831,0.775,360,2795,9999-12-31,2013-05-08
6506/12-11 SR,2.0,5207,5198,22.2,0.000,0.000,0.000,740,0,0.834,0.772,386,2977,9999-12-31,2013-05-08
6506/12-3,1.0,4222,4241,25.4,0.000,83.000,0.000,820,372000,0.810,0.803,454,468,9999-12-31,2013-05-08
6506/12-3,2.0,4165,4170,25.4,0.000,10.000,0.000,54,68000,0.820,0.907,1264,468,9999-12-31,2013-05-08
6506/12-3,3.0,3960,3980,25.4,0.000,7.000,0.000,297,445000,0.795,0.755,1500,468,9999-12-31,2013-05-08
6506/12-3,4.0,3881,3890,28.6,0.000,9.000,0.000,790,416000,0.820,0.765,526,468,9999-12-31,2013-05-08
6506/12-3,5.0,3822,3836,9.5,7.000,0.000,23.000,100,29000,0.830,0.797,290,468,9999-12-31,2013-05-08
6506/12-3,6.0,3162,3173,32.0,0.000,14.000,40.000,92,28000,0.785,0.797,304,468,9999-12-31,2013-05-08
6506/12-3,6.1,3162,3173,15.8,0.000,128.000,0.000,329,57000,0.814,0.797,173,468,9999-12-31,2013-05-08
6506/12-4,1.0,3133,3150,12.7,17.000,0.000,0.000,0,0,0.000,0.000,0,475,9999-12-31,2013-05-08
6506/12-5,1.0,4040,4025,19.0,1.000,1.000,10.000,0,0,0.000,0.000,0,852,9999-12-31,2013-05-08
6506/12-5,1.1,4040,4025,19.0,0.000,0.000,0.000,0,0,0.000,0.000,0,852,9999-12-31,2013-05-08
6506/12-5,2.0,4004,4010,19.0,0.000,0.000,41.000,208,55000,0.827,0.000,264,852,9999-12-31,2013-05-08
6506/12-5,2.1,4004,4010,19.0,40.000,16.000,41.000,208,55000,0.827,0.000,264,852,9999-12-31,2013-05-08
6506/12-5,4.0,3174,3178,15.9,45.000,8.000,24.000,590,116000,0.800,0.000,196,852,9999-12-31,2013-05-08
6506/12-6,1.0,4514,4525,9.5,18.000,10.000,0.000,128,41000,0.819,0.765,345,1342,9999-12-31,2013-05-08
6506/12-6,1.1,4549,4592,9.5,18.000,10.000,0.000,128,58000,0.819,0.000,410,1342,9999-12-31,2013-05-08
6506/12-6,1.2,4514,4525,9.5,18.000,10.000,0.000,128,44000,0.819,0.000,345,1342,9999-12-31,2013-05-08
6506/12-6,1.3,4549,4592,9.5,18.000,10.000,0.000,128,44000,0.819,0.000,345,1342,9999-12-31,2013-05-08
6506/12-6,1.4,4514,4525,0.0,18.000,0.000,0.000,0,0,0.000,0.000,0,1342,9999-12-31,2013-05-08
6506/12-6,1.5,4549,4592,0.0,18.000,0.000,0.000,0,0,0.000,0.000,0,1342,9999-12-31,2013-05-08
6506/12-6,1.6,4514,4525,9.5,0.000,6.000,0.000,100,15000,0.819,0.000,153,1342,9999-12-31,2013-05-08
6506/12-6,1.7,4549,4592,9.5,0.000,6.000,0.000,100,15000,0.819,0.000,153,1342,9999-12-31,2013-05-08
6506/12-6,1.8,4514,4525,12.7,18.000,6.000,26.000,155,70000,0.820,0.000,456,1342,9999-12-31,2013-05-08
6506/12-6,1.9,4549,4592,12.7,18.000,6.000,26.000,155,70000,0.820,0.000,456,1342,9999-12-31,2013-05-08
6506/12-6,2.0,4464,4493,6.4,0.000,0.000,0.000,0,0,0.000,0.000,0,1342,9999-12-31,2013-05-08
6506/12-6,2.1,4464,4493,6.4,44.000,36.000,0.000,0,0,0.000,0.000,0,1342,9999-12-31,2013-05-08
6506/12-6,3.0,4312,4352,20.6,0.000,13.000,40.000,376,610000,0.783,0.000,1622,1342,9999-12-31,2013-05-08
6506/12-7,1.0,4741,4748,12.7,0.000,0.000,0.000,520,145000,0.820,0.770,442,300,9999-12-31,2013-05-08
6506/12-7,2.0,4702,4707,7.9,0.000,0.000,0.000,200,145000,0.818,0.785,725,300,9999-12-31,2013-05-08
6506/12-7,3.0,4474,4514,15.9,0.000,0.000,0.000,70,110000,0.790,0.745,1571,300,9999-12-31,2013-05-08
6506/12-7,4.0,4414,4439,0.0,0.000,0.000,0.000,0,0,0.000,0.000,0,300,9999-12-31,2013-05-08
6506/12-8,1.0,4237,4277,22.2,0.000,0.000,0.000,1100,300000,0.810,0.827,273,1068,9999-12-31,2013-05-08
6506/12-8,1.2,4205,4221,11.1,0.000,0.000,0.000,460,115000,0.820,0.820,250,1068,9999-12-31,2013-05-08
6506/12-8,2.0,3915,3955,12.7,0.000,0.000,0.000,610,180000,0.829,0.756,295,1068,9999-12-31,2013-05-08
6506/12-9 S,1.0,4846,4876,17.5,0.000,0.000,0.000,840,444000,0.815,0.832,749,2128,9999-12-31,2013-05-08
6506/12-9 S,2.0,4805,4834,22.2,0.000,0.000,0.000,900,249000,0.850,0.830,390,2128,9999-12-31,2013-05-08
6506/12-9 S,3.0,4742,4751,17.5,0.000,0.000,0.000,567,138000,0.825,0.794,292,2128,9999-12-31,2013-05-08
6506/12-9 S,4.0,4730,4712,0.0,0.000,0.000,0.000,0,0,0.000,0.000,0,2128,9999-12-31,2013-05-08
6506/12-9 S,5.0,4477,4510,43.6,0.000,0.000,0.000,17,33000,0.807,0.781,1379,2128,9999-12-31,2013-05-08
6506/9-1,1.0,5431,5515,6.3,27.000,0.000,40.000,0,180000,0.000,0.000,0,5980,9999-12-31,2013-05-08
6507/11-1,1.0,2396,2402,16.0,14.000,0.000,0.000,0,765000,0.000,0.000,0,68,9999-12-31,2013-05-08
6507/11-3,1.0,2519,2521,25.4,23.000,8.000,23.000,1490,29500,0.847,0.720,198,470,9999-12-31,2013-05-08
6507/11-3,2.0,2496,2509,31.8,24.000,12.000,20.000,0,1480000,0.000,0.690,0,470,9999-12-31,2013-05-08
6507/11-3,3.0,2413,2420,38.1,25.000,10.000,24.000,0,1740000,0.000,0.670,0,470,9999-12-31,2013-05-08
6507/2-2,1.0,3285,3294,25.4,0.000,0.000,0.000,107,676000,0.790,0.630,6317,1840,9999-12-31,2013-05-08
6507/2-2,2.0,2820,2831,25.4,0.000,0.000,0.000,80,865000,0.780,0.640,1081,1840,9999-12-31,2013-05-08
6507/3-1,1.0,3783,3798,0.0,0.000,0.000,0.000,0,0,0.000,0.000,0,1533,9999-12-31,2013-05-08
6507/3-1,2.0,3690,3724,0.0,0.000,0.000,0.000,0,0,0.000,0.000,0,1533,9999-12-31,2013-05-08
6507/3-1,3.0,3611,3636,0.0,0.000,0.000,0.000,0,0,0.000,0.000,0,1533,9999-12-31,2013-05-08
6507/3-1,3.1,3611,3636,25.4,0.000,15.000,0.000,290,905000,0.800,0.710,3121,1533,9999-12-31,2013-05-08
6507/5-1,1.0,3607,3653,15.9,8.000,0.000,37.000,628,109000,0.857,0.700,175,3683,9999-12-31,2013-05-08
6507/5-1,2.1,3430,3442,15.9,19.000,0.000,36.000,178,741000,0.759,0.670,4164,3683,9999-12-31,2013-05-08
6507/5-1,2.2,3430,3514,12.7,22.000,0.000,0.000,148,580000,0.767,0.675,3926,3683,9999-12-31,2013-05-08
6507/5-1,3.0,2993,3001,14.3,18.000,0.000,42.000,925,222000,0.829,0.670,240,3683,9999-12-31,2013-05-08
6507/5-5,1.0,3561,3706,25.0,7.400,0.000,0.000,940,164256,0.855,0.735,176,4428,9999-12-31,2013-05-08
6507/7-1,1.0,4338,4374,12.7,0.000,5.000,64.000,0,30000,0.000,0.650,0,138,9999-12-31,2013-05-08
6507/7-14 S,1.0,4219,4289,14.3,44.000,0.000,0.000,0,1200000,0.000,0.647,22600,6367,9999-12-31,2013-05-08
6507/7-2,1.0,2521,2529,6.1,0.000,1.000,26.000,0,0,0.000,0.000,0,464,9999-12-31,2013-05-08
6507/7-2,2.0,2417,2439,25.4,0.000,0.000,0.000,704,34000,0.922,0.617,48,464,9999-12-31,2013-05-08
6507/7-2,2.1,2417,2439,9.5,0.000,5.000,0.000,208,12000,0.910,0.000,57,464,9999-12-31,2013-05-08
6507/7-2,2.2,2417,2439,9.5,0.000,5.000,0.000,208,12000,0.910,0.000,57,464,9999-12-31,2013-05-08
6507/7-2,2.3,2417,2439,25.4,6.000,3.000,25.000,704,34000,0.920,0.000,49,464,9999-12-31,2013-05-08
6507/7-2,3.0,2357,2376,25.4,0.000,40.000,0.000,489,32000,0.982,0.668,65,464,9999-12-31,2013-05-08
6507/7-2,4.0,2330,2340,22.2,0.000,4.000,25.000,902,68000,0.876,0.660,75,464,9999-12-31,2013-05-08
6507/7-2,5.0,2290,2310,19.1,0.000,12.000,0.000,73,724000,0.754,0.650,9965,464,9999-12-31,2013-05-08
6507/7-2,6.0,2232,2245,19.1,0.000,5.000,0.000,17,45000,0.755,0.650,2632,464,9999-12-31,2013-05-08
6507/7-2,7.0,2203,2222,20.2,0.000,9.000,0.000,96,900000,0.755,0.000,9360,464,9999-12-31,2013-05-08
6507/7-3,1.0,2413,2430,21.0,6.000,5.000,25.000,772,86027,0.870,0.680,112,482,9999-12-31,2013-05-08
6507/7-3,2.0,2385,2400,24.0,6.000,4.000,25.000,870,93021,0.909,0.737,227,482,9999-12-31,2013-05-08
6507/7-3,3.0,2368,2380,25.4,6.000,5.000,25.000,823,89510,0.808,0.745,417,482,9999-12-31,2013-05-08
6507/7-4,1.0,2494,2499,19.1,19.000,5.000,26.000,646,51000,0.897,0.685,80,853,9999-12-31,2013-05-08
6507/7-4,2.0,2470,2477,35.8,6.000,5.000,26.000,875,732000,0.879,0.000,84,853,9999-12-31,2013-05-08
6507/7-4,3.0,2449,2465,60.3,0.000,4.000,25.000,1034,91000,0.897,0.000,88,853,9999-12-31,2013-05-08
6507/7-5,1.0,2417,2424,35.9,4.000,4.000,25.000,774,52000,0.890,0.000,67,879,9999-12-31,2013-05-08
6507/7-5,2.0,2355,2375,35.9,4.000,5.000,25.000,953,85000,0.868,0.000,89,879,9999-12-31,2013-05-08
6507/7-6,1.0,2424,2412,35.9,0.000,4.000,24.000,781,41000,0.918,0.617,59,922,9999-12-31,2013-05-08
6507/7-6,2.0,2349,2365,52.4,0.000,2.000,22.000,628,610000,0.895,0.617,971,922,9999-12-31,2013-05-08
6507/7-8,1.0,2473,2480,7.9,0.000,8.000,0.000,175,0,0.882,0.670,80,1071,9999-12-31,2013-05-08
6507/7-8,2.0,2441,2438,20.6,0.000,8.000,0.000,1145,99000,0.882,0.670,86,1071,9999-12-31,2013-05-08
6507/7-8,2.1,2441,2438,20.6,0.000,8.000,0.000,1145,0,0.887,0.700,86,1071,9999-12-31,2013-05-08
6507/7-8,2.2,2441,2438,20.6,0.000,8.000,0.000,1137,0,0.887,0.700,87,1071,9999-12-31,2013-05-08
6507/8-1,1.0,2444,2463,38.1,3.000,2.000,17.000,715,31460,0.932,0.600,44,933,2012-08-31,2013-05-08
6507/8-1,2.0,2386,2406,19.1,6.000,5.000,0.000,906,50080,0.925,0.000,55,933,2012-08-31,2013-05-08
6507/8-4,1.0,2250,2254,12.7,0.000,0.000,0.000,0,0,0.000,0.000,0,1340,9999-12-31,2013-05-08
6507/8-4,1.1,2250,2254,6.3,0.000,0.000,0.000,0,0,0.000,0.000,0,1340,9999-12-31,2013-05-08
6507/8-4,2.0,2200,2221,12.7,0.000,0.000,0.000,1024,58700,0.900,0.685,59,1340,9999-12-31,2013-05-08
6507/8-4,3.0,2150,2168,19.1,0.000,0.000,0.000,986,45300,0.908,0.635,55,1340,9999-12-31,2013-05-08
6507/8-4,3.1,2163,2168,22.2,0.000,0.000,0.000,1480,70100,0.908,0.634,61,1340,9999-12-31,2013-05-08
6507/8-4,4.0,2126,2135,15.9,0.000,56.000,0.000,16,756777,0.780,0.648,47078,1340,9999-12-31,2013-05-08
6605/8-1,1.0,4184,4211,25.4,0.000,0.000,0.000,2,100000,0.000,0.000,230000,4984,9999-12-31,2013-05-08
6608/10-2,1.0,2715,2720,50.8,0.000,0.000,0.000,0,0,0.000,0.680,0,1782,9999-12-31,2013-05-08
6608/10-2,3.1,2673,2696,72.0,0.000,30.000,0.000,1165,0,0.847,0.660,93,1782,9999-12-31,2013-05-08
6608/10-2,3.2,2605,2610,19.0,0.000,0.000,0.000,0,582600,0.000,0.640,0,1782,9999-12-31,2013-05-08
6608/10-2,3.3,2590,2610,28.0,0.000,0.000,0.000,0,945000,0.000,0.640,0,1782,9999-12-31,2013-05-08
6608/10-3,1.0,2617,2648,23.4,0.000,0.000,0.000,1250,102500,0.860,0.650,82,1732,9999-12-31,2013-05-08
6608/10-3 R,1.0,1810,1842,46.0,0.000,0.000,0.000,0,0,0.000,0.000,0,2645,9999-12-31,2013-05-08
6608/10-4,1.0,2640,2635,0.0,0.000,0.000,0.000,0,0,0.000,0.000,0,2256,9999-12-31,2013-05-08
6608/10-4,2.0,2582,2466,31.7,0.000,40.000,0.000,900,75000,0.858,0.648,83,2256,9999-12-31,2013-05-08
6608/10-4,3.1,2485,2514,0.0,0.000,0.000,0.000,0,0,0.000,0.000,0,2256,9999-12-31,2013-05-08
6608/10-4,3.2,2524,2531,0.0,0.000,0.000,0.000,0,0,0.000,0.000,0,2256,9999-12-31,2013-05-08
6608/10-6 R2,1.0,1810,1842,0.0,0.000,0.000,0.000,42,0,0.000,0.000,0,4386,9999-12-31,2013-05-08
7/11-1,1.0,3124,3162,0.0,0.000,0.000,0.000,0,0,0.000,0.000,0,149,9999-12-31,2013-05-08
7/11-1,2.0,3102,3109,6.3,0.000,0.000,0.000,0,0,0.000,0.000,0,149,9999-12-31,2013-05-08
7/11-1,3.0,2979,2988,15.8,0.000,0.000,0.000,106,167000,0.000,0.000,1575,149,9999-12-31,2013-05-08
7/11-1,4.0,2904,2956,19.0,0.000,0.000,0.000,135,714000,0.000,0.000,5280,149,9999-12-31,2013-05-08
7/11-1,5.0,2877,2882,10.3,0.000,0.000,0.000,76,184000,0.000,0.000,2412,149,9999-12-31,2013-05-08
7/11-2,1.0,3167,3193,0.0,0.000,0.000,0.000,0,0,0.000,0.000,0,156,9999-12-31,2013-05-08
7/11-2,2.0,3028,3107,19.0,0.000,0.000,0.000,221,469000,0.000,0.000,2121,156,9999-12-31,2013-05-08
7/11-2,3.0,2980,2999,0.0,0.000,0.000,0.000,0,0,0.000,0.000,0,156,9999-12-31,2013-05-08
7/11-3,1.0,3241,3247,0.0,0.000,0.000,0.000,0,0,0.000,0.000,0,159,9999-12-31,2013-05-08
7/11-3,2.0,3211,3233,0.0,0.000,0.000,0.000,0,0,0.000,0.000,0,159,9999-12-31,2013-05-08
7/11-3,3.0,3180,3203,0.0,0.000,0.000,0.000,0,0,0.000,0.000,0,159,9999-12-31,2013-05-08
7/11-3,4.0,3161,3173,0.0,0.000,0.000,0.000,0,0,0.000,0.000,0,159,9999-12-31,2013-05-08
7/11-3,5.0,3127,3145,0.0,0.000,0.000,0.000,0,0,0.000,0.000,0,159,9999-12-31,2013-05-08
7/11-3,6.0,3097,3111,0.0,0.000,0.000,0.000,0,0,0.000,0.000,0,159,9999-12-31,2013-05-08
7/11-3,7.0,3087,3093,0.0,0.000,0.000,0.000,14,4400,0.000,0.000,237,159,9999-12-31,2013-05-08
7/11-3,8.0,3037,3046,0.0,0.000,0.000,0.000,0,0,0.000,0.000,0,159,9999-12-31,2013-05-08
7/11-5,1.0,4185,4197,14.3,0.000,0.000,0.000,470,118000,0.828,0.876,251,42,9999-12-31,2013-05-08
7/11-5,2.0,4165,4174,14.3,0.000,0.000,0.000,45,0,0.000,0.000,0,42,9999-12-31,2013-05-08
7/11-7,1.0,4850,4870,0.0,0.000,0.000,0.000,0,0,0.000,0.000,0,57,9999-12-31,2013-05-08
7/11-7,2.0,4625,4789,0.0,0.000,0.000,0.000,0,0,0.000,0.000,0,57,9999-12-31,2013-05-08
7/11-7,3.0,4550,4577,1.6,0.000,0.000,0.000,23,0,0.820,0.000,0,57,9999-12-31,2013-05-08
7/11-9,1.0,4170,4183,44.5,0.000,0.000,0.000,0,0,0.000,0.000,0,856,9999-12-31,2013-05-08
7/12-6,1.0,3544,3612,4.7,0.000,0.000,0.000,160,5720,0.816,0.806,36,281,9999-12-31,2013-05-08
7/12-6,2.0,3434,3511,12.7,0.000,0.000,0.000,1270,84526,0.842,0.840,66,281,9999-12-31,2013-05-08
7/7-2,1.0,3333,3342,9.5,35.000,15.000,0.000,787,15740,0.877,0.840,20,1868,9999-12-31,2013-05-08
7/8-1,1.0,3231,3317,0.0,0.000,0.000,0.000,0,0,0.000,0.000,0,158,9999-12-31,2013-05-08
7/8-1,2.0,2680,2702,25.4,36.600,24.800,0.000,23,0,0.000,0.000,0,158,9999-12-31,2013-05-08
7/8-1,3.0,2529,2544,25.4,37.200,24.100,0.000,19,0,0.000,0.000,0,158,9999-12-31,2013-05-08
7/8-1,4.0,2489,2508,0.0,0.000,0.000,0.000,0,0,0.000,0.000,0,158,9999-12-31,2013-05-08
7/8-3,1.0,3762,3767,50.0,0.000,0.000,0.000,207,6512910,0.882,0.880,31463,28,9999-12-31,2013-05-08
7/8-3,2.0,3734,3741,50.0,0.000,0.000,0.000,66,0,0.882,0.000,0,28,9999-12-31,2013-05-08
7119/12-2,1.0,1395,1415,0.0,0.000,0.000,0.000,0,0,0.000,0.000,0,114,9999-12-31,2013-05-08
7119/12-3,1.0,3185,3195,25.4,0.000,0.000,0.000,17,957000,0.797,0.722,0,17,9999-12-31,2013-05-08
7120/1-1 R2,1.0,2810,2855,25.4,0.000,0.000,0.000,0,0,0.000,0.000,0,897,9999-12-31,2013-05-08
7120/1-1 R2,2.0,2607,2665,6.4,0.000,0.000,0.000,0,0,0.000,0.000,0,897,9999-12-31,2013-05-08
7120/1-2,2.0,1879,1971,12.7,0.000,0.000,0.000,150,0,0.000,0.673,0,1366,9999-12-31,2013-05-08
7120/12-2,1.0,2562,2568,25.1,0.000,0.000,0.000,25,418000,0.755,0.620,16624,122,9999-12-31,2013-05-08
7120/12-2,2.0,1985,1991,68.3,0.000,0.000,0.000,0,0,0.000,0.000,0,122,9999-12-31,2013-05-08
7120/12-2,3.0,1944,1950,23.1,0.000,0.000,0.000,53,758000,0.722,0.630,14425,122,9999-12-31,2013-05-08
7120/2-1,1.0,2157,2177,50.8,0.000,18.060,0.000,0,0,0.000,0.000,0,473,9999-12-31,2013-05-08
7120/2-1,2.0,2120,2140,25.4,0.000,19.840,0.000,0,0,0.000,0.000,0,473,9999-12-31,2013-05-08
7120/2-1,3.0,2048,2108,25.4,0.000,20.220,0.000,0,0,0.000,0.000,0,473,9999-12-31,2013-05-08
7120/2-1,4.0,1944,2031,25.4,0.000,0.000,0.000,5,0,0.839,0.000,0,473,9999-12-31,2013-05-08
7120/6-1,1.0,2459,2465,20.6,0.000,4.000,26.000,0,0,0.000,0.000,0,456,9999-12-31,2013-05-08
7120/6-1,2.0,2432,2436,31.7,6.700,0.000,0.000,1526,178542,0.866,0.705,117,456,9999-12-31,2013-05-08
7120/6-1,3.0,2418,2424,0.0,0.000,0.000,0.000,0,0,0.000,0.000,0,456,9999-12-31,2013-05-08
7120/6-1,4.0,2386,2401,25.4,14.000,0.000,0.000,162,1260360,0.752,0.695,7783,456,9999-12-31,2013-05-08
7120/7-1,1.0,2487,2505,12.0,0.000,0.000,26.700,0,0,0.000,0.000,0,85,9999-12-31,2013-05-08
7120/7-1,2.0,2415,2435,19.0,10.000,14.600,19.000,19,489000,0.780,0.680,26010,85,9999-12-31,2013-05-08
7120/7-2,1.1,2187,2193,0.0,0.000,0.000,0.000,0,0,0.000,0.000,0,18,9999-12-31,2013-05-08
7120/7-2,1.2,2168,2180,0.0,0.000,0.000,0.000,0,0,0.000,0.000,0,18,9999-12-31,2013-05-08
7120/7-2,1.3,2153,2164,25.4,0.000,0.000,0.000,30,702000,0.770,0.680,23400,18,9999-12-31,2013-05-08
7120/8-1,1.0,2165,2172,36.0,0.000,0.000,0.000,48,1049000,0.777,0.662,21854,120,9999-12-31,2013-05-08
7120/8-1,2.0,2133,2138,25.0,0.000,0.000,0.000,27,557000,0.779,0.666,20629,120,9999-12-31,2013-05-08
7120/8-1,3.0,2093,2110,25.0,0.000,0.000,0.000,50,953000,0.780,0.666,19060,120,9999-12-31,2013-05-08
7120/8-2,1.0,2092,2097,17.5,10.000,0.000,17.000,17,470000,0.778,0.679,26880,50,9999-12-31,2013-05-08
7120/9-1,1.0,1935,1936,0.0,0.000,0.000,0.000,0,0,0.000,0.000,0,82,9999-12-31,2013-05-08
7120/9-1,2.0,1858,1864,20.6,0.000,0.000,0.000,11,291000,0.764,0.720,26697,82,9999-12-31,2013-05-08
7121/4-1,1.0,2498,2504,25.4,0.000,0.000,0.000,0,0,0.000,0.000,0,135,9999-12-31,2013-05-08
7121/4-1,2.0,2466,2472,19.1,13.000,0.000,0.000,67,771600,0.850,0.730,11516,135,9999-12-31,2013-05-08
7121/4-1,3.0,2420,2435,12.7,18.000,0.000,0.000,94,89000,0.850,0.730,946,135,9999-12-31,2013-05-08
7121/4-1,4.0,2353,2385,25.4,0.000,0.000,0.000,109,846000,0.760,0.700,7760,135,9999-12-31,2013-05-08
7121/4-2,1.0,2484,2493,16.0,0.000,0.000,0.000,20,527000,0.769,0.647,27300,461,9999-12-31,2013-05-08
7121/5-1,1.1,2802,2820,0.0,0.000,0.000,0.000,0,0,0.000,0.000,0,479,9999-12-31,2013-05-08
7121/5-1,1.2,2436,2439,12.7,3.500,0.000,16.300,229,27190,0.860,0.000,119,479,9999-12-31,2013-05-08
7121/5-1,2.0,2394,2403,0.0,0.000,0.000,0.000,0,0,0.000,0.000,0,479,2012-08-29,2013-05-08
7121/7-1,1.0,1950,1960,67.5,21.000,0.000,20.000,0,0,0.000,0.000,0,130,9999-12-31,2013-05-08
7121/7-1,2.0,1866,1871,24.4,21.000,10.000,18.000,28,501000,0.000,0.000,18000,130,9999-12-31,2013-05-08
7121/7-2,1.0,1882,1899,15.9,0.000,14.000,0.000,28,527000,0.775,0.780,18800,881,9999-12-31,2013-05-08
7122/6-1,1.1,2449,2439,0.0,0.000,0.000,20.500,0,0,0.000,0.000,0,1140,9999-12-31,2013-05-08
7122/6-1,2.2,2434,2424,17.4,25.000,21.000,28.000,69,579393,0.749,0.680,8397,1140,9999-12-31,2013-05-08
7122/7-2,1.0,1078,1136,19.0,0.000,12.600,0.000,685,40415,0.860,0.000,59,4391,9999-12-31,2013-05-08
7128/4-1,1.0,1592,1610,72.0,0.000,0.000,0.000,17,320000,0.000,0.000,18823,2049,9999-12-31,2013-05-08
7128/4-1,2.0,1577,1586,25.4,0.000,30.000,0.000,15,215000,0.797,0.638,14333,2049,9999-12-31,2013-05-08
7128/6-1,1.0,1623,1664,0.0,0.000,0.000,16.000,0,0,0.000,0.000,0,1836,9999-12-31,2013-05-08
7226/11-1,1.0,2935,2951,4.7,0.000,0.000,31.000,1,0,0.000,0.000,0,1177,9999-12-31,2013-05-08
7226/11-1,1.1,2913,2926,4.9,0.000,0.000,38.000,0,14323,0.000,0.620,0,1177,9999-12-31,2013-05-08
7316/5-1,1.0,1338,1350,25.4,0.000,0.000,0.000,0,563000,0.600,0.000,0,1987,9999-12-31,2013-05-08
9/2-1,1.0,3245,3263,12.7,1.000,0.000,35.000,0,0,0.000,0.000,0,1038,9999-12-31,2013-05-08
9/2-1,2.0,3220,3236,12.7,0.000,0.000,28.000,3,0,0.834,0.000,0,1038,9999-12-31,2013-05-08
9/2-1,3.0,3177,3210,14.3,0.000,6.000,28.000,850,20400,0.835,0.803,24,1038,9999-12-31,2013-05-08
9/2-1,3.1,3177,3210,9.5,11.000,8.000,28.000,580,14500,0.825,0.845,25,1038,9999-12-31,2013-05-08
9/2-1,3.2,3177,3210,11.1,11.000,4.000,34.000,660,18480,0.829,0.845,28,1038,9999-12-31,2013-05-08
9/2-3,1.0,3258,3268,12.7,0.000,0.000,0.000,4,0,0.000,0.000,0,1294,9999-12-31,2013-05-08
